"","code.pop","sp.name","presence","date","x","y","precision","source"
"1",7673,"Convolvulus lanuginosus",1,1990-04-12,3.01604284970876,42.9255560370328,500,"cbnmed"
"2",7584,"Convolvulus lanuginosus",1,1990-04-12,3.05675399830708,42.9112886336581,500,"cbnmed"
"3",7618,"Convolvulus lanuginosus",1,1990-04-12,3.05624039276019,42.9115227155258,500,"cbnmed"
"4",13037517,"Convolvulus lanuginosus",1,1990-05-30,5.7716332062227,43.220700672199,500,"cbnmed"
"5",13037509,"Convolvulus lanuginosus",1,1990-05-30,5.7698303711095,43.2216020160727,500,"cbnmed"
"6",8368343,"Convolvulus lanuginosus",1,1990-06-15,5.7658082595155,43.2445129641187,500,"cbnmed"
"7",37570490,"Convolvulus lanuginosus",1,1991-10-20,3.060682,43.096785,500,"cbnmed"
"8",8496160,"Convolvulus lanuginosus",1,1992-01-01,3.06546079725701,43.092268213794,10,"cbnmed"
"9",12874536,"Convolvulus lanuginosus",1,1992-01-12,5.7220238803752,43.1424197532112,500,"cbnmed"
"10",1342045,"Convolvulus lanuginosus",1,1993-01-01,5.66616616796064,43.200794082215,500,"cbnmed"
"11",727143,"Convolvulus lanuginosus",1,1993-01-01,2.7537157846247,42.7842300812574,10,"cbnmed"
"12",8368342,"Convolvulus lanuginosus",1,1993-01-24,5.69411244318991,43.1474228864278,500,"cbnmed"
"13",8368341,"Convolvulus lanuginosus",1,1993-03-07,5.71142980128618,43.1455667181643,500,"cbnmed"
"14",242093,"Convolvulus lanuginosus",1,1993-05-15,3.05735305144268,42.9108656559176,10,"cbnmed"
"15",9310,"Convolvulus lanuginosus",1,1994-03-20,3.09158383032705,43.1357367428724,500,"cbnmed"
"16",273037,"Convolvulus lanuginosus",1,1994-03-20,3.09157204724572,43.1360515599991,500,"cbnmed"
"17",13572,"Convolvulus lanuginosus",1,1994-03-20,3.0944590423858,43.1365437665051,10,"cbnmed"
"18",241913,"Convolvulus lanuginosus",1,1994-03-20,3.09398195439023,43.1377134682245,10,"cbnmed"
"19",19371,"Convolvulus lanuginosus",1,1994-04-17,3.00273973633303,42.8964116846957,500,"cbnmed"
"20",165,"Convolvulus lanuginosus",1,1994-04-17,3.05690102787798,42.9115133748675,500,"cbnmed"
"21",9377,"Convolvulus lanuginosus",1,1994-04-17,3.05397427435433,42.9216677572092,500,"cbnmed"
"22",19353,"Convolvulus lanuginosus",1,1994-04-17,3.0584989441734,42.9189315684465,500,"cbnmed"
"23",12854270,"Convolvulus lanuginosus",1,1994-06-01,5.74012755072929,43.203603233626,500,"cbnmed"
"24",12854378,"Convolvulus lanuginosus",1,1994-06-01,5.76532647737144,43.2360015848263,500,"cbnmed"
"25",758630,"Convolvulus lanuginosus",1,1994-06-12,2.7535699063804,42.7840858777728,10,"cbnmed"
"26",18470,"Convolvulus lanuginosus",1,1995-01-01,3.07052163455139,43.0960605622688,500,"cbnmed"
"27",6635,"Convolvulus lanuginosus",1,1995-08-25,3.01776053945241,42.9002591065736,10,"cbnmed"
"28",1449506,"Convolvulus lanuginosus",1,1996-01-01,5.59571131570455,43.2172178481452,10,"cbnmed"
"29",32327344,"Convolvulus lanuginosus",1,1996-05-22,3.001541,43.067822,500,"cbnmed"
"30",6868,"Convolvulus lanuginosus",1,1996-05-22,3.00049067791919,43.0667179811904,500,"cbnmed"
"31",242243,"Convolvulus lanuginosus",1,1996-05-22,3.00273543718325,43.06476625875,10,"cbnmed"
"32",20442,"Convolvulus lanuginosus",1,1996-05-22,3.00061334844711,43.0668169141817,500,"cbnmed"
"33",6852,"Convolvulus lanuginosus",1,1996-11-10,3.01758598176913,42.929701516243,500,"cbnmed"
"34",1328398,"Convolvulus lanuginosus",1,1997-01-01,5.59423191127949,43.2163354260447,500,"cbnmed"
"35",3926146,"Convolvulus lanuginosus",1,1997-01-01,5.669267111787,43.1941563557765,500,"cbnmed"
"36",8312393,"Convolvulus lanuginosus",1,1997-01-01,5.59423231526918,43.2163444162604,10,"cbnmed"
"37",12966510,"Convolvulus lanuginosus",1,1997-04-22,5.7635281104638,43.1711991102827,500,"cbnmed"
"38",117688,"Convolvulus lanuginosus",1,1998-01-01,3.15347028673794,43.1725534097388,500,"cbnmed"
"39",1341964,"Convolvulus lanuginosus",1,1998-01-01,5.57345804763843,43.1754251407337,500,"cbnmed"
"40",117687,"Convolvulus lanuginosus",1,1998-01-01,3.11372360367017,43.1337278830196,500,"cbnmed"
"41",117686,"Convolvulus lanuginosus",1,1998-01-01,3.09915120145927,43.1296857679505,10,"cbnmed"
"42",117685,"Convolvulus lanuginosus",1,1998-01-01,3.13807497217255,43.1482346148189,10,"cbnmed"
"43",135225,"Convolvulus lanuginosus",1,1998-03-29,2.98201639749472,42.8701070582595,500,"cbnmed"
"44",239664,"Convolvulus lanuginosus",1,1998-03-29,2.98585555582601,42.868569929004,500,"cbnmed"
"45",1522,"Convolvulus lanuginosus",1,1998-04-16,3.08928070552385,43.1474585484114,500,"cbnmed"
"46",170539,"Convolvulus lanuginosus",1,1998-11-01,3.17008975014825,43.1697850851297,500,"cbnmed"
"47",170636,"Convolvulus lanuginosus",1,1998-11-01,3.136252,43.147936,500,"cbnmed"
"48",170635,"Convolvulus lanuginosus",1,1998-11-01,3.09854411837322,43.1265472676498,500,"cbnmed"
"49",170459,"Convolvulus lanuginosus",1,1998-11-01,3.11336699189011,43.1334944022194,500,"cbnmed"
"50",1813,"Convolvulus lanuginosus",1,1998-11-16,3.10906124350782,43.1556434397627,10,"cbnmed"
"51",117689,"Convolvulus lanuginosus",1,1998-12-15,3.1788342196512,43.1760492989283,10,"cbnmed"
"52",170463,"Convolvulus lanuginosus",1,1998-12-15,3.17655411610538,43.1739482726578,500,"cbnmed"
"53",13013193,"Convolvulus lanuginosus",1,1999-03-28,5.72213446509175,43.1585988495764,500,"cbnmed"
"54",13013402,"Convolvulus lanuginosus",1,1999-03-28,5.73743262692836,43.147798501645,500,"cbnmed"
"55",13013277,"Convolvulus lanuginosus",1,1999-03-28,5.72302661983903,43.1397034643788,500,"cbnmed"
"56",18485,"Convolvulus lanuginosus",1,2000-01-01,3.03023635565396,42.8991142506151,500,"cbnmed"
"57",239605,"Convolvulus lanuginosus",1,2000-04-09,3.03098710190059,42.9994405816127,500,"cbnmed"
"58",774,"Convolvulus lanuginosus",1,2000-04-09,3.034136111388,42.9995475498891,500,"cbnmed"
"59",735803,"Convolvulus lanuginosus",1,2000-04-30,2.76112573589875,42.8050270128183,500,"cbnmed"
"60",136351,"Convolvulus lanuginosus",1,2000-05-07,2.90910968638976,42.9445568700068,500,"cbnmed"
"61",239718,"Convolvulus lanuginosus",1,2000-05-07,2.91874705548057,42.9419835923335,500,"cbnmed"
"62",410,"Convolvulus lanuginosus",1,2000-05-07,2.91713128775677,42.9419913516739,10,"cbnmed"
"63",455,"Convolvulus lanuginosus",1,2000-05-08,3.17505526563119,43.1741126211962,500,"cbnmed"
"64",24276570,"Convolvulus lanuginosus",1,2000-05-22,2.95715697728338,42.8598311017196,500,"cbnmed"
"65",242116,"Convolvulus lanuginosus",1,2000-06-01,3.04742832401692,42.9222373953121,500,"cbnmed"
"66",242115,"Convolvulus lanuginosus",1,2000-06-01,3.03101798706219,42.8968928429742,500,"cbnmed"
"67",19224,"Convolvulus lanuginosus",1,2001-01-01,3.11664185606657,43.1435917464676,10,"cbnmed"
"68",12988272,"Convolvulus lanuginosus",1,2001-02-25,5.77972438351917,43.2387010814546,500,"cbnmed"
"69",12988230,"Convolvulus lanuginosus",1,2001-02-25,5.77343238125936,43.2333004331566,500,"cbnmed"
"70",24279833,"Convolvulus lanuginosus",1,2001-04-16,2.96939665460612,42.8620831153167,500,"cbnmed"
"71",1271610,"Convolvulus lanuginosus",1,2001-05-01,5.20681544418763,43.3315989645929,10,"cbnmed"
"72",13077697,"Convolvulus lanuginosus",1,2001-05-07,5.73743606265371,43.1963992611136,500,"cbnmed"
"73",241943,"Convolvulus lanuginosus",1,2001-06-01,3.09923800175759,43.1373309897042,500,"cbnmed"
"74",13003911,"Convolvulus lanuginosus",1,2001-12-27,5.73293572280413,43.2278978578259,500,"cbnmed"
"75",13003921,"Convolvulus lanuginosus",1,2001-12-27,5.73383265801149,43.2315023702217,500,"cbnmed"
"76",12915050,"Convolvulus lanuginosus",1,2002-01-17,5.69422746358184,43.2107982817955,500,"cbnmed"
"77",12914986,"Convolvulus lanuginosus",1,2002-01-17,5.68150920500271,43.2180542575043,500,"cbnmed"
"78",13003269,"Convolvulus lanuginosus",1,2002-01-27,5.68072474051174,43.2054014316766,500,"cbnmed"
"79",13003295,"Convolvulus lanuginosus",1,2002-01-27,5.68882678561342,43.1954976544383,500,"cbnmed"
"80",4780,"Convolvulus lanuginosus",1,2002-05-18,3.0581638122514,42.9141745588269,500,"cbnmed"
"81",6394,"Convolvulus lanuginosus",1,2002-07-01,3.01391549827507,42.9845331008062,10,"cbnmed"
"82",1510917,"Convolvulus lanuginosus",1,2003-03-02,5.77820150313805,43.1607867783856,10,"cbnmed"
"83",1457093,"Convolvulus lanuginosus",1,2003-03-02,5.77902274559506,43.1609906202731,10,"cbnmed"
"84",12945448,"Convolvulus lanuginosus",1,2003-03-02,5.77972595695511,43.1612965018245,500,"cbnmed"
"85",19235,"Convolvulus lanuginosus",1,2004-01-01,3.00347910560207,42.9883830979859,10,"cbnmed"
"86",19236,"Convolvulus lanuginosus",1,2004-01-01,3.01145449921378,42.9904150463217,10,"cbnmed"
"87",19225,"Convolvulus lanuginosus",1,2004-01-01,3.016588295151,42.9928965525461,10,"cbnmed"
"88",19234,"Convolvulus lanuginosus",1,2004-01-01,3.00539061353818,42.9932214589421,10,"cbnmed"
"89",117991,"Convolvulus lanuginosus",1,2004-03-19,3.11026022848196,43.1465666652216,500,"cbnmed"
"90",24286260,"Convolvulus lanuginosus",1,2004-05-24,2.94491398673958,42.8620739542727,500,"cbnmed"
"91",24286343,"Convolvulus lanuginosus",1,2004-05-25,2.76157726893552,42.788403036031,500,"cbnmed"
"92",77321,"Convolvulus lanuginosus",1,2004-05-25,3.05696121016294,42.9105061542531,10,"cbnmed"
"93",24286439,"Convolvulus lanuginosus",1,2004-05-29,2.79511146370102,42.7720610518651,500,"cbnmed"
"94",778288,"Convolvulus lanuginosus",1,2004-06-01,2.74475829307884,42.7975080356867,500,"cbnmed"
"95",1550010,"Convolvulus lanuginosus",1,2004-06-19,5.76401365451363,43.1952265841708,10,"cbnmed"
"96",77359,"Convolvulus lanuginosus",1,2004-06-28,3.05854296113703,42.9140484539418,10,"cbnmed"
"97",77390,"Convolvulus lanuginosus",1,2004-07-02,3.05783194291943,42.9126369733655,10,"cbnmed"
"98",77619,"Convolvulus lanuginosus",1,2004-07-08,3.04922268980825,42.9170657140574,10,"cbnmed"
"99",77459,"Convolvulus lanuginosus",1,2004-07-08,3.05254574751548,42.9251127286752,10,"cbnmed"
"100",77880,"Convolvulus lanuginosus",1,2004-07-12,3.05637426088921,42.9107942319948,10,"cbnmed"
"101",78458,"Convolvulus lanuginosus",1,2004-08-20,3.05073350600636,42.9237826559293,10,"cbnmed"
"102",78730,"Convolvulus lanuginosus",1,2004-08-26,3.05295958176845,42.9226754607963,10,"cbnmed"
"103",78810,"Convolvulus lanuginosus",1,2004-08-28,3.05860795758848,42.9178343855655,10,"cbnmed"
"104",79841,"Convolvulus lanuginosus",1,2004-09-22,3.0530382674363,42.9150495117453,10,"cbnmed"
"105",738126,"Convolvulus lanuginosus",1,2004-11-25,2.94610441835967,42.8632877886113,10,"cbnmed"
"106",19223,"Convolvulus lanuginosus",1,2005-01-01,3.05318471529198,42.9146447639418,500,"cbnmed"
"107",814692,"Convolvulus lanuginosus",1,2005-03-01,2.91446528638481,42.8490144159006,10,"cbnmed"
"108",1536058,"Convolvulus lanuginosus",1,2005-04-27,5.72980684024336,43.2348714579222,10,"cbnmed"
"109",1529264,"Convolvulus lanuginosus",1,2005-04-27,5.72721797199822,43.2342708491918,10,"cbnmed"
"110",1536057,"Convolvulus lanuginosus",1,2005-04-27,5.72823551319233,43.2380883873512,10,"cbnmed"
"111",1536059,"Convolvulus lanuginosus",1,2005-04-27,5.7256613253407,43.2370193353172,10,"cbnmed"
"112",1722305,"Convolvulus lanuginosus",1,2005-04-27,5.72976521325042,43.2373746744024,10,"cbnmed"
"113",13007019,"Convolvulus lanuginosus",1,2005-04-27,5.72843243340126,43.2360042743322,500,"cbnmed"
"114",1449373,"Convolvulus lanuginosus",1,2005-04-28,5.61413985517124,43.2219930638734,10,"cbnmed"
"115",1449368,"Convolvulus lanuginosus",1,2005-04-28,5.61460274880492,43.2210728475955,10,"cbnmed"
"116",1449418,"Convolvulus lanuginosus",1,2005-05-01,5.5941282064846,43.215122929344,10,"cbnmed"
"117",1566815,"Convolvulus lanuginosus",1,2005-05-06,5.7084256788491,43.1630300719907,10,"cbnmed"
"118",24288847,"Convolvulus lanuginosus",1,2005-05-14,2.72150018953294,42.7796916055395,10,"cbnmed"
"119",12904520,"Convolvulus lanuginosus",1,2005-05-15,5.73743609754335,43.2387015463982,500,"cbnmed"
"120",1567760,"Convolvulus lanuginosus",1,2005-05-15,5.72585534471079,43.2406056733288,500,"cbnmed"
"121",11738,"Convolvulus lanuginosus",1,2005-05-25,3.00554981363965,42.9925109723636,10,"cbnmed"
"122",11792,"Convolvulus lanuginosus",1,2005-05-25,3.00714249200548,42.992645779344,10,"cbnmed"
"123",1449332,"Convolvulus lanuginosus",1,2005-07-01,5.59111402626559,43.2178773140612,10,"cbnmed"
"124",1449331,"Convolvulus lanuginosus",1,2005-07-01,5.59192451955874,43.2178398528781,10,"cbnmed"
"125",789272,"Convolvulus lanuginosus",1,2005-07-04,2.91147787310014,42.8445968022725,10,"cbnmed"
"126",1723430,"Convolvulus lanuginosus",1,2005-09-03,5.70073523621072,43.1634209680934,10,"cbnmed"
"127",1595325,"Convolvulus lanuginosus",1,2005-11-12,5.6866922373621,43.1578138680622,10,"cbnmed"
"128",1595326,"Convolvulus lanuginosus",1,2005-11-12,5.68795714365601,43.1575213447205,10,"cbnmed"
"129",1589500,"Convolvulus lanuginosus",1,2005-11-12,5.69341975925076,43.159724989197,10,"cbnmed"
"130",1595322,"Convolvulus lanuginosus",1,2005-11-12,5.69340496561098,43.1596713593877,10,"cbnmed"
"131",1595324,"Convolvulus lanuginosus",1,2005-11-12,5.6855077514511,43.1574563841446,10,"cbnmed"
"132",1589516,"Convolvulus lanuginosus",1,2005-11-12,5.69173077305014,43.1604151597988,10,"cbnmed"
"133",1595327,"Convolvulus lanuginosus",1,2005-11-12,5.68999086921913,43.1573716247251,10,"cbnmed"
"134",1595329,"Convolvulus lanuginosus",1,2005-11-12,5.69445562919134,43.1584751221555,10,"cbnmed"
"135",1589496,"Convolvulus lanuginosus",1,2005-11-12,5.69583228159519,43.158206712675,10,"cbnmed"
"136",1589555,"Convolvulus lanuginosus",1,2005-11-12,5.69043095220997,43.15863862537,10,"cbnmed"
"137",1595328,"Convolvulus lanuginosus",1,2005-11-12,5.69036788144287,43.1586041996761,10,"cbnmed"
"138",1595323,"Convolvulus lanuginosus",1,2005-11-12,5.68664107390922,43.1590931228438,10,"cbnmed"
"139",1589550,"Convolvulus lanuginosus",1,2005-11-12,5.69002268470362,43.1572628325792,10,"cbnmed"
"140",1595321,"Convolvulus lanuginosus",1,2005-11-12,5.69591015076684,43.1582947645676,10,"cbnmed"
"141",1589520,"Convolvulus lanuginosus",1,2005-11-12,5.68664270273621,43.1578061025446,10,"cbnmed"
"142",1590986,"Convolvulus lanuginosus",1,2005-12-03,5.6903496078082,43.1579476650496,500,"cbnmed"
"143",1592590,"Convolvulus lanuginosus",1,2005-12-27,5.71040770067598,43.1465734074981,500,"cbnmed"
"144",19188,"Convolvulus lanuginosus",1,2006-01-01,2.9895248481693,42.9943812333211,10,"cbnmed"
"145",19190,"Convolvulus lanuginosus",1,2006-01-01,3.0107929174389,42.9902082670291,10,"cbnmed"
"146",24054,"Convolvulus lanuginosus",1,2006-01-01,3.05718247522866,42.911576174745,500,"cbnmed"
"147",19189,"Convolvulus lanuginosus",1,2006-01-01,3.00848979347196,42.9903343807668,10,"cbnmed"
"148",23951,"Convolvulus lanuginosus",1,2006-01-01,3.02997839286597,42.8969830646126,500,"cbnmed"
"149",19192,"Convolvulus lanuginosus",1,2006-01-01,2.99003929956908,42.9950647815748,10,"cbnmed"
"150",19191,"Convolvulus lanuginosus",1,2006-01-01,3.00463115139519,42.9947773537847,10,"cbnmed"
"151",778293,"Convolvulus lanuginosus",1,2006-02-05,2.76424142756118,42.7654611263256,10,"cbnmed"
"152",1415795,"Convolvulus lanuginosus",1,2006-04-26,5.63648704708246,43.1995883943858,10,"cbnmed"
"153",1415726,"Convolvulus lanuginosus",1,2006-04-26,5.63636416396009,43.1995913970919,10,"cbnmed"
"154",1347587,"Convolvulus lanuginosus",1,2006-04-26,5.63636826825955,43.1996812964559,10,"cbnmed"
"155",1347588,"Convolvulus lanuginosus",1,2006-04-26,5.63587632452413,43.1996843159623,10,"cbnmed"
"156",1347586,"Convolvulus lanuginosus",1,2006-04-26,5.63661441960636,43.199414282493,10,"cbnmed"
"157",1415883,"Convolvulus lanuginosus",1,2006-04-26,5.63647473368766,43.1993186963466,10,"cbnmed"
"158",1402430,"Convolvulus lanuginosus",1,2006-04-26,5.63590133395535,43.1999627038793,10,"cbnmed"
"159",1415894,"Convolvulus lanuginosus",1,2006-04-26,5.63576246856571,43.1998850966488,10,"cbnmed"
"160",1347589,"Convolvulus lanuginosus",1,2006-04-26,5.63590092359549,43.1999537139388,10,"cbnmed"
"161",1347591,"Convolvulus lanuginosus",1,2006-04-26,5.63577434660452,43.1998758065125,10,"cbnmed"
"162",1347585,"Convolvulus lanuginosus",1,2006-04-26,5.63528734388044,43.2002567010856,10,"cbnmed"
"163",1415788,"Convolvulus lanuginosus",1,2006-04-26,5.6366021313324,43.1994145827843,10,"cbnmed"
"164",1422405,"Convolvulus lanuginosus",1,2006-04-27,5.59278274553738,43.2174952412526,10,"cbnmed"
"165",1345296,"Convolvulus lanuginosus",1,2006-04-27,5.59198499146778,43.218090398637,10,"cbnmed"
"166",1345301,"Convolvulus lanuginosus",1,2006-04-27,5.58965158172552,43.2162744299068,10,"cbnmed"
"167",1345307,"Convolvulus lanuginosus",1,2006-04-27,5.58969773355252,43.2164803204114,10,"cbnmed"
"168",1345285,"Convolvulus lanuginosus",1,2006-04-27,5.59280813778382,43.2175126310966,10,"cbnmed"
"169",1345297,"Convolvulus lanuginosus",1,2006-04-27,5.58993733415368,43.2166095695214,10,"cbnmed"
"170",1422407,"Convolvulus lanuginosus",1,2006-04-27,5.5896507751734,43.2162564494421,10,"cbnmed"
"171",1422403,"Convolvulus lanuginosus",1,2006-04-27,5.58971042898623,43.2164890156898,10,"cbnmed"
"172",1422404,"Convolvulus lanuginosus",1,2006-04-27,5.59198579877227,43.2181083791106,10,"cbnmed"
"173",1422408,"Convolvulus lanuginosus",1,2006-04-27,5.58992544530151,43.2166188547364,10,"cbnmed"
"174",1652968,"Convolvulus lanuginosus",1,2006-05-27,5.73501412991013,43.2218868643736,10,"cbnmed"
"175",1345310,"Convolvulus lanuginosus",1,2006-06-09,5.59319054009899,43.2167114499764,10,"cbnmed"
"176",1345311,"Convolvulus lanuginosus",1,2006-06-09,5.59153780419225,43.2177231403592,10,"cbnmed"
"177",1422409,"Convolvulus lanuginosus",1,2006-06-09,5.59153820777225,43.217732130595,10,"cbnmed"
"178",1422406,"Convolvulus lanuginosus",1,2006-06-09,5.59319134775954,43.2167294304211,10,"cbnmed"
"179",1629401,"Convolvulus lanuginosus",1,2006-06-29,5.71264138486799,43.21511615577,500,"cbnmed"
"180",13025126,"Convolvulus lanuginosus",1,2006-06-29,5.71403050722699,43.219797436169,500,"cbnmed"
"181",24297062,"Convolvulus lanuginosus",1,2006-09-27,2.76153278933339,42.799989180175,500,"cbnmed"
"182",24296988,"Convolvulus lanuginosus",1,2006-09-27,2.77191391820887,42.7970304762331,10,"cbnmed"
"183",1617417,"Convolvulus lanuginosus",1,2006-10-20,5.81382980775941,43.2347302173513,500,"cbnmed"
"184",1617540,"Convolvulus lanuginosus",1,2006-10-22,5.82596931724046,43.2143951231125,10,"cbnmed"
"185",1617446,"Convolvulus lanuginosus",1,2006-10-22,5.80646846253789,43.2400523625047,10,"cbnmed"
"186",1618769,"Convolvulus lanuginosus",1,2006-11-03,5.7297741548342,43.1459587217595,10,"cbnmed"
"187",1620340,"Convolvulus lanuginosus",1,2006-11-26,5.80188079249956,43.2175794508614,500,"cbnmed"
"188",1620655,"Convolvulus lanuginosus",1,2006-12-03,5.72415189594452,43.1854852067551,10,"cbnmed"
"189",20496003,"Convolvulus lanuginosus",1,2007-03-09,2.92417664672285,42.871061962438,500,"cbnmed"
"190",1408756,"Convolvulus lanuginosus",1,2007-04-13,5.59281679613646,43.2174314237245,10,"cbnmed"
"191",1415764,"Convolvulus lanuginosus",1,2007-04-13,5.59057996832228,43.216945142695,10,"cbnmed"
"192",1415807,"Convolvulus lanuginosus",1,2007-04-13,5.59222236353319,43.2178956991131,10,"cbnmed"
"193",1405183,"Convolvulus lanuginosus",1,2007-04-13,5.59765726335552,43.2156140393173,10,"cbnmed"
"194",1415776,"Convolvulus lanuginosus",1,2007-04-13,5.58946882705459,43.2168638091342,10,"cbnmed"
"195",1406501,"Convolvulus lanuginosus",1,2007-04-13,5.59186569938352,43.2181742628579,10,"cbnmed"
"196",1415767,"Convolvulus lanuginosus",1,2007-04-13,5.59898119354337,43.214682171253,10,"cbnmed"
"197",1415722,"Convolvulus lanuginosus",1,2007-04-13,5.59401371180704,43.2166826680138,10,"cbnmed"
"198",1413076,"Convolvulus lanuginosus",1,2007-04-13,5.59909072688661,43.2173885161357,10,"cbnmed"
"199",1405149,"Convolvulus lanuginosus",1,2007-04-13,5.58946136000069,43.2164229926544,10,"cbnmed"
"200",1415716,"Convolvulus lanuginosus",1,2007-04-13,5.59931592849778,43.2169240950438,10,"cbnmed"
"201",1408491,"Convolvulus lanuginosus",1,2007-04-13,5.59961602002892,43.21511687821,10,"cbnmed"
"202",1415899,"Convolvulus lanuginosus",1,2007-04-13,5.59498132461066,43.2163084095125,10,"cbnmed"
"203",1412713,"Convolvulus lanuginosus",1,2007-04-13,5.59147271005174,43.2176437040419,10,"cbnmed"
"204",1415909,"Convolvulus lanuginosus",1,2007-04-13,5.59927140288974,43.2159351733261,10,"cbnmed"
"205",1415834,"Convolvulus lanuginosus",1,2007-04-13,5.59897294898738,43.2147723691274,10,"cbnmed"
"206",1415753,"Convolvulus lanuginosus",1,2007-04-13,5.59951334212572,43.2155693484171,10,"cbnmed"
"207",1415783,"Convolvulus lanuginosus",1,2007-04-13,5.60009135143732,43.2150154280447,10,"cbnmed"
"208",117816,"Convolvulus lanuginosus",1,2007-04-19,3.10008465947454,43.1297748498618,10,"cbnmed"
"209",117857,"Convolvulus lanuginosus",1,2007-04-19,3.10975955049613,43.1416561503399,10,"cbnmed"
"210",1752914,"Convolvulus lanuginosus",1,2007-04-22,5.69263459908599,43.1608155875401,10,"cbnmed"
"211",1753858,"Convolvulus lanuginosus",1,2007-04-22,5.6918777105873,43.1604024915725,10,"cbnmed"
"212",1753827,"Convolvulus lanuginosus",1,2007-04-22,5.69043444204618,43.1584495409428,10,"cbnmed"
"213",1753303,"Convolvulus lanuginosus",1,2007-04-22,5.6851035420686,43.1572234556553,10,"cbnmed"
"214",1753930,"Convolvulus lanuginosus",1,2007-04-22,5.686589824579,43.1577264214956,10,"cbnmed"
"215",1753896,"Convolvulus lanuginosus",1,2007-04-22,5.68406259086546,43.1562503931021,10,"cbnmed"
"216",1752008,"Convolvulus lanuginosus",1,2007-04-22,5.69235619956958,43.1603815446853,10,"cbnmed"
"217",1753885,"Convolvulus lanuginosus",1,2007-04-22,5.69062561289724,43.1572747874161,10,"cbnmed"
"218",1753861,"Convolvulus lanuginosus",1,2007-04-22,5.69238984130363,43.1608396993445,10,"cbnmed"
"219",1753872,"Convolvulus lanuginosus",1,2007-04-22,5.68444782874445,43.1563398000445,10,"cbnmed"
"220",1753897,"Convolvulus lanuginosus",1,2007-04-22,5.69149605727801,43.1598630259795,10,"cbnmed"
"221",1753842,"Convolvulus lanuginosus",1,2007-04-22,5.68545086150655,43.1570258086036,10,"cbnmed"
"222",1753868,"Convolvulus lanuginosus",1,2007-04-22,5.69054467799202,43.1581767939622,10,"cbnmed"
"223",1753903,"Convolvulus lanuginosus",1,2007-04-22,5.68520152183507,43.1569510202105,10,"cbnmed"
"224",1753942,"Convolvulus lanuginosus",1,2007-04-22,5.68676277240744,43.1588020947151,10,"cbnmed"
"225",1753882,"Convolvulus lanuginosus",1,2007-04-22,5.69016374613265,43.1579163031807,10,"cbnmed"
"226",1753907,"Convolvulus lanuginosus",1,2007-04-22,5.69113213686982,43.1602321052653,10,"cbnmed"
"227",1753921,"Convolvulus lanuginosus",1,2007-04-22,5.69121306548598,43.1593300967656,10,"cbnmed"
"228",1753869,"Convolvulus lanuginosus",1,2007-04-22,5.68507455488548,43.1568641838902,10,"cbnmed"
"229",1753952,"Convolvulus lanuginosus",1,2007-04-24,5.68890194570921,43.1572187903353,10,"cbnmed"
"230",1753932,"Convolvulus lanuginosus",1,2007-04-24,5.69216233556383,43.1585954078165,10,"cbnmed"
"231",1753910,"Convolvulus lanuginosus",1,2007-04-24,5.69438027694516,43.1584410056789,10,"cbnmed"
"232",1753864,"Convolvulus lanuginosus",1,2007-04-24,5.68732368527229,43.1547381840249,10,"cbnmed"
"233",1753834,"Convolvulus lanuginosus",1,2007-04-24,5.69018048622476,43.158275880267,10,"cbnmed"
"234",1753879,"Convolvulus lanuginosus",1,2007-04-24,5.70592012718673,43.1583590047566,10,"cbnmed"
"235",1753832,"Convolvulus lanuginosus",1,2007-04-24,5.68415172740882,43.1552581928491,10,"cbnmed"
"236",1753934,"Convolvulus lanuginosus",1,2007-04-24,5.68987748239628,43.1541435071523,10,"cbnmed"
"237",1753900,"Convolvulus lanuginosus",1,2007-04-24,5.68891449472078,43.1574884731336,10,"cbnmed"
"238",1753796,"Convolvulus lanuginosus",1,2007-04-24,5.6957272205306,43.158326338121,10,"cbnmed"
"239",1753890,"Convolvulus lanuginosus",1,2007-04-24,5.69079905307386,43.1583594431931,10,"cbnmed"
"240",1753917,"Convolvulus lanuginosus",1,2007-04-24,5.68858123015278,43.1553458197864,10,"cbnmed"
"241",1753170,"Convolvulus lanuginosus",1,2007-04-24,5.69451636028818,43.1589865982022,10,"cbnmed"
"242",1753894,"Convolvulus lanuginosus",1,2007-04-24,5.68781456080457,43.1544559523116,10,"cbnmed"
"243",1753862,"Convolvulus lanuginosus",1,2007-04-24,5.69388101795858,43.1585434798588,10,"cbnmed"
"244",1753870,"Convolvulus lanuginosus",1,2007-04-24,5.68889776273137,43.1571288960821,10,"cbnmed"
"245",1753947,"Convolvulus lanuginosus",1,2007-04-24,5.69486407737053,43.1587979099707,10,"cbnmed"
"246",1753333,"Convolvulus lanuginosus",1,2007-04-24,5.6934485085639,43.1598142699625,10,"cbnmed"
"247",1753916,"Convolvulus lanuginosus",1,2007-04-24,5.68901191610348,43.1566760562813,10,"cbnmed"
"248",1753875,"Convolvulus lanuginosus",1,2007-04-24,5.69511313856723,43.1586026868163,10,"cbnmed"
"249",1753850,"Convolvulus lanuginosus",1,2007-04-24,5.69179772517268,43.1586855101921,10,"cbnmed"
"250",1752827,"Convolvulus lanuginosus",1,2007-04-24,5.69485120260334,43.1582582383301,10,"cbnmed"
"251",1753915,"Convolvulus lanuginosus",1,2007-04-24,5.6953549505595,43.1585156430042,10,"cbnmed"
"252",1753892,"Convolvulus lanuginosus",1,2007-04-24,5.688881975942,43.1536193505524,10,"cbnmed"
"253",1753909,"Convolvulus lanuginosus",1,2007-04-24,5.69412660363723,43.1585373435459,10,"cbnmed"
"254",1753886,"Convolvulus lanuginosus",1,2007-04-24,5.68840825882871,43.154270152519,10,"cbnmed"
"255",1753824,"Convolvulus lanuginosus",1,2007-04-24,5.68404171408294,43.1558009213182,10,"cbnmed"
"256",1753889,"Convolvulus lanuginosus",1,2007-04-24,5.69464724136971,43.158893328343,10,"cbnmed"
"257",1753828,"Convolvulus lanuginosus",1,2007-04-24,5.69203535454658,43.1585085795741,10,"cbnmed"
"258",1753823,"Convolvulus lanuginosus",1,2007-04-24,5.68876215506154,43.1565922867203,10,"cbnmed"
"259",1753926,"Convolvulus lanuginosus",1,2007-04-24,5.68852267852595,43.1540873025782,10,"cbnmed"
"260",1753821,"Convolvulus lanuginosus",1,2007-04-24,5.68900879359976,43.1539671810176,10,"cbnmed"
"261",1753908,"Convolvulus lanuginosus",1,2007-04-24,5.69141678431453,43.1584250237279,10,"cbnmed"
"262",1753820,"Convolvulus lanuginosus",1,2007-04-24,5.68869899744793,43.1552348847943,10,"cbnmed"
"263",1753866,"Convolvulus lanuginosus",1,2007-04-24,5.68917262671717,43.1577520309605,10,"cbnmed"
"264",1753831,"Convolvulus lanuginosus",1,2007-04-24,5.6946098101235,43.1583542704064,10,"cbnmed"
"265",1415821,"Convolvulus lanuginosus",1,2007-04-25,5.21028171964917,43.3326171021205,10,"cbnmed"
"266",1412641,"Convolvulus lanuginosus",1,2007-04-25,5.20530570238586,43.3314497751799,10,"cbnmed"
"267",1414067,"Convolvulus lanuginosus",1,2007-04-25,5.20813240467334,43.3312211051069,10,"cbnmed"
"268",1415892,"Convolvulus lanuginosus",1,2007-04-25,5.20923072039467,43.3309286909278,10,"cbnmed"
"269",1414683,"Convolvulus lanuginosus",1,2007-04-25,5.20812895901552,43.3311311814926,10,"cbnmed"
"270",1402990,"Convolvulus lanuginosus",1,2007-04-25,5.20553975361106,43.3314450019545,10,"cbnmed"
"271",1415797,"Convolvulus lanuginosus",1,2007-04-25,5.20946442440639,43.3309149168561,10,"cbnmed"
"272",1415872,"Convolvulus lanuginosus",1,2007-04-25,5.2084950649288,43.3310337113498,10,"cbnmed"
"273",1415921,"Convolvulus lanuginosus",1,2007-04-25,5.20885195333441,43.3310174228082,10,"cbnmed"
"274",1415819,"Convolvulus lanuginosus",1,2007-04-25,5.21015128981816,43.3324307801602,10,"cbnmed"
"275",1415762,"Convolvulus lanuginosus",1,2007-04-25,5.20861824876075,43.3310311955577,10,"cbnmed"
"276",1753854,"Convolvulus lanuginosus",1,2007-04-26,5.70218373336561,43.16258368225,10,"cbnmed"
"277",1753939,"Convolvulus lanuginosus",1,2007-04-26,5.69932602897673,43.1622052635508,10,"cbnmed"
"278",1753951,"Convolvulus lanuginosus",1,2007-04-26,5.7000968568996,43.1629149588118,10,"cbnmed"
"279",1753936,"Convolvulus lanuginosus",1,2007-04-26,5.69919860933392,43.1621094540652,10,"cbnmed"
"280",1753837,"Convolvulus lanuginosus",1,2007-04-26,5.70231107115895,43.1629404890294,10,"cbnmed"
"281",1753833,"Convolvulus lanuginosus",1,2007-04-26,5.70687772898717,43.1491460671919,10,"cbnmed"
"282",1753935,"Convolvulus lanuginosus",1,2007-04-26,5.70339211767823,43.1563524402745,10,"cbnmed"
"283",1753905,"Convolvulus lanuginosus",1,2007-04-26,5.7100944092196,43.1634831422864,10,"cbnmed"
"284",1753958,"Convolvulus lanuginosus",1,2007-04-26,5.70073103438083,43.1633310738454,10,"cbnmed"
"285",1753922,"Convolvulus lanuginosus",1,2007-04-26,5.71040917042199,43.145556386411,10,"cbnmed"
"286",1753946,"Convolvulus lanuginosus",1,2007-04-26,5.70985723628356,43.163669102795,10,"cbnmed"
"287",1753856,"Convolvulus lanuginosus",1,2007-04-26,5.70577698727653,43.1492636996443,10,"cbnmed"
"288",1753865,"Convolvulus lanuginosus",1,2007-04-26,5.70410310385048,43.1560466132052,10,"cbnmed"
"289",134563,"Convolvulus lanuginosus",1,2007-04-27,3.00218077493715,42.9939320508249,500,"cbnmed"
"290",239618,"Convolvulus lanuginosus",1,2007-04-27,3.00492524853916,42.9954338600815,500,"cbnmed"
"291",22701,"Convolvulus lanuginosus",1,2007-04-27,3.01058474324043,42.9906939302256,10,"cbnmed"
"292",22887,"Convolvulus lanuginosus",1,2007-04-27,3.00563583030133,42.995164022678,10,"cbnmed"
"293",22678,"Convolvulus lanuginosus",1,2007-04-27,3.00942089252891,42.9905771245016,10,"cbnmed"
"294",239644,"Convolvulus lanuginosus",1,2007-04-27,2.96853536411651,42.9537096543522,500,"cbnmed"
"295",23346,"Convolvulus lanuginosus",1,2007-04-27,2.96676094680714,42.9522702263341,10,"cbnmed"
"296",134957,"Convolvulus lanuginosus",1,2007-04-27,2.96521583173721,42.9564875006662,500,"cbnmed"
"297",24302927,"Convolvulus lanuginosus",1,2007-04-28,2.93268244091489,42.8530621011069,500,"cbnmed"
"298",24302912,"Convolvulus lanuginosus",1,2007-04-28,2.91737859994782,42.8598091623626,500,"cbnmed"
"299",1415810,"Convolvulus lanuginosus",1,2007-05-09,5.18186729993506,43.334957981901,10,"cbnmed"
"300",1415801,"Convolvulus lanuginosus",1,2007-05-09,5.18149982608099,43.3346954148591,10,"cbnmed"
"301",1415761,"Convolvulus lanuginosus",1,2007-05-09,5.18211238484319,43.3345930634979,10,"cbnmed"
"302",1415719,"Convolvulus lanuginosus",1,2007-05-09,5.18273175389049,43.3346705579826,10,"cbnmed"
"303",1415820,"Convolvulus lanuginosus",1,2007-05-09,5.18293987452185,43.3343063836952,10,"cbnmed"
"304",1415837,"Convolvulus lanuginosus",1,2007-05-09,5.18333102223848,43.3342174936246,10,"cbnmed"
"305",1415917,"Convolvulus lanuginosus",1,2007-05-09,5.18149220905681,43.3351455354331,10,"cbnmed"
"306",1415941,"Convolvulus lanuginosus",1,2007-05-09,5.18235326203408,43.3347681897897,10,"cbnmed"
"307",1415731,"Convolvulus lanuginosus",1,2007-05-09,5.18238697855129,43.3356584444003,10,"cbnmed"
"308",1415734,"Convolvulus lanuginosus",1,2007-05-15,5.59223043731256,43.2180755038145,10,"cbnmed"
"309",114119,"Convolvulus lanuginosus",1,2007-05-18,3.09812609217906,43.126241838694,500,"cbnmed"
"310",117902,"Convolvulus lanuginosus",1,2007-05-22,3.00633390309493,42.9926008630124,500,"cbnmed"
"311",1415895,"Convolvulus lanuginosus",1,2007-05-23,5.18270791046431,43.3340410855158,10,"cbnmed"
"312",1415766,"Convolvulus lanuginosus",1,2007-05-23,5.1834300221126,43.3335765419395,10,"cbnmed"
"313",1415888,"Convolvulus lanuginosus",1,2007-05-23,5.18330848172322,43.3339479685291,10,"cbnmed"
"314",1415826,"Convolvulus lanuginosus",1,2007-05-23,5.20953880386062,43.3325332901205,10,"cbnmed"
"315",1415849,"Convolvulus lanuginosus",1,2007-05-23,5.18318738894857,43.3336804330543,10,"cbnmed"
"316",1415793,"Convolvulus lanuginosus",1,2007-05-23,5.18294197407373,43.3340363611771,10,"cbnmed"
"317",1411771,"Convolvulus lanuginosus",1,2007-05-23,5.21089075513227,43.3324246643317,10,"cbnmed"
"318",1415824,"Convolvulus lanuginosus",1,2007-05-23,5.21065128103026,43.3326095482103,10,"cbnmed"
"319",1415897,"Convolvulus lanuginosus",1,2007-05-23,5.18244580277765,43.3339563819417,10,"cbnmed"
"320",1415743,"Convolvulus lanuginosus",1,2007-05-25,5.61722115423462,43.2210093863276,10,"cbnmed"
"321",1415861,"Convolvulus lanuginosus",1,2007-05-25,5.61746293721438,43.2209135226463,10,"cbnmed"
"322",1415867,"Convolvulus lanuginosus",1,2007-05-25,5.63661444534242,43.1996842808298,10,"cbnmed"
"323",1415814,"Convolvulus lanuginosus",1,2007-05-25,5.61205541449031,43.2180835194643,10,"cbnmed"
"324",1415878,"Convolvulus lanuginosus",1,2007-05-25,5.61819684409827,43.2208147216977,10,"cbnmed"
"325",1415823,"Convolvulus lanuginosus",1,2007-05-25,5.6156845067039,43.222675645676,10,"cbnmed"
"326",1415876,"Convolvulus lanuginosus",1,2007-05-25,5.61275412809046,43.2229176209845,10,"cbnmed"
"327",1415908,"Convolvulus lanuginosus",1,2007-05-25,5.61302127435215,43.2203911440301,10,"cbnmed"
"328",1415760,"Convolvulus lanuginosus",1,2007-05-25,5.61248837991581,43.2197650425468,10,"cbnmed"
"329",1415775,"Convolvulus lanuginosus",1,2007-05-25,5.61739812432838,43.2194840878,10,"cbnmed"
"330",1415745,"Convolvulus lanuginosus",1,2007-05-25,5.61882413343386,43.2210785047792,10,"cbnmed"
"331",1415727,"Convolvulus lanuginosus",1,2007-05-25,5.61150130085011,43.2197079305008,10,"cbnmed"
"332",1415840,"Convolvulus lanuginosus",1,2007-05-25,5.61784844122791,43.2212731751186,10,"cbnmed"
"333",1415721,"Convolvulus lanuginosus",1,2007-05-25,5.61771287292213,43.220997461637,10,"cbnmed"
"334",1415868,"Convolvulus lanuginosus",1,2007-05-25,5.61774962689831,43.2215365732574,10,"cbnmed"
"335",1415875,"Convolvulus lanuginosus",1,2007-05-25,5.61619267749377,43.2224833284643,10,"cbnmed"
"336",1415829,"Convolvulus lanuginosus",1,2007-05-25,5.6362419311858,43.2023033760123,10,"cbnmed"
"337",1415887,"Convolvulus lanuginosus",1,2007-05-25,5.61712333356804,43.2188517490517,10,"cbnmed"
"338",1415851,"Convolvulus lanuginosus",1,2007-05-25,5.63589273878827,43.2000439135574,10,"cbnmed"
"339",1415733,"Convolvulus lanuginosus",1,2007-05-25,5.61551276463522,43.2213298004007,10,"cbnmed"
"340",1415882,"Convolvulus lanuginosus",1,2007-05-25,5.61237455285089,43.2169777947829,10,"cbnmed"
"341",1415836,"Convolvulus lanuginosus",1,2007-05-25,5.61194021916204,43.218257307485,10,"cbnmed"
"342",1415916,"Convolvulus lanuginosus",1,2007-05-25,5.61755733098027,43.2202812303077,10,"cbnmed"
"343",1415822,"Convolvulus lanuginosus",1,2007-05-25,5.61533688382562,43.2201640574376,10,"cbnmed"
"344",1415879,"Convolvulus lanuginosus",1,2007-05-25,5.61569272628476,43.222585445958,10,"cbnmed"
"345",1415880,"Convolvulus lanuginosus",1,2007-05-25,5.61539757323611,43.2215035925605,10,"cbnmed"
"346",1415854,"Convolvulus lanuginosus",1,2007-05-25,5.61418454945957,43.2218929809163,10,"cbnmed"
"347",1415751,"Convolvulus lanuginosus",1,2007-05-25,5.61516841022094,43.221878147114,10,"cbnmed"
"348",1415763,"Convolvulus lanuginosus",1,2007-05-25,5.61230451645804,43.2181494904607,10,"cbnmed"
"349",1415811,"Convolvulus lanuginosus",1,2007-05-25,5.61215750320686,43.2178920485384,10,"cbnmed"
"350",1415858,"Convolvulus lanuginosus",1,2007-05-25,5.61376275409795,43.2210031923978,10,"cbnmed"
"351",1415853,"Convolvulus lanuginosus",1,2007-05-25,5.61654877530885,43.2224656964965,10,"cbnmed"
"352",1415804,"Convolvulus lanuginosus",1,2007-05-25,5.61235412440959,43.2167982892862,10,"cbnmed"
"353",1415812,"Convolvulus lanuginosus",1,2007-05-25,5.6111903818472,43.2182754516107,10,"cbnmed"
"354",1415714,"Convolvulus lanuginosus",1,2007-05-25,5.61070640978261,43.2184581597731,10,"cbnmed"
"355",1415935,"Convolvulus lanuginosus",1,2007-05-25,5.61083787276025,43.218643979789,10,"cbnmed"
"356",1415805,"Convolvulus lanuginosus",1,2007-05-25,5.63697898996908,43.1995853720962,10,"cbnmed"
"357",1415744,"Convolvulus lanuginosus",1,2007-05-25,5.61856563173863,43.2208057750585,10,"cbnmed"
"358",1415790,"Convolvulus lanuginosus",1,2007-05-25,5.61662280592139,43.2213838957043,10,"cbnmed"
"359",1415723,"Convolvulus lanuginosus",1,2007-05-25,5.61751191829583,43.2217223392941,10,"cbnmed"
"360",1415845,"Convolvulus lanuginosus",1,2007-05-25,5.6146233399006,43.2207123473435,10,"cbnmed"
"361",1415765,"Convolvulus lanuginosus",1,2007-05-25,5.61710270794313,43.2211112589512,10,"cbnmed"
"362",1415862,"Convolvulus lanuginosus",1,2007-05-25,5.60998959128234,43.2189344969259,10,"cbnmed"
"363",1415741,"Convolvulus lanuginosus",1,2007-05-25,5.61351290637512,43.2206492413385,10,"cbnmed"
"364",1415905,"Convolvulus lanuginosus",1,2007-05-25,5.61664385791864,43.2191333755564,10,"cbnmed"
"365",1415715,"Convolvulus lanuginosus",1,2007-05-25,5.61240303045008,43.2176071055919,10,"cbnmed"
"366",1415841,"Convolvulus lanuginosus",1,2007-05-25,5.61737767938533,43.2193045828948,10,"cbnmed"
"367",1415877,"Convolvulus lanuginosus",1,2007-05-25,5.61687347455625,43.2184978063773,10,"cbnmed"
"368",1415904,"Convolvulus lanuginosus",1,2007-05-25,5.61226342871195,43.2172414845326,10,"cbnmed"
"369",1415846,"Convolvulus lanuginosus",1,2007-05-25,5.61123520628077,43.2189943676849,10,"cbnmed"
"370",1415754,"Convolvulus lanuginosus",1,2007-05-25,5.61587748203714,43.221230961227,10,"cbnmed"
"371",1415830,"Convolvulus lanuginosus",1,2007-05-25,5.63650754442594,43.1997678928311,10,"cbnmed"
"372",1652972,"Convolvulus lanuginosus",1,2007-05-27,5.73525505170496,43.2225557973646,10,"cbnmed"
"373",1653116,"Convolvulus lanuginosus",1,2007-05-27,5.82475038914388,43.214634055384,10,"cbnmed"
"374",1653044,"Convolvulus lanuginosus",1,2007-05-27,5.75362855212485,43.2119449823979,10,"cbnmed"
"375",1653122,"Convolvulus lanuginosus",1,2007-05-27,5.82479341877052,43.2147589404744,10,"cbnmed"
"376",1652948,"Convolvulus lanuginosus",1,2007-05-27,5.7532838478159,43.2140058955777,10,"cbnmed"
"377",1415828,"Convolvulus lanuginosus",1,2007-05-30,5.6552279259974,43.2170840074475,10,"cbnmed"
"378",1415718,"Convolvulus lanuginosus",1,2007-05-30,5.61382559272632,43.2164116617982,10,"cbnmed"
"379",1415927,"Convolvulus lanuginosus",1,2007-05-30,5.6497733328209,43.2164800558451,10,"cbnmed"
"380",1415802,"Convolvulus lanuginosus",1,2007-05-30,5.60638095885685,43.2150527124119,10,"cbnmed"
"381",1415794,"Convolvulus lanuginosus",1,2007-05-30,5.61135855635371,43.216552382922,10,"cbnmed"
"382",1415937,"Convolvulus lanuginosus",1,2007-05-30,5.63952705172403,43.2015030621905,10,"cbnmed"
"383",1406862,"Convolvulus lanuginosus",1,2007-05-30,5.613481251618,43.2169600009769,10,"cbnmed"
"384",1415920,"Convolvulus lanuginosus",1,2007-05-30,5.64803556741865,43.2161537028352,10,"cbnmed"
"385",1415918,"Convolvulus lanuginosus",1,2007-05-30,5.63928579751051,43.2016079637253,10,"cbnmed"
"386",1415799,"Convolvulus lanuginosus",1,2007-05-30,5.65502052822245,43.2208691837232,10,"cbnmed"
"387",1415901,"Convolvulus lanuginosus",1,2007-05-30,5.6110859167804,43.2241279951848,10,"cbnmed"
"388",1415924,"Convolvulus lanuginosus",1,2007-05-30,5.65480914341778,43.2160052907547,10,"cbnmed"
"389",1415889,"Convolvulus lanuginosus",1,2007-05-30,5.65515484892869,43.2187058356904,10,"cbnmed"
"390",1415757,"Convolvulus lanuginosus",1,2007-05-30,5.65509808314792,43.2201472609168,10,"cbnmed"
"391",1406881,"Convolvulus lanuginosus",1,2007-05-30,5.61192238223354,43.2238467559205,10,"cbnmed"
"392",1415838,"Convolvulus lanuginosus",1,2007-05-30,5.60680236975891,43.216482529399,10,"cbnmed"
"393",1415874,"Convolvulus lanuginosus",1,2007-05-30,5.60735211837933,43.2147592549574,10,"cbnmed"
"394",1415903,"Convolvulus lanuginosus",1,2007-05-30,5.65292096179455,43.2177617512509,10,"cbnmed"
"395",1415747,"Convolvulus lanuginosus",1,2007-05-30,5.60937567418287,43.215970344037,10,"cbnmed"
"396",1415779,"Convolvulus lanuginosus",1,2007-05-30,5.65165468341923,43.2172528611505,10,"cbnmed"
"397",1415890,"Convolvulus lanuginosus",1,2007-05-30,5.61333382918342,43.216693570755,10,"cbnmed"
"398",1415758,"Convolvulus lanuginosus",1,2007-05-30,5.6061306595161,43.2149597574283,10,"cbnmed"
"399",1415729,"Convolvulus lanuginosus",1,2007-05-30,5.6492123722659,43.2176638455359,10,"cbnmed"
"400",1415730,"Convolvulus lanuginosus",1,2007-05-30,5.60711034438359,43.2148550955253,10,"cbnmed"
"401",1415756,"Convolvulus lanuginosus",1,2007-05-30,5.60665114881716,43.21558618477,10,"cbnmed"
"402",1415910,"Convolvulus lanuginosus",1,2007-05-30,5.60826168203586,43.2158262728648,10,"cbnmed"
"403",1415759,"Convolvulus lanuginosus",1,2007-05-30,5.61155723480052,43.2239365917351,10,"cbnmed"
"404",1415884,"Convolvulus lanuginosus",1,2007-05-30,5.61198179001467,43.2164563012924,10,"cbnmed"
"405",1415773,"Convolvulus lanuginosus",1,2007-05-30,5.64778516328726,43.2131088068931,10,"cbnmed"
"406",1406139,"Convolvulus lanuginosus",1,2007-05-30,5.61082265248514,43.2153143503495,10,"cbnmed"
"407",1415926,"Convolvulus lanuginosus",1,2007-05-30,5.65466797979509,43.2214988687346,10,"cbnmed"
"408",1415850,"Convolvulus lanuginosus",1,2007-05-30,5.63904375778974,43.2019648836785,10,"cbnmed"
"409",1415842,"Convolvulus lanuginosus",1,2007-05-30,5.60836647812016,43.2181457360934,10,"cbnmed"
"410",1415907,"Convolvulus lanuginosus",1,2007-05-30,5.60914243096109,43.2162549825583,10,"cbnmed"
"411",1415738,"Convolvulus lanuginosus",1,2007-05-30,5.6062092234519,43.2142468634418,10,"cbnmed"
"412",1415774,"Convolvulus lanuginosus",1,2007-05-30,5.65090065100197,43.216911378885,10,"cbnmed"
"413",1415928,"Convolvulus lanuginosus",1,2007-05-30,5.63890484692265,43.2016172815517,10,"cbnmed"
"414",1415791,"Convolvulus lanuginosus",1,2007-05-30,5.61238157675049,43.2231156394343,10,"cbnmed"
"415",1415873,"Convolvulus lanuginosus",1,2007-05-30,5.61440306605837,43.2158486743001,10,"cbnmed"
"416",1753859,"Convolvulus lanuginosus",1,2007-06-06,5.7787279591471,43.1604852042817,10,"cbnmed"
"417",1753888,"Convolvulus lanuginosus",1,2007-06-06,5.7706685215282,43.1541944795005,10,"cbnmed"
"418",278435,"Convolvulus lanuginosus",1,2007-06-07,2.95969768527421,42.8982566427123,500,"cbnmed"
"419",1415742,"Convolvulus lanuginosus",1,2007-06-19,5.60085735037083,43.2153569683539,10,"cbnmed"
"420",1415925,"Convolvulus lanuginosus",1,2007-06-19,5.59791539368757,43.2156078259368,10,"cbnmed"
"421",1415724,"Convolvulus lanuginosus",1,2007-06-19,5.6004104815819,43.2166367292269,10,"cbnmed"
"422",1415768,"Convolvulus lanuginosus",1,2007-06-19,5.59763142744277,43.2177746472349,10,"cbnmed"
"423",1415859,"Convolvulus lanuginosus",1,2007-06-19,5.59657905146367,43.2159909832914,10,"cbnmed"
"424",1415856,"Convolvulus lanuginosus",1,2007-06-19,5.59434611591045,43.2158646846774,10,"cbnmed"
"425",1415752,"Convolvulus lanuginosus",1,2007-06-19,5.59666380724683,43.2181489299259,10,"cbnmed"
"426",1415938,"Convolvulus lanuginosus",1,2007-06-19,5.59821496383661,43.214061626144,10,"cbnmed"
"427",1415911,"Convolvulus lanuginosus",1,2007-06-19,5.59740293084909,43.2154311620907,10,"cbnmed"
"428",1415932,"Convolvulus lanuginosus",1,2007-06-19,5.59652834742032,43.217873190543,10,"cbnmed"
"429",1415827,"Convolvulus lanuginosus",1,2007-06-19,5.59971100453713,43.2144935946006,10,"cbnmed"
"430",1415936,"Convolvulus lanuginosus",1,2007-06-19,5.59413259371494,43.2165898113017,10,"cbnmed"
"431",1415735,"Convolvulus lanuginosus",1,2007-06-19,5.59838628118815,43.215407491087,10,"cbnmed"
"432",1415839,"Convolvulus lanuginosus",1,2007-06-19,5.59716518193764,43.215616882421,10,"cbnmed"
"433",1415817,"Convolvulus lanuginosus",1,2007-06-19,5.59543622775346,43.2154784772295,10,"cbnmed"
"434",1415749,"Convolvulus lanuginosus",1,2007-06-19,5.59979547029362,43.2166425459943,10,"cbnmed"
"435",1415835,"Convolvulus lanuginosus",1,2007-06-19,5.59844865668172,43.2137860019139,10,"cbnmed"
"436",1415725,"Convolvulus lanuginosus",1,2007-06-19,5.59729112735455,43.218142835172,10,"cbnmed"
"437",1415914,"Convolvulus lanuginosus",1,2007-06-19,5.5985918044858,43.214232551476,10,"cbnmed"
"438",1415785,"Convolvulus lanuginosus",1,2007-06-19,5.59749349040495,43.2147089881582,10,"cbnmed"
"439",1415739,"Convolvulus lanuginosus",1,2007-06-19,5.59764512787809,43.2153443334146,10,"cbnmed"
"440",1415832,"Convolvulus lanuginosus",1,2007-06-19,5.59750809910768,43.2177686155326,10,"cbnmed"
"441",1415922,"Convolvulus lanuginosus",1,2007-06-19,5.60070203265724,43.2146407159871,10,"cbnmed"
"442",1415860,"Convolvulus lanuginosus",1,2007-06-19,5.59618076220436,43.2180795510448,10,"cbnmed"
"443",1415717,"Convolvulus lanuginosus",1,2007-06-19,5.60141775271649,43.2171434521778,10,"cbnmed"
"444",1415736,"Convolvulus lanuginosus",1,2007-06-19,5.59981976199231,43.2171819579328,10,"cbnmed"
"445",1415896,"Convolvulus lanuginosus",1,2007-06-19,5.59594852061899,43.2159251522448,10,"cbnmed"
"446",1415755,"Convolvulus lanuginosus",1,2007-06-19,5.59486608144599,43.2164821790654,10,"cbnmed"
"447",1415778,"Convolvulus lanuginosus",1,2007-06-19,5.59842689759358,43.2160365088381,10,"cbnmed"
"448",1415866,"Convolvulus lanuginosus",1,2007-06-19,5.5985517443966,43.2133425235429,10,"cbnmed"
"449",1415825,"Convolvulus lanuginosus",1,2007-06-19,5.59897699616083,43.2148622709978,10,"cbnmed"
"450",1415933,"Convolvulus lanuginosus",1,2007-06-19,5.59861244198332,43.2146910509558,10,"cbnmed"
"451",1415732,"Convolvulus lanuginosus",1,2007-06-19,5.59810054403898,43.2142533792085,10,"cbnmed"
"452",1415915,"Convolvulus lanuginosus",1,2007-06-19,5.5977394809829,43.2144330694781,10,"cbnmed"
"453",1415902,"Convolvulus lanuginosus",1,2007-06-19,5.60058316532429,43.214733579788,10,"cbnmed"
"454",1415929,"Convolvulus lanuginosus",1,2007-06-19,5.60065186916372,43.2165319133338,10,"cbnmed"
"455",1753931,"Convolvulus lanuginosus",1,2007-06-26,5.72856158559908,43.2382151556739,10,"cbnmed"
"456",1753928,"Convolvulus lanuginosus",1,2007-06-26,5.73362780396069,43.2331546637835,10,"cbnmed"
"457",1753876,"Convolvulus lanuginosus",1,2007-06-26,5.73375350191271,43.2280121577188,10,"cbnmed"
"458",1753822,"Convolvulus lanuginosus",1,2007-06-26,5.73004995716482,43.2361073908478,10,"cbnmed"
"459",1753901,"Convolvulus lanuginosus",1,2007-06-26,5.77302252064799,43.197614531167,10,"cbnmed"
"460",1753860,"Convolvulus lanuginosus",1,2007-06-26,5.72932383369727,43.2309054210056,10,"cbnmed"
"461",1753878,"Convolvulus lanuginosus",1,2007-06-26,5.72875540675965,43.2316398357243,10,"cbnmed"
"462",1753943,"Convolvulus lanuginosus",1,2007-06-26,5.72878484274958,43.2296589714036,10,"cbnmed"
"463",1753944,"Convolvulus lanuginosus",1,2007-06-26,5.73330809984537,43.2287434810548,10,"cbnmed"
"464",1753923,"Convolvulus lanuginosus",1,2007-06-26,5.71211168281679,43.2145804466187,10,"cbnmed"
"465",1753919,"Convolvulus lanuginosus",1,2007-06-26,5.72988443938886,43.234950500884,10,"cbnmed"
"466",1753852,"Convolvulus lanuginosus",1,2007-06-26,5.73346237886183,43.2348599640321,10,"cbnmed"
"467",1753881,"Convolvulus lanuginosus",1,2007-06-26,5.71409478163449,43.2177617286413,10,"cbnmed"
"468",1753955,"Convolvulus lanuginosus",1,2007-06-26,5.76430160454062,43.1955882240486,10,"cbnmed"
"469",1753849,"Convolvulus lanuginosus",1,2007-06-26,5.73219743055368,43.2289426100036,10,"cbnmed"
"470",1753893,"Convolvulus lanuginosus",1,2007-06-26,5.71325125857288,43.2181429543239,10,"cbnmed"
"471",1753938,"Convolvulus lanuginosus",1,2007-06-26,5.73331761466579,43.2318034310775,10,"cbnmed"
"472",1753920,"Convolvulus lanuginosus",1,2007-06-26,5.72921397883799,43.2337883778245,10,"cbnmed"
"473",1753877,"Convolvulus lanuginosus",1,2007-06-26,5.72991221440987,43.2274703373922,10,"cbnmed"
"474",1753933,"Convolvulus lanuginosus",1,2007-06-26,5.71090686970887,43.2206319744345,10,"cbnmed"
"475",1753838,"Convolvulus lanuginosus",1,2007-06-26,5.73028686027303,43.2353903531143,10,"cbnmed"
"476",1753953,"Convolvulus lanuginosus",1,2007-06-26,5.72867028794863,43.2324430368481,10,"cbnmed"
"477",1753825,"Convolvulus lanuginosus",1,2007-06-26,5.73349964032373,43.2304487366348,10,"cbnmed"
"478",1753884,"Convolvulus lanuginosus",1,2007-06-26,5.73022816446058,43.2370119441144,10,"cbnmed"
"479",1753945,"Convolvulus lanuginosus",1,2007-06-26,5.71050010692331,43.2198321545714,10,"cbnmed"
"480",1753826,"Convolvulus lanuginosus",1,2007-06-26,5.73036856094584,43.2373774179873,10,"cbnmed"
"481",1753924,"Convolvulus lanuginosus",1,2007-06-26,5.76640264201502,43.1955343680156,10,"cbnmed"
"482",1753954,"Convolvulus lanuginosus",1,2007-06-26,5.76458071415673,43.1960220934085,10,"cbnmed"
"483",1753855,"Convolvulus lanuginosus",1,2007-06-26,5.77215853494129,43.197555730704,10,"cbnmed"
"484",1753871,"Convolvulus lanuginosus",1,2007-06-26,5.76329137450938,43.1947860653778,10,"cbnmed"
"485",20495714,"Convolvulus lanuginosus",1,2007-06-29,2.93200749857345,42.8655548576969,10,"cbnmed"
"486",1753891,"Convolvulus lanuginosus",1,2007-06-29,5.73384119716551,43.1446316596353,10,"cbnmed"
"487",1753819,"Convolvulus lanuginosus",1,2007-06-29,5.73388791458848,43.1453594702382,10,"cbnmed"
"488",1753867,"Convolvulus lanuginosus",1,2007-06-29,5.72434052806906,43.1407232470958,10,"cbnmed"
"489",1753925,"Convolvulus lanuginosus",1,2007-06-29,5.72512732984323,43.1391643793233,10,"cbnmed"
"490",1753957,"Convolvulus lanuginosus",1,2007-06-29,5.72491091340211,43.1369198865403,10,"cbnmed"
"491",1753927,"Convolvulus lanuginosus",1,2007-06-29,5.73679775731394,43.1499656179077,10,"cbnmed"
"492",1753914,"Convolvulus lanuginosus",1,2007-06-29,5.73134684561645,43.1436059012982,10,"cbnmed"
"493",1753904,"Convolvulus lanuginosus",1,2007-06-29,5.73318440529838,43.1434783237472,10,"cbnmed"
"494",1753956,"Convolvulus lanuginosus",1,2007-06-29,5.73497959182309,43.1450527789593,10,"cbnmed"
"495",1753940,"Convolvulus lanuginosus",1,2007-06-29,5.72686256169974,43.1368705266117,10,"cbnmed"
"496",1753848,"Convolvulus lanuginosus",1,2007-06-29,5.73283410475009,43.1467271841757,10,"cbnmed"
"497",1753818,"Convolvulus lanuginosus",1,2007-06-29,5.73548876474085,43.1482798453287,10,"cbnmed"
"498",20495731,"Convolvulus lanuginosus",1,2007-06-29,2.92926939395956,42.8654092101609,10,"cbnmed"
"499",20495729,"Convolvulus lanuginosus",1,2007-06-29,2.93065113065229,42.8650953780782,10,"cbnmed"
"500",1753929,"Convolvulus lanuginosus",1,2007-06-29,5.72534358541943,43.1385379207504,10,"cbnmed"
"501",1753830,"Convolvulus lanuginosus",1,2007-06-29,5.72494201949693,43.1407080424452,10,"cbnmed"
"502",1753906,"Convolvulus lanuginosus",1,2007-06-29,5.72961671952933,43.1462687062955,10,"cbnmed"
"503",1753880,"Convolvulus lanuginosus",1,2007-06-29,5.73042893435994,43.1452491433361,10,"cbnmed"
"504",1753873,"Convolvulus lanuginosus",1,2007-06-29,5.73093785500756,43.1484762317064,10,"cbnmed"
"505",1753949,"Convolvulus lanuginosus",1,2007-06-29,5.73039496133575,43.1445300095172,10,"cbnmed"
"506",1753898,"Convolvulus lanuginosus",1,2007-06-29,5.73394792503585,43.1468879401572,10,"cbnmed"
"507",1753902,"Convolvulus lanuginosus",1,2007-06-29,5.73484131568673,43.147585275335,10,"cbnmed"
"508",1753918,"Convolvulus lanuginosus",1,2007-06-29,5.7323969121057,43.1450192774915,10,"cbnmed"
"509",1753883,"Convolvulus lanuginosus",1,2007-06-29,5.73588302900333,43.1488188384923,10,"cbnmed"
"510",1753836,"Convolvulus lanuginosus",1,2007-06-29,5.73627219333565,43.1492499602668,10,"cbnmed"
"511",1753835,"Convolvulus lanuginosus",1,2007-06-29,5.73530704438,43.1496344532981,10,"cbnmed"
"512",1753853,"Convolvulus lanuginosus",1,2007-06-29,5.73556836152063,43.1447678403331,10,"cbnmed"
"513",1753899,"Convolvulus lanuginosus",1,2007-06-29,5.72500967981866,43.1395363484119,10,"cbnmed"
"514",1753950,"Convolvulus lanuginosus",1,2007-07-02,5.80825467743106,43.2388087910693,10,"cbnmed"
"515",1753887,"Convolvulus lanuginosus",1,2007-07-02,5.73762418529009,43.2180134790131,10,"cbnmed"
"516",1753851,"Convolvulus lanuginosus",1,2007-07-02,5.73561602571887,43.2200445079916,10,"cbnmed"
"517",1415789,"Convolvulus lanuginosus",1,2007-07-02,5.67047539265754,43.1942164539109,10,"cbnmed"
"518",1753829,"Convolvulus lanuginosus",1,2007-07-02,5.73596305978268,43.2195766858262,10,"cbnmed"
"519",1415800,"Convolvulus lanuginosus",1,2007-07-13,5.67138913077202,43.2065239751864,10,"cbnmed"
"520",1415798,"Convolvulus lanuginosus",1,2007-07-13,5.67407048523337,43.2088966051987,10,"cbnmed"
"521",1415809,"Convolvulus lanuginosus",1,2007-07-13,5.67541843631283,43.2090431970647,10,"cbnmed"
"522",1415781,"Convolvulus lanuginosus",1,2007-07-13,5.67048556184154,43.2085353748198,10,"cbnmed"
"523",1745978,"Convolvulus lanuginosus",1,2007-07-13,5.68178615794275,43.2049430479993,10,"cbnmed"
"524",1415843,"Convolvulus lanuginosus",1,2007-07-13,5.66989776275808,43.2123209918458,10,"cbnmed"
"525",1415919,"Convolvulus lanuginosus",1,2007-07-13,5.67286670335205,43.2041563470122,10,"cbnmed"
"526",1415740,"Convolvulus lanuginosus",1,2007-07-13,5.6667065397226,43.2122288944806,10,"cbnmed"
"527",1415931,"Convolvulus lanuginosus",1,2007-07-13,5.66912094258896,43.2141492461209,10,"cbnmed"
"528",1415923,"Convolvulus lanuginosus",1,2007-07-13,5.67219906002162,43.2054149028377,10,"cbnmed"
"529",1415885,"Convolvulus lanuginosus",1,2007-07-13,5.6727848144823,43.2047793851431,10,"cbnmed"
"530",1415934,"Convolvulus lanuginosus",1,2007-07-13,5.67298322840088,43.2066735016946,10,"cbnmed"
"531",1415930,"Convolvulus lanuginosus",1,2007-07-13,5.66993499831872,43.2128600818461,10,"cbnmed"
"532",1415728,"Convolvulus lanuginosus",1,2007-07-13,5.66984413344535,43.2111612953249,10,"cbnmed"
"533",1415869,"Convolvulus lanuginosus",1,2007-07-13,5.66550583934485,43.2131405752725,10,"cbnmed"
"534",1415746,"Convolvulus lanuginosus",1,2007-07-13,5.6714432027458,43.2076926564899,10,"cbnmed"
"535",1415831,"Convolvulus lanuginosus",1,2007-07-13,5.67385359372969,43.203681888642,10,"cbnmed"
"536",1415913,"Convolvulus lanuginosus",1,2007-07-13,5.66949778630069,43.2084608137735,10,"cbnmed"
"537",1415780,"Convolvulus lanuginosus",1,2007-07-13,5.67038363445285,43.2092579102409,10,"cbnmed"
"538",1415886,"Convolvulus lanuginosus",1,2007-07-13,5.67209533114732,43.2087565295011,10,"cbnmed"
"539",1415898,"Convolvulus lanuginosus",1,2007-07-13,5.66775585618182,43.2136339883583,10,"cbnmed"
"540",1415852,"Convolvulus lanuginosus",1,2007-07-13,5.67111436598312,43.2173400019723,10,"cbnmed"
"541",1415737,"Convolvulus lanuginosus",1,2007-07-13,5.67062684846667,43.2174420691556,10,"cbnmed"
"542",1415940,"Convolvulus lanuginosus",1,2007-07-13,5.67323517917012,43.203877214499,10,"cbnmed"
"543",1415900,"Convolvulus lanuginosus",1,2007-07-13,5.66966012308002,43.217825995732,10,"cbnmed"
"544",1415803,"Convolvulus lanuginosus",1,2007-07-13,5.67248706606145,43.2065867896171,10,"cbnmed"
"545",1415748,"Convolvulus lanuginosus",1,2007-07-13,5.6707014222777,43.2078820211209,10,"cbnmed"
"546",1415912,"Convolvulus lanuginosus",1,2007-07-13,5.66449335608639,43.2122655617842,10,"cbnmed"
"547",1415881,"Convolvulus lanuginosus",1,2007-07-13,5.67001199232224,43.2115981510138,10,"cbnmed"
"548",1415750,"Convolvulus lanuginosus",1,2007-07-13,5.66913757508711,43.2089197321023,10,"cbnmed"
"549",1415786,"Convolvulus lanuginosus",1,2007-07-13,5.67300998636155,43.2045938044239,10,"cbnmed"
"550",1415813,"Convolvulus lanuginosus",1,2007-07-13,5.67234336599285,43.2061403409659,10,"cbnmed"
"551",1415792,"Convolvulus lanuginosus",1,2007-07-13,5.66734949439572,43.2130950218264,10,"cbnmed"
"552",1753874,"Convolvulus lanuginosus",1,2007-07-13,5.68299401720414,43.2047240172652,10,"cbnmed"
"553",1745979,"Convolvulus lanuginosus",1,2007-07-13,5.6814998444654,43.2016921038702,10,"cbnmed"
"554",1753948,"Convolvulus lanuginosus",1,2007-07-13,5.68736386961188,43.2031842403792,10,"cbnmed"
"555",1753857,"Convolvulus lanuginosus",1,2007-07-13,5.68633041656721,43.2023909586912,10,"cbnmed"
"556",20569874,"Convolvulus lanuginosus",1,2007-09-05,3.00157015812059,43.0663042485405,10,"cbnmed"
"557",1360842,"Convolvulus lanuginosus",1,2007-10-18,5.20520811729797,43.3311547853464,10,"cbnmed"
"558",1360822,"Convolvulus lanuginosus",1,2007-10-18,5.20537961330327,43.3314482679003,10,"cbnmed"
"559",24935758,"Convolvulus lanuginosus",1,2007-11-27,3.01275080518482,42.9800545736508,10,"cbnmed"
"560",1399438,"Convolvulus lanuginosus",1,2008-02-20,5.20358833425495,43.3316737706538,10,"cbnmed"
"561",80498,"Convolvulus lanuginosus",1,2008-03-11,3.00428084464873,42.8965015607018,10,"cbnmed"
"562",24317963,"Convolvulus lanuginosus",1,2008-04-12,2.92044289539594,42.8530542508747,500,"cbnmed"
"563",24318374,"Convolvulus lanuginosus",1,2008-04-18,2.78735977204109,42.7632139405685,500,"cbnmed"
"564",24318892,"Convolvulus lanuginosus",1,2008-04-21,2.90821668884679,42.844039773937,500,"cbnmed"
"565",24320895,"Convolvulus lanuginosus",1,2008-05-03,2.77948697281872,42.7662250501404,500,"cbnmed"
"566",24320795,"Convolvulus lanuginosus",1,2008-05-03,2.78620894107291,42.7366345666238,500,"cbnmed"
"567",24320491,"Convolvulus lanuginosus",1,2008-05-03,2.78509080487124,42.7561802788059,10,"cbnmed"
"568",113009,"Convolvulus lanuginosus",1,2008-05-04,3.09541483741432,43.1352207349645,10,"cbnmed"
"569",111188,"Convolvulus lanuginosus",1,2008-05-06,3.11051392623845,43.1443357540416,10,"cbnmed"
"570",111258,"Convolvulus lanuginosus",1,2008-05-06,3.08997767219898,43.1374920215778,10,"cbnmed"
"571",1684290,"Convolvulus lanuginosus",1,2008-05-12,5.76353127291871,43.194914926681,10,"cbnmed"
"572",1684184,"Convolvulus lanuginosus",1,2008-05-12,5.76267964267262,43.2331711244944,10,"cbnmed"
"573",1684205,"Convolvulus lanuginosus",1,2008-05-12,5.76065144991778,43.2345191118656,10,"cbnmed"
"574",111337,"Convolvulus lanuginosus",1,2008-05-24,2.96221178679618,42.9255865613779,10,"cbnmed"
"575",24323750,"Convolvulus lanuginosus",1,2008-05-31,2.92998345335675,42.8586257685488,10,"cbnmed"
"576",23070373,"Convolvulus lanuginosus",1,2008-07-02,3.02226099158229,42.8980640591064,10,"cbnmed"
"577",1694611,"Convolvulus lanuginosus",1,2008-11-11,5.71392124511244,43.1473219955382,10,"cbnmed"
"578",1696552,"Convolvulus lanuginosus",1,2008-12-07,5.69613112541144,43.220471071721,10,"cbnmed"
"579",1696714,"Convolvulus lanuginosus",1,2008-12-07,5.69092274978699,43.2201510381881,10,"cbnmed"
"580",1696566,"Convolvulus lanuginosus",1,2008-12-07,5.69641572144668,43.2239291001878,10,"cbnmed"
"581",1696715,"Convolvulus lanuginosus",1,2008-12-07,5.69476709811046,43.2186690692588,10,"cbnmed"
"582",1696499,"Convolvulus lanuginosus",1,2008-12-07,5.69792142520367,43.2187522696006,10,"cbnmed"
"583",1696627,"Convolvulus lanuginosus",1,2008-12-07,5.6987563623625,43.2242396168356,10,"cbnmed"
"584",1696581,"Convolvulus lanuginosus",1,2008-12-07,5.6944243229447,43.2255628957053,10,"cbnmed"
"585",1696516,"Convolvulus lanuginosus",1,2008-12-07,5.69893926285542,43.220517890656,10,"cbnmed"
"586",1696583,"Convolvulus lanuginosus",1,2008-12-07,5.68945249371618,43.2282159942518,10,"cbnmed"
"587",1696643,"Convolvulus lanuginosus",1,2008-12-07,5.69956583781654,43.2191791681831,10,"cbnmed"
"588",1696512,"Convolvulus lanuginosus",1,2008-12-07,5.69853823487857,43.2195738809805,10,"cbnmed"
"589",1696698,"Convolvulus lanuginosus",1,2008-12-07,5.69442371056258,43.2179036148689,10,"cbnmed"
"590",1696671,"Convolvulus lanuginosus",1,2008-12-07,5.69634842388789,43.2169555130825,10,"cbnmed"
"591",1696535,"Convolvulus lanuginosus",1,2008-12-07,5.69622870872871,43.2183445541464,10,"cbnmed"
"592",1696716,"Convolvulus lanuginosus",1,2008-12-07,5.7028652171233,43.2113203016361,10,"cbnmed"
"593",1696655,"Convolvulus lanuginosus",1,2008-12-07,5.69973074713581,43.2224421745824,10,"cbnmed"
"594",1696482,"Convolvulus lanuginosus",1,2008-12-07,5.69828346818343,43.2175461738061,10,"cbnmed"
"595",814561,"Convolvulus lanuginosus",1,2009-01-01,2.89694197997267,42.8412207389812,500,"cbnmed"
"596",814568,"Convolvulus lanuginosus",1,2009-01-01,2.94124282774117,42.8597692252498,500,"cbnmed"
"597",814572,"Convolvulus lanuginosus",1,2009-01-01,2.97165232191227,42.8637831641284,500,"cbnmed"
"598",24334173,"Convolvulus lanuginosus",1,2009-03-18,2.71271594547864,42.7784822293229,500,"cbnmed"
"599",219816,"Convolvulus lanuginosus",1,2009-05-02,3.05565599933492,42.9144906347289,500,"cbnmed"
"600",24340638,"Convolvulus lanuginosus",1,2009-05-06,2.77390080208954,42.7618182240473,500,"cbnmed"
"601",156869,"Convolvulus lanuginosus",1,2009-05-10,3.0041829961233,42.8964925719194,10,"cbnmed"
"602",8203398,"Convolvulus lanuginosus",1,2009-05-10,2.72568241860304,42.7904832485377,500,"cbnmed"
"603",241968,"Convolvulus lanuginosus",1,2009-05-11,3.13860154614863,43.1577952237856,500,"cbnmed"
"604",273344,"Convolvulus lanuginosus",1,2009-05-11,3.14083475218573,43.1566050365606,500,"cbnmed"
"605",219938,"Convolvulus lanuginosus",1,2009-05-14,3.01291,42.99126,500,"cbnmed"
"606",8541945,"Convolvulus lanuginosus",1,2009-05-14,5.74788750007063,43.2379139943439,10,"cbnmed"
"607",158648,"Convolvulus lanuginosus",1,2009-05-14,3.00940859498243,42.9902893374291,10,"cbnmed"
"608",8188152,"Convolvulus lanuginosus",1,2009-05-14,3.00858783038967,42.9905412207167,500,"cbnmed"
"609",8541926,"Convolvulus lanuginosus",1,2009-05-14,5.74051840307131,43.2380203039175,10,"cbnmed"
"610",220038,"Convolvulus lanuginosus",1,2009-05-20,3.09480576266545,43.1382704063357,500,"cbnmed"
"611",24344526,"Convolvulus lanuginosus",1,2009-05-27,2.71583971615362,42.7626759476949,500,"cbnmed"
"612",24346146,"Convolvulus lanuginosus",1,2009-06-06,2.723920184017,42.7623441081294,500,"cbnmed"
"613",24346195,"Convolvulus lanuginosus",1,2009-06-06,2.74029298142845,42.7604860713782,500,"cbnmed"
"614",32689792,"Convolvulus lanuginosus",1,2009-06-10,5.68458,43.1563,10,"cbnmed"
"615",1442750,"Convolvulus lanuginosus",1,2009-07-21,5.58935497110829,43.2167945415347,10,"cbnmed"
"616",1442751,"Convolvulus lanuginosus",1,2009-07-21,5.59268539390732,43.2172455819507,10,"cbnmed"
"617",24354709,"Convolvulus lanuginosus",1,2009-08-09,2.76150276243278,42.8078067381048,500,"cbnmed"
"618",23132565,"Convolvulus lanuginosus",1,2009-08-25,3.10748858684164,43.1489979998476,10,"cbnmed"
"619",1772112,"Convolvulus lanuginosus",1,2010-01-01,5.72192271851501,43.1449692759206,10,"cbnmed"
"620",1772131,"Convolvulus lanuginosus",1,2010-01-01,5.72516285276822,43.1386144894437,10,"cbnmed"
"621",1772143,"Convolvulus lanuginosus",1,2010-01-01,5.68396436005993,43.156252838524,10,"cbnmed"
"622",1772117,"Convolvulus lanuginosus",1,2010-01-01,5.72126106128475,43.1460569694277,10,"cbnmed"
"623",1772115,"Convolvulus lanuginosus",1,2010-01-01,5.72165306523383,43.1444630907183,10,"cbnmed"
"624",1772141,"Convolvulus lanuginosus",1,2010-01-01,5.68947718961707,43.1537305014014,10,"cbnmed"
"625",1772110,"Convolvulus lanuginosus",1,2010-01-01,5.72163824701962,43.1454534533615,10,"cbnmed"
"626",1772113,"Convolvulus lanuginosus",1,2010-01-01,5.72206198960164,43.1447947610287,10,"cbnmed"
"627",1772119,"Convolvulus lanuginosus",1,2010-01-01,5.71094638212933,43.1454798783616,10,"cbnmed"
"628",1772114,"Convolvulus lanuginosus",1,2010-01-01,5.72178344642353,43.1446217967247,10,"cbnmed"
"629",1772144,"Convolvulus lanuginosus",1,2010-01-01,5.68542463246601,43.1569904625336,10,"cbnmed"
"630",1772116,"Convolvulus lanuginosus",1,2010-01-01,5.72490085667604,43.1387921108053,10,"cbnmed"
"631",1772118,"Convolvulus lanuginosus",1,2010-01-01,5.71303064271487,43.1466784227505,10,"cbnmed"
"632",1772145,"Convolvulus lanuginosus",1,2010-01-01,5.6864784763703,43.1577111963042,10,"cbnmed"
"633",1772111,"Convolvulus lanuginosus",1,2010-01-01,5.72210093661156,43.1450997740126,10,"cbnmed"
"634",1772140,"Convolvulus lanuginosus",1,2010-01-01,5.69080156950533,43.1536614553765,10,"cbnmed"
"635",1772142,"Convolvulus lanuginosus",1,2010-01-01,5.68502351044743,43.1552364851071,10,"cbnmed"
"636",1733535,"Convolvulus lanuginosus",1,2010-02-18,5.70241441566512,43.2122046216818,10,"cbnmed"
"637",1733546,"Convolvulus lanuginosus",1,2010-02-18,5.69576394786002,43.2244674022484,10,"cbnmed"
"638",1734045,"Convolvulus lanuginosus",1,2010-03-14,5.73913726964713,43.1459012048319,10,"cbnmed"
"639",1734075,"Convolvulus lanuginosus",1,2010-03-14,5.73235578601825,43.1446693224309,10,"cbnmed"
"640",1734076,"Convolvulus lanuginosus",1,2010-03-14,5.73105557976313,43.1434242830182,10,"cbnmed"
"641",1734031,"Convolvulus lanuginosus",1,2010-03-14,5.73967288181087,43.1476065893664,10,"cbnmed"
"642",1734117,"Convolvulus lanuginosus",1,2010-03-14,5.73698422231906,43.1458568940825,10,"cbnmed"
"643",1734097,"Convolvulus lanuginosus",1,2010-03-14,5.73522001086845,43.1449386792849,10,"cbnmed"
"644",1734091,"Convolvulus lanuginosus",1,2010-03-14,5.73376897856098,43.1454434861662,10,"cbnmed"
"645",1734103,"Convolvulus lanuginosus",1,2010-03-14,5.73569622868306,43.1448725946401,10,"cbnmed"
"646",1734047,"Convolvulus lanuginosus",1,2010-03-14,5.73826437020807,43.145896382351,10,"cbnmed"
"647",1734055,"Convolvulus lanuginosus",1,2010-03-14,5.73820498876307,43.1469778873772,10,"cbnmed"
"648",1734058,"Convolvulus lanuginosus",1,2010-03-14,5.7376340216498,43.147379388245,10,"cbnmed"
"649",1734063,"Convolvulus lanuginosus",1,2010-03-14,5.7371260640174,43.1475542867396,10,"cbnmed"
"650",1734072,"Convolvulus lanuginosus",1,2010-03-14,5.73294884455956,43.1468142747863,10,"cbnmed"
"651",1734040,"Convolvulus lanuginosus",1,2010-03-14,5.73900629723748,43.146768530363,10,"cbnmed"
"652",1734067,"Convolvulus lanuginosus",1,2010-03-14,5.73510684482634,43.148001537072,10,"cbnmed"
"653",1734365,"Convolvulus lanuginosus",1,2010-03-21,5.71893559039447,43.1661225766073,10,"cbnmed"
"654",1734828,"Convolvulus lanuginosus",1,2010-03-29,5.74430762223884,43.1965486976608,10,"cbnmed"
"655",1734945,"Convolvulus lanuginosus",1,2010-03-29,5.73787640214205,43.195308047353,10,"cbnmed"
"656",24366282,"Convolvulus lanuginosus",1,2010-04-21,2.74944420691167,42.7650017718023,500,"cbnmed"
"657",169841,"Convolvulus lanuginosus",1,2010-04-24,3.00906557329343,42.9902893668866,10,"cbnmed"
"658",169749,"Convolvulus lanuginosus",1,2010-04-24,3.05699807974824,42.9106769970053,10,"cbnmed"
"659",170696,"Convolvulus lanuginosus",1,2010-04-25,3.09838099713322,43.1461554121968,10,"cbnmed"
"660",279124,"Convolvulus lanuginosus",1,2010-05-01,2.97712305216979,42.9092058794537,500,"cbnmed"
"661",239674,"Convolvulus lanuginosus",1,2010-05-01,2.98384064922666,42.90447692879,500,"cbnmed"
"662",8296033,"Convolvulus lanuginosus",1,2010-05-07,5.59688595604179,43.2173425896998,10,"cbnmed"
"663",24371619,"Convolvulus lanuginosus",1,2010-05-22,2.72505636982709,42.7523518019779,500,"cbnmed"
"664",24371693,"Convolvulus lanuginosus",1,2010-05-22,2.7300309526247,42.7623596768686,500,"cbnmed"
"665",3950089,"Convolvulus lanuginosus",1,2010-05-23,3.00602739052874,42.9903795138308,500,"cbnmed"
"666",8320937,"Convolvulus lanuginosus",1,2010-06-16,5.44819506015116,43.2734744937428,500,"cbnmed"
"667",1760784,"Convolvulus lanuginosus",1,2010-10-14,5.77910048631384,43.1608176119312,10,"cbnmed"
"668",8327937,"Convolvulus lanuginosus",1,2010-11-17,5.60626627449258,43.2149654824277,10,"cbnmed"
"669",8295966,"Convolvulus lanuginosus",1,2010-11-17,5.60654052198372,43.2155888566743,10,"cbnmed"
"670",8314505,"Convolvulus lanuginosus",1,2010-11-17,5.60635266386959,43.2141533997852,10,"cbnmed"
"671",8322464,"Convolvulus lanuginosus",1,2010-11-17,5.6063891918831,43.2149625139519,10,"cbnmed"
"672",8296038,"Convolvulus lanuginosus",1,2010-11-17,5.59154957543123,43.2190818473534,10,"cbnmed"
"673",8312204,"Convolvulus lanuginosus",1,2010-11-17,5.60655269905445,43.2158585616281,10,"cbnmed"
"674",8316963,"Convolvulus lanuginosus",1,2010-11-17,5.59187799187993,43.2181739676554,10,"cbnmed"
"675",8323047,"Convolvulus lanuginosus",1,2010-11-17,5.60669997396054,43.2163950028732,10,"cbnmed"
"676",1763242,"Convolvulus lanuginosus",1,2010-12-09,5.73396624962197,43.1454564828842,10,"cbnmed"
"677",1763214,"Convolvulus lanuginosus",1,2010-12-09,5.73634896683753,43.1498330106914,10,"cbnmed"
"678",1763272,"Convolvulus lanuginosus",1,2010-12-09,5.73799076415636,43.1484233256308,10,"cbnmed"
"679",1763254,"Convolvulus lanuginosus",1,2010-12-09,5.73930248013776,43.1462750054787,10,"cbnmed"
"680",1763266,"Convolvulus lanuginosus",1,2010-12-09,5.73897237198554,43.1465713928862,10,"cbnmed"
"681",1763389,"Convolvulus lanuginosus",1,2010-12-18,5.73627874779549,43.1922254735175,10,"cbnmed"
"682",1763361,"Convolvulus lanuginosus",1,2010-12-18,5.73388313951613,43.1912511779569,10,"cbnmed"
"683",1763412,"Convolvulus lanuginosus",1,2010-12-18,5.74070024199596,43.1925992497635,10,"cbnmed"
"684",1763377,"Convolvulus lanuginosus",1,2010-12-18,5.73461275489939,43.1915926963519,10,"cbnmed"
"685",1763405,"Convolvulus lanuginosus",1,2010-12-18,5.73938862325472,43.1913995218079,10,"cbnmed"
"686",1763410,"Convolvulus lanuginosus",1,2010-12-18,5.74083973929292,43.1916506724397,10,"cbnmed"
"687",1435039,"Convolvulus lanuginosus",1,2010-12-18,5.66073756538091,43.1937820573998,10,"cbnmed"
"688",1763333,"Convolvulus lanuginosus",1,2010-12-18,5.73739068136381,43.1946633493996,10,"cbnmed"
"689",1763408,"Convolvulus lanuginosus",1,2010-12-18,5.73802374203046,43.1919291894949,10,"cbnmed"
"690",1763358,"Convolvulus lanuginosus",1,2010-12-18,5.73343196036956,43.191334613465,10,"cbnmed"
"691",1763352,"Convolvulus lanuginosus",1,2010-12-18,5.73500359466014,43.1925728202513,10,"cbnmed"
"692",1763396,"Convolvulus lanuginosus",1,2010-12-18,5.73716257252056,43.192446060082,10,"cbnmed"
"693",1782967,"Convolvulus lanuginosus",1,2011-02-17,5.68591379730794,43.1574642692725,10,"cbnmed"
"694",1782965,"Convolvulus lanuginosus",1,2011-02-17,5.68458373151608,43.1563544158327,10,"cbnmed"
"695",1782966,"Convolvulus lanuginosus",1,2011-02-17,5.68555786687969,43.1572121400218,10,"cbnmed"
"696",9875742,"Convolvulus lanuginosus",1,2011-03-18,5.59163214192788,43.2181798714391,10,"cbnmed"
"697",1767414,"Convolvulus lanuginosus",1,2011-03-20,5.74037849174155,43.1933364495231,10,"cbnmed"
"698",1768383,"Convolvulus lanuginosus",1,2011-04-07,5.69956527772225,43.1533793683995,10,"cbnmed"
"699",1768324,"Convolvulus lanuginosus",1,2011-04-07,5.69331422574844,43.1521857379566,10,"cbnmed"
"700",1768394,"Convolvulus lanuginosus",1,2011-04-07,5.70048759155583,43.1528612765281,10,"cbnmed"
"701",1768398,"Convolvulus lanuginosus",1,2011-04-07,5.70191076209408,43.1522766258341,10,"cbnmed"
"702",1768406,"Convolvulus lanuginosus",1,2011-04-07,5.70257208757198,43.1522240498841,10,"cbnmed"
"703",8201283,"Convolvulus lanuginosus",1,2011-04-10,2.73111913249718,42.7632521311026,500,"cbnmed"
"704",203745,"Convolvulus lanuginosus",1,2011-04-15,2.96995456862538,42.8847171485177,10,"cbnmed"
"705",9875736,"Convolvulus lanuginosus",1,2011-04-19,5.59283087804542,43.2147311095637,10,"cbnmed"
"706",9875735,"Convolvulus lanuginosus",1,2011-04-20,5.59283491565487,43.2148210116611,10,"cbnmed"
"707",9875733,"Convolvulus lanuginosus",1,2011-04-20,5.59284299091148,43.2150008158748,10,"cbnmed"
"708",9875730,"Convolvulus lanuginosus",1,2011-04-20,5.59297398475456,43.2151776669112,10,"cbnmed"
"709",9875741,"Convolvulus lanuginosus",1,2011-04-20,5.59184973766456,43.2175446511689,10,"cbnmed"
"710",1430423,"Convolvulus lanuginosus",1,2011-05-02,5.63746903808865,43.2270146010689,10,"cbnmed"
"711",9875732,"Convolvulus lanuginosus",1,2011-05-05,5.59285914157555,43.215360424378,10,"cbnmed"
"712",9875729,"Convolvulus lanuginosus",1,2011-05-05,5.59302647795985,43.2163463950174,10,"cbnmed"
"713",9875737,"Convolvulus lanuginosus",1,2011-05-05,5.59270796045234,43.2147340626023,10,"cbnmed"
"714",175152,"Convolvulus lanuginosus",1,2011-05-05,3.0150417389148,42.9817630056931,10,"cbnmed"
"715",9875744,"Convolvulus lanuginosus",1,2011-05-05,5.58725647688606,43.2284547984755,10,"cbnmed"
"716",9875743,"Convolvulus lanuginosus",1,2011-05-05,5.58737539389834,43.2283619483323,10,"cbnmed"
"717",9875734,"Convolvulus lanuginosus",1,2011-05-05,5.59283895327689,43.2149109137648,10,"cbnmed"
"718",9875739,"Convolvulus lanuginosus",1,2011-05-05,5.5921036582249,43.2177185515524,10,"cbnmed"
"719",9875727,"Convolvulus lanuginosus",1,2011-05-05,5.59317362846499,43.2168828549153,10,"cbnmed"
"720",242016,"Convolvulus lanuginosus",1,2011-05-24,3.00237280919778,42.896456656617,10,"cbnmed"
"721",1775313,"Convolvulus lanuginosus",1,2011-06-02,5.73741610705971,43.1946807048864,10,"cbnmed"
"722",9875692,"Convolvulus lanuginosus",1,2011-08-19,5.64788865541913,43.215365296384,10,"cbnmed"
"723",9875695,"Convolvulus lanuginosus",1,2011-08-19,5.63894174972886,43.2018863786995,10,"cbnmed"
"724",9875685,"Convolvulus lanuginosus",1,2011-08-19,5.65117632774053,43.2202346657481,10,"cbnmed"
"725",9875690,"Convolvulus lanuginosus",1,2011-08-19,5.64816747787381,43.2160784651084,10,"cbnmed"
"726",9875697,"Convolvulus lanuginosus",1,2011-08-19,5.63881434274922,43.2017904948328,10,"cbnmed"
"727",9875705,"Convolvulus lanuginosus",1,2011-08-19,5.63648357917197,43.2019374722924,10,"cbnmed"
"728",9875693,"Convolvulus lanuginosus",1,2011-08-19,5.64767866598291,43.2132014208491,10,"cbnmed"
"729",9875688,"Convolvulus lanuginosus",1,2011-08-19,5.64870039482245,43.2169654006459,10,"cbnmed"
"730",9875689,"Convolvulus lanuginosus",1,2011-08-19,5.64856922630643,43.216788617016,10,"cbnmed"
"731",1434939,"Convolvulus lanuginosus",1,2011-12-18,5.67164077914163,43.2031876937475,10,"cbnmed"
"732",1435042,"Convolvulus lanuginosus",1,2011-12-18,5.66435806257914,43.1936027027266,10,"cbnmed"
"733",1434965,"Convolvulus lanuginosus",1,2011-12-18,5.67328468573871,43.2054780134439,10,"cbnmed"
"734",1435030,"Convolvulus lanuginosus",1,2011-12-18,5.66035707994641,43.1946014423448,10,"cbnmed"
"735",1435015,"Convolvulus lanuginosus",1,2011-12-18,5.66148344456611,43.2008916942453,10,"cbnmed"
"736",1435044,"Convolvulus lanuginosus",1,2011-12-18,5.66563695914322,43.1946601147463,10,"cbnmed"
"737",1434977,"Convolvulus lanuginosus",1,2011-12-18,5.67038886670924,43.2067107366409,10,"cbnmed"
"738",1434890,"Convolvulus lanuginosus",1,2011-12-18,5.67340032755363,43.1938920099914,10,"cbnmed"
"739",1434932,"Convolvulus lanuginosus",1,2011-12-18,5.67137939406066,43.2001971274316,10,"cbnmed"
"740",1434936,"Convolvulus lanuginosus",1,2011-12-18,5.67193898678961,43.2008582788784,10,"cbnmed"
"741",1434952,"Convolvulus lanuginosus",1,2011-12-18,5.67301395217034,43.2044137033619,10,"cbnmed"
"742",1434922,"Convolvulus lanuginosus",1,2011-12-18,5.67182927989185,43.196891953473,10,"cbnmed"
"743",9875700,"Convolvulus lanuginosus",1,2012-03-27,5.63675372188503,43.1997708768876,10,"cbnmed"
"744",9875711,"Convolvulus lanuginosus",1,2012-03-27,5.6359099515418,43.2001514926443,10,"cbnmed"
"745",9875702,"Convolvulus lanuginosus",1,2012-03-27,5.63662673367369,43.199683980537,10,"cbnmed"
"746",9875708,"Convolvulus lanuginosus",1,2012-03-27,5.63614751221331,43.1999656893189,10,"cbnmed"
"747",9875710,"Convolvulus lanuginosus",1,2012-03-27,5.63603693970265,43.2002383898709,10,"cbnmed"
"748",9875699,"Convolvulus lanuginosus",1,2012-03-27,5.63699127827741,43.1995850717619,10,"cbnmed"
"749",9875703,"Convolvulus lanuginosus",1,2012-03-27,5.6365120594153,43.1998667821399,10,"cbnmed"
"750",9875691,"Convolvulus lanuginosus",1,2012-04-17,5.64779333137253,43.2130186054283,10,"cbnmed"
"751",9875687,"Convolvulus lanuginosus",1,2012-04-17,5.64909390518884,43.2174957507294,10,"cbnmed"
"752",9875707,"Convolvulus lanuginosus",1,2012-04-17,5.63626218782163,43.1997828880888,10,"cbnmed"
"753",9875686,"Convolvulus lanuginosus",1,2012-04-17,5.64972913969121,43.2179301639041,10,"cbnmed"
"754",9875701,"Convolvulus lanuginosus",1,2012-04-17,5.63674140720632,43.1995011788391,10,"cbnmed"
"755",9875694,"Convolvulus lanuginosus",1,2012-04-17,5.64394131061142,43.2095130162968,10,"cbnmed"
"756",9875704,"Convolvulus lanuginosus",1,2012-04-17,5.63649974584438,43.1995970840431,10,"cbnmed"
"757",24426740,"Convolvulus lanuginosus",1,2012-05-05,2.76968950685062,42.7705638952943,500,"cbnmed"
"758",24427148,"Convolvulus lanuginosus",1,2012-05-05,2.77580110661812,42.7705768541094,500,"cbnmed"
"759",24427365,"Convolvulus lanuginosus",1,2012-05-08,2.73720359438575,42.7695057301139,500,"cbnmed"
"760",225294,"Convolvulus lanuginosus",1,2012-05-09,3.03171485325524,42.8963350957883,10,"cbnmed"
"761",9875712,"Convolvulus lanuginosus",1,2012-05-11,5.63590584792218,43.2000615932289,10,"cbnmed"
"762",9875713,"Convolvulus lanuginosus",1,2012-05-11,5.6355412984529,43.2001604983759,10,"cbnmed"
"763",9875696,"Convolvulus lanuginosus",1,2012-05-11,5.63893723042225,43.2017874893319,10,"cbnmed"
"764",9875709,"Convolvulus lanuginosus",1,2012-05-11,5.63614340823719,43.1998757899259,10,"cbnmed"
"765",9875706,"Convolvulus lanuginosus",1,2012-05-11,5.63638096702403,43.1996899861278,10,"cbnmed"
"766",9875698,"Convolvulus lanuginosus",1,2012-05-11,5.63765907551868,43.2007387448553,10,"cbnmed"
"767",8200599,"Convolvulus lanuginosus",1,2012-05-13,2.76220734467933,42.7943650340444,500,"cbnmed"
"768",846397,"Convolvulus lanuginosus",1,2012-05-15,2.76347568495326,42.7647041443943,10,"cbnmed"
"769",846405,"Convolvulus lanuginosus",1,2012-05-15,2.76527940445589,42.7652925642442,10,"cbnmed"
"770",846446,"Convolvulus lanuginosus",1,2012-05-15,2.76833099390857,42.7651103807751,10,"cbnmed"
"771",229935,"Convolvulus lanuginosus",1,2012-06-11,2.96712682239636,42.9547524321282,10,"cbnmed"
"772",229867,"Convolvulus lanuginosus",1,2012-06-11,2.9594227496384,42.9591204559907,10,"cbnmed"
"773",229929,"Convolvulus lanuginosus",1,2012-06-11,2.96614767066745,42.954221535387,10,"cbnmed"
"774",2081622,"Convolvulus lanuginosus",1,2012-11-01,5.72945255817775,43.1883392850939,10,"cbnmed"
"775",2085680,"Convolvulus lanuginosus",1,2012-11-01,5.7066537237827,43.1493496887953,10,"cbnmed"
"776",2085695,"Convolvulus lanuginosus",1,2012-11-01,5.7081921643348,43.1512280259914,10,"cbnmed"
"777",2085676,"Convolvulus lanuginosus",1,2012-11-01,5.7207325195423,43.1826104502168,10,"cbnmed"
"778",2085717,"Convolvulus lanuginosus",1,2012-11-01,5.70896270674202,43.1511456670648,10,"cbnmed"
"779",2085682,"Convolvulus lanuginosus",1,2012-11-01,5.707070265274,43.1511572048305,10,"cbnmed"
"780",2085734,"Convolvulus lanuginosus",1,2012-11-01,5.7123066507015,43.1498466008736,10,"cbnmed"
"781",2085724,"Convolvulus lanuginosus",1,2012-11-01,5.71148242802212,43.1495703387147,10,"cbnmed"
"782",2085689,"Convolvulus lanuginosus",1,2012-11-01,5.70856169826458,43.151506738757,10,"cbnmed"
"783",2081575,"Convolvulus lanuginosus",1,2012-11-01,5.70801582986318,43.1503504668399,10,"cbnmed"
"784",2085665,"Convolvulus lanuginosus",1,2012-11-01,5.72795704793229,43.1876660970544,10,"cbnmed"
"785",1813189,"Convolvulus lanuginosus",1,2013-01-17,5.75262327431763,43.2476401448007,10,"cbnmed"
"786",1813064,"Convolvulus lanuginosus",1,2013-01-17,5.73186156741389,43.2137852816527,10,"cbnmed"
"787",3974061,"Convolvulus lanuginosus",1,2013-01-28,5.20475164746153,43.3311460939642,10,"cbnmed"
"788",3974253,"Convolvulus lanuginosus",1,2013-01-28,5.20779532847031,43.3311109952189,10,"cbnmed"
"789",3974059,"Convolvulus lanuginosus",1,2013-01-28,5.20361090815667,43.3316193143496,10,"cbnmed"
"790",3974065,"Convolvulus lanuginosus",1,2013-01-28,5.20727623327605,43.3310765948495,10,"cbnmed"
"791",3974104,"Convolvulus lanuginosus",1,2013-01-28,5.20530632056103,43.3311437833481,10,"cbnmed"
"792",3974274,"Convolvulus lanuginosus",1,2013-01-28,5.20821691075078,43.3311743825495,10,"cbnmed"
"793",24448666,"Convolvulus lanuginosus",1,2013-02-23,2.71580956375567,42.7694334061526,500,"cbnmed"
"794",24454311,"Convolvulus lanuginosus",1,2013-04-13,2.71579858238735,42.771681293662,500,"cbnmed"
"795",20566202,"Convolvulus lanuginosus",1,2013-04-17,3.09618598093458,43.1262795648665,10,"cbnmed"
"796",20566148,"Convolvulus lanuginosus",1,2013-04-17,3.10184947189741,43.1347291464786,10,"cbnmed"
"797",20566197,"Convolvulus lanuginosus",1,2013-04-17,3.09643187229479,43.126459233576,10,"cbnmed"
"798",20566207,"Convolvulus lanuginosus",1,2013-04-17,3.09607567396065,43.126405585095,10,"cbnmed"
"799",2167463,"Convolvulus lanuginosus",1,2013-04-26,3.01383140783779,42.9914759862168,10,"cbnmed"
"800",2167348,"Convolvulus lanuginosus",1,2013-04-26,3.00548857104373,42.9926548698469,10,"cbnmed"
"801",24456492,"Convolvulus lanuginosus",1,2013-04-27,2.80218960052251,42.7988333781224,500,"cbnmed"
"802",24456738,"Convolvulus lanuginosus",1,2013-04-27,2.8104249776985,42.8078981786736,500,"cbnmed"
"803",24457845,"Convolvulus lanuginosus",1,2013-05-02,2.74930860794484,42.7987752972562,500,"cbnmed"
"804",24457714,"Convolvulus lanuginosus",1,2013-05-02,2.73707988217042,42.7987478732795,500,"cbnmed"
"805",24457621,"Convolvulus lanuginosus",1,2013-05-02,2.80131754661192,42.8078826827574,500,"cbnmed"
"806",3987849,"Convolvulus lanuginosus",1,2013-05-22,5.58528083065397,43.2077033503373,10,"cbnmed"
"807",3987848,"Convolvulus lanuginosus",1,2013-05-22,5.58501790434931,43.2076016512185,10,"cbnmed"
"808",4127589,"Convolvulus lanuginosus",1,2013-05-23,5.80784624533532,43.2390174349076,10,"cbnmed"
"809",4127590,"Convolvulus lanuginosus",1,2013-05-23,5.80810226950862,43.2389657711533,10,"cbnmed"
"810",4127588,"Convolvulus lanuginosus",1,2013-05-23,5.80779623581751,43.2387487079387,10,"cbnmed"
"811",4127564,"Convolvulus lanuginosus",1,2013-05-24,5.79209975201205,43.2410459848104,10,"cbnmed"
"812",4127567,"Convolvulus lanuginosus",1,2013-05-24,5.79545025996234,43.242606445872,10,"cbnmed"
"813",4127565,"Convolvulus lanuginosus",1,2013-05-24,5.79240849204926,43.2400479040169,10,"cbnmed"
"814",4127563,"Convolvulus lanuginosus",1,2013-05-24,5.79150945302508,43.2402961755776,10,"cbnmed"
"815",4127569,"Convolvulus lanuginosus",1,2013-05-28,5.79916364350531,43.2392069039396,10,"cbnmed"
"816",4127593,"Convolvulus lanuginosus",1,2013-05-28,5.81859717237751,43.2244618337688,10,"cbnmed"
"817",4127595,"Convolvulus lanuginosus",1,2013-05-28,5.81890887813331,43.2242916777327,10,"cbnmed"
"818",4127570,"Convolvulus lanuginosus",1,2013-05-28,5.79954385878909,43.239431068193,10,"cbnmed"
"819",4127596,"Convolvulus lanuginosus",1,2013-05-28,5.81900809587471,43.2238030398948,10,"cbnmed"
"820",4127578,"Convolvulus lanuginosus",1,2013-05-28,5.80130907491776,43.2354698943205,10,"cbnmed"
"821",4127598,"Convolvulus lanuginosus",1,2013-05-28,5.8192767741502,43.2237600186044,10,"cbnmed"
"822",4127577,"Convolvulus lanuginosus",1,2013-05-28,5.80114654354742,43.2356721309645,10,"cbnmed"
"823",4127594,"Convolvulus lanuginosus",1,2013-05-28,5.81878331869366,43.2239889277106,10,"cbnmed"
"824",4127592,"Convolvulus lanuginosus",1,2013-05-28,5.81712153272079,43.2272636252242,10,"cbnmed"
"825",23292791,"Convolvulus lanuginosus",1,2013-09-11,5.73563026055451,43.2281356204559,10,"cbnmed"
"826",23292793,"Convolvulus lanuginosus",1,2013-09-11,5.73356409170636,43.2284309798276,10,"cbnmed"
"827",23292801,"Convolvulus lanuginosus",1,2013-09-11,5.73067300733973,43.2292422004606,10,"cbnmed"
"828",23292798,"Convolvulus lanuginosus",1,2013-09-11,5.73172472516592,43.2288375667763,10,"cbnmed"
"829",23292799,"Convolvulus lanuginosus",1,2013-09-11,5.73138543288981,43.2305112544847,10,"cbnmed"
"830",23292797,"Convolvulus lanuginosus",1,2013-09-11,5.73243399669065,43.2289996257323,10,"cbnmed"
"831",23292800,"Convolvulus lanuginosus",1,2013-09-11,5.73119969812164,43.2302279363098,10,"cbnmed"
"832",23292790,"Convolvulus lanuginosus",1,2013-09-11,5.73641237913651,43.2280167896954,10,"cbnmed"
"833",23292794,"Convolvulus lanuginosus",1,2013-09-11,5.73356159042591,43.2286380558245,10,"cbnmed"
"834",23292795,"Convolvulus lanuginosus",1,2013-09-11,5.73303582708085,43.2281923412275,10,"cbnmed"
"835",23292796,"Convolvulus lanuginosus",1,2013-09-11,5.73272046237153,43.2306304750298,10,"cbnmed"
"836",23292792,"Convolvulus lanuginosus",1,2013-09-11,5.73357303286391,43.2286197649503,10,"cbnmed"
"837",23292803,"Convolvulus lanuginosus",1,2013-09-11,5.71644376630973,43.222436851951,10,"cbnmed"
"838",23292802,"Convolvulus lanuginosus",1,2013-09-11,5.7305131837149,43.2292462434451,10,"cbnmed"
"839",9873700,"Convolvulus lanuginosus",1,2013-11-20,5.630674511469,43.2197103092189,10,"cbnmed"
"840",9873696,"Convolvulus lanuginosus",1,2013-11-20,5.63097363235704,43.2195230162491,10,"cbnmed"
"841",9873697,"Convolvulus lanuginosus",1,2013-11-20,5.63093798299361,43.2198208882024,10,"cbnmed"
"842",9873699,"Convolvulus lanuginosus",1,2013-11-20,5.6307564628379,43.2196183108202,10,"cbnmed"
"843",9873693,"Convolvulus lanuginosus",1,2013-11-20,5.63101419686816,43.2201430336509,10,"cbnmed"
"844",9873694,"Convolvulus lanuginosus",1,2013-11-20,5.6310088702264,43.2200261622983,10,"cbnmed"
"845",9873692,"Convolvulus lanuginosus",1,2013-11-20,5.63106049947489,43.2200789042736,10,"cbnmed"
"846",9873691,"Convolvulus lanuginosus",1,2013-11-20,5.6310564022302,43.219719000508,10,"cbnmed"
"847",9873698,"Convolvulus lanuginosus",1,2013-11-20,5.63078555477976,43.2197166026784,10,"cbnmed"
"848",9873695,"Convolvulus lanuginosus",1,2013-11-20,5.63100477282433,43.2199362612652,10,"cbnmed"
"849",3929486,"Convolvulus lanuginosus",1,2013-12-22,5.69523868677361,43.1581315541229,10,"cbnmed"
"850",24488013,"Convolvulus lanuginosus",1,2014-04-02,2.97816646920158,42.8686028117006,500,"cbnmed"
"851",24489536,"Convolvulus lanuginosus",1,2014-04-09,2.62711594809727,42.782679733766,500,"cbnmed"
"852",8169262,"Convolvulus lanuginosus",1,2014-04-24,3.04842507317183,43.090262527255,500,"cbnmed"
"853",4103910,"Convolvulus lanuginosus",1,2014-04-29,5.182237101402,43.3356074726525,10,"cbnmed"
"854",4103911,"Convolvulus lanuginosus",1,2014-04-29,5.18223115033502,43.3344736756789,10,"cbnmed"
"855",4103912,"Convolvulus lanuginosus",1,2014-04-29,5.18291557678417,43.3343158734803,10,"cbnmed"
"856",24492929,"Convolvulus lanuginosus",1,2014-05-03,2.80959606764657,42.7679258594647,500,"cbnmed"
"857",24493270,"Convolvulus lanuginosus",1,2014-05-03,2.81056231676535,42.7628712783482,500,"cbnmed"
"858",8253376,"Convolvulus lanuginosus",1,2014-05-19,5.58505576742182,43.2078977385875,10,"cbnmed"
"859",8253373,"Convolvulus lanuginosus",1,2014-05-19,5.58501889638872,43.2078986218532,10,"cbnmed"
"860",8253369,"Convolvulus lanuginosus",1,2014-05-19,5.58493729129724,43.2079995748486,10,"cbnmed"
"861",8253374,"Convolvulus lanuginosus",1,2014-05-19,5.58503118673321,43.2078983274327,10,"cbnmed"
"862",8253372,"Convolvulus lanuginosus",1,2014-05-19,5.58502675925675,43.2077994353536,10,"cbnmed"
"863",8253370,"Convolvulus lanuginosus",1,2014-05-19,5.58501446893328,43.2077997297736,10,"cbnmed"
"864",8253368,"Convolvulus lanuginosus",1,2014-05-19,5.58492500093072,43.2079998692584,10,"cbnmed"
"865",8253375,"Convolvulus lanuginosus",1,2014-05-19,5.58504347707758,43.2078980330108,10,"cbnmed"
"866",8253371,"Convolvulus lanuginosus",1,2014-05-19,5.58500660604411,43.2078989162723,10,"cbnmed"
"867",4103843,"Convolvulus lanuginosus",1,2014-05-20,5.21007368100039,43.3326573515705,10,"cbnmed"
"868",4103842,"Convolvulus lanuginosus",1,2014-05-20,5.20992551145204,43.332651380131,10,"cbnmed"
"869",4103844,"Convolvulus lanuginosus",1,2014-05-20,5.21351117538917,43.3322810659415,10,"cbnmed"
"870",8061909,"Convolvulus lanuginosus",1,2014-05-22,3.05305744086867,42.922639441121,10,"cbnmed"
"871",4083631,"Convolvulus lanuginosus",1,2014-07-04,5.75530671177283,43.2365368038326,10,"cbnmed"
"872",4083633,"Convolvulus lanuginosus",1,2014-07-04,5.76040503757681,43.2350294523598,10,"cbnmed"
"873",4083630,"Convolvulus lanuginosus",1,2014-07-04,5.75525053589795,43.2369072660541,10,"cbnmed"
"874",8089765,"Convolvulus lanuginosus",1,2014-11-10,5.70431933353441,43.1522612336437,10,"cbnmed"
"875",8089746,"Convolvulus lanuginosus",1,2014-11-10,5.7042247625066,43.1541805820684,10,"cbnmed"
"876",8089751,"Convolvulus lanuginosus",1,2014-11-10,5.70584059030357,43.1535100470149,10,"cbnmed"
"877",8089777,"Convolvulus lanuginosus",1,2014-11-10,5.70735997121684,43.1523559148992,10,"cbnmed"
"878",8089802,"Convolvulus lanuginosus",1,2014-11-10,5.71115838827604,43.1505234772533,10,"cbnmed"
"879",8089775,"Convolvulus lanuginosus",1,2014-11-10,5.7055284585225,43.1523568946135,10,"cbnmed"
"880",8089772,"Convolvulus lanuginosus",1,2014-11-10,5.70508687448361,43.1523769755745,10,"cbnmed"
"881",8136055,"Convolvulus lanuginosus",1,2014-12-21,5.72702717171629,43.136452368429,10,"cbnmed"
"882",8136049,"Convolvulus lanuginosus",1,2014-12-21,5.72692181392682,43.1368240282043,10,"cbnmed"
"883",36593190,"Convolvulus lanuginosus",1,2015-04-22,5.7515210590285,43.2306180374562,10,"cbnmed"
"884",20569840,"Convolvulus lanuginosus",1,2015-04-30,3.00344692188319,43.0651979480209,10,"cbnmed"
"885",8271963,"Convolvulus lanuginosus",1,2015-04-30,3.05905073144155,42.9200913409228,10,"cbnmed"
"886",20569851,"Convolvulus lanuginosus",1,2015-04-30,3.00314022306339,43.0645863687154,10,"cbnmed"
"887",20569848,"Convolvulus lanuginosus",1,2015-04-30,3.00322610457487,43.0648741725777,10,"cbnmed"
"888",20569858,"Convolvulus lanuginosus",1,2015-04-30,3.00274784842606,43.0678152115011,10,"cbnmed"
"889",20569866,"Convolvulus lanuginosus",1,2015-04-30,3.00208530016739,43.0644694729785,10,"cbnmed"
"890",20569862,"Convolvulus lanuginosus",1,2015-04-30,3.00244101494996,43.0641636713092,10,"cbnmed"
"891",20569844,"Convolvulus lanuginosus",1,2015-04-30,3.00336107064375,43.0654587754167,10,"cbnmed"
"892",20569870,"Convolvulus lanuginosus",1,2015-04-30,3.00188904894743,43.0648472224777,10,"cbnmed"
"893",20507933,"Convolvulus lanuginosus",1,2015-05-05,5.73771319762894,43.1965362341731,10,"cbnmed"
"894",33646973,"Convolvulus lanuginosus",1,2015-05-05,2.80981360952533,42.7641220282355,10,"cbnmed"
"895",8275380,"Convolvulus lanuginosus",1,2015-05-08,5.58949393560183,43.1746273330705,10,"cbnmed"
"896",8559809,"Convolvulus lanuginosus",1,2015-05-14,3.01985672912431,43.0208658065343,10,"cbnmed"
"897",20507208,"Convolvulus lanuginosus",1,2015-05-19,5.72413840124518,43.2282282425771,10,"cbnmed"
"898",20507928,"Convolvulus lanuginosus",1,2015-05-19,5.71352433938295,43.2202871852883,10,"cbnmed"
"899",20507939,"Convolvulus lanuginosus",1,2015-05-19,5.722947589915,43.2285553053866,10,"cbnmed"
"900",20507885,"Convolvulus lanuginosus",1,2015-05-19,5.73166231457301,43.2282991136215,10,"cbnmed"
"901",20507203,"Convolvulus lanuginosus",1,2015-05-19,5.73321134718828,43.2282599013532,10,"cbnmed"
"902",20507909,"Convolvulus lanuginosus",1,2015-05-19,5.72336304863819,43.2287518359963,10,"cbnmed"
"903",20507946,"Convolvulus lanuginosus",1,2015-05-19,5.72427276330445,43.2276848210188,10,"cbnmed"
"904",20507916,"Convolvulus lanuginosus",1,2015-05-19,5.71364871372531,43.2190060002534,10,"cbnmed"
"905",20507257,"Convolvulus lanuginosus",1,2015-05-19,5.73627976912757,43.224959965692,10,"cbnmed"
"906",20507922,"Convolvulus lanuginosus",1,2015-05-19,5.72376748883053,43.2289756446888,10,"cbnmed"
"907",20507246,"Convolvulus lanuginosus",1,2015-05-19,5.72494634830374,43.2270917860703,10,"cbnmed"
"908",20507894,"Convolvulus lanuginosus",1,2015-05-19,5.72316124755711,43.228387906303,10,"cbnmed"
"909",20507936,"Convolvulus lanuginosus",1,2015-05-19,5.72297558185895,43.2291486329668,10,"cbnmed"
"910",20507896,"Convolvulus lanuginosus",1,2015-05-19,5.73620728849397,43.2249888047335,10,"cbnmed"
"911",20507586,"Convolvulus lanuginosus",1,2015-05-19,5.71269121416064,43.2216761914308,10,"cbnmed"
"912",20507912,"Convolvulus lanuginosus",1,2015-05-19,5.72359874025345,43.2282688622402,10,"cbnmed"
"913",20507942,"Convolvulus lanuginosus",1,2015-05-19,5.72327276217014,43.229186138471,10,"cbnmed"
"914",20507941,"Convolvulus lanuginosus",1,2015-05-19,5.7128977336659,43.2210949739068,10,"cbnmed"
"915",20507891,"Convolvulus lanuginosus",1,2015-05-19,5.72299888661155,43.2285990139111,10,"cbnmed"
"916",20507237,"Convolvulus lanuginosus",1,2015-05-19,5.7133632336793,43.2205252464113,10,"cbnmed"
"917",20507206,"Convolvulus lanuginosus",1,2015-05-19,5.71357097304731,43.2202320103414,10,"cbnmed"
"918",20507244,"Convolvulus lanuginosus",1,2015-05-19,5.71258607254845,43.2217958394236,10,"cbnmed"
"919",20507252,"Convolvulus lanuginosus",1,2015-05-19,5.71265648981889,43.221461054145,10,"cbnmed"
"920",20507943,"Convolvulus lanuginosus",1,2015-05-19,5.71349464637646,43.2204409388404,10,"cbnmed"
"921",20507233,"Convolvulus lanuginosus",1,2015-05-19,5.72288611981623,43.2285568560101,10,"cbnmed"
"922",20507898,"Convolvulus lanuginosus",1,2015-05-19,5.72253044473954,43.2288448432038,10,"cbnmed"
"923",20507232,"Convolvulus lanuginosus",1,2015-05-19,5.72364409807114,43.228186713178,10,"cbnmed"
"924",20507251,"Convolvulus lanuginosus",1,2015-05-19,5.71374106089944,43.2193996960947,10,"cbnmed"
"925",20507937,"Convolvulus lanuginosus",1,2015-05-19,5.72471150821379,43.2273317275231,10,"cbnmed"
"926",20507927,"Convolvulus lanuginosus",1,2015-05-19,5.71243230767382,43.2159044434243,10,"cbnmed"
"927",20507935,"Convolvulus lanuginosus",1,2015-05-19,5.73264672802606,43.2285532136388,10,"cbnmed"
"928",20507585,"Convolvulus lanuginosus",1,2015-05-19,5.72305441889091,43.2284716058949,10,"cbnmed"
"929",20507908,"Convolvulus lanuginosus",1,2015-05-19,5.72393193999545,43.2280264411522,10,"cbnmed"
"930",20507938,"Convolvulus lanuginosus",1,2015-05-19,5.72386241912955,43.228118200595,10,"cbnmed"
"931",20507930,"Convolvulus lanuginosus",1,2015-05-19,5.7236810145226,43.2292298411203,10,"cbnmed"
"932",20507949,"Convolvulus lanuginosus",1,2015-05-19,5.72410701406635,43.2278240117781,10,"cbnmed"
"933",20507923,"Convolvulus lanuginosus",1,2015-05-19,5.7240010464717,43.2281867063774,10,"cbnmed"
"934",20507952,"Convolvulus lanuginosus",1,2015-05-19,5.71355191927377,43.2200884828166,10,"cbnmed"
"935",20507915,"Convolvulus lanuginosus",1,2015-05-19,5.71307920251265,43.2207663974369,10,"cbnmed"
"936",20507249,"Convolvulus lanuginosus",1,2015-05-19,5.73543579958168,43.2250713632304,10,"cbnmed"
"937",20507250,"Convolvulus lanuginosus",1,2015-05-19,5.72449616157688,43.2274631703492,10,"cbnmed"
"938",20507925,"Convolvulus lanuginosus",1,2015-05-19,5.71383893939644,43.2196492463772,10,"cbnmed"
"939",20507947,"Convolvulus lanuginosus",1,2015-05-19,5.71391226978361,43.2196384020367,10,"cbnmed"
"940",20505316,"Convolvulus lanuginosus",1,2015-05-19,5.72405233329957,43.2279693998723,10,"cbnmed"
"941",20507929,"Convolvulus lanuginosus",1,2015-05-19,5.72444956891515,43.228301393763,10,"cbnmed"
"942",20507209,"Convolvulus lanuginosus",1,2015-05-19,5.7124550357929,43.2221501490329,10,"cbnmed"
"943",20507255,"Convolvulus lanuginosus",1,2015-05-19,5.72432493202121,43.2282685374748,10,"cbnmed"
"944",20507910,"Convolvulus lanuginosus",1,2015-05-19,5.71392132260259,43.2185221241686,10,"cbnmed"
"945",20507921,"Convolvulus lanuginosus",1,2015-05-19,5.69942810186087,43.2191286111952,10,"cbnmed"
"946",20507940,"Convolvulus lanuginosus",1,2015-05-19,5.73262421911713,43.2283377703695,10,"cbnmed"
"947",20507920,"Convolvulus lanuginosus",1,2015-05-19,5.71370326644328,43.219904669272,10,"cbnmed"
"948",20507901,"Convolvulus lanuginosus",1,2015-05-19,5.71350782121542,43.2201975964691,10,"cbnmed"
"949",20507897,"Convolvulus lanuginosus",1,2015-05-19,5.71321399651659,43.2207540085296,10,"cbnmed"
"950",20507899,"Convolvulus lanuginosus",1,2015-05-19,5.7231239476083,43.2286408615481,10,"cbnmed"
"951",20507903,"Convolvulus lanuginosus",1,2015-05-19,5.71262675259234,43.2218758207954,10,"cbnmed"
"952",20507248,"Convolvulus lanuginosus",1,2015-05-19,5.71326063085445,43.2206988336961,10,"cbnmed"
"953",20507205,"Convolvulus lanuginosus",1,2015-05-19,5.71266286790363,43.2213348880065,10,"cbnmed"
"954",20507256,"Convolvulus lanuginosus",1,2015-05-19,5.71378684839546,43.219326541534,10,"cbnmed"
"955",20507892,"Convolvulus lanuginosus",1,2015-05-19,5.72341689843513,43.2291104978885,10,"cbnmed"
"956",20507886,"Convolvulus lanuginosus",1,2015-05-19,5.71266749249589,43.2161955445876,10,"cbnmed"
"957",20507889,"Convolvulus lanuginosus",1,2015-05-19,5.72374630352422,43.229309198349,10,"cbnmed"
"958",20507904,"Convolvulus lanuginosus",1,2015-05-19,5.72474414559429,43.2272408985945,10,"cbnmed"
"959",20507926,"Convolvulus lanuginosus",1,2015-05-19,5.71305878488771,43.2156186845795,10,"cbnmed"
"960",20507893,"Convolvulus lanuginosus",1,2015-05-19,5.71329243738724,43.2205900291286,10,"cbnmed"
"961",20507932,"Convolvulus lanuginosus",1,2015-05-19,5.72308029119001,43.2290199843443,10,"cbnmed"
"962",20507934,"Convolvulus lanuginosus",1,2015-05-19,5.72379713131503,43.2280388435118,10,"cbnmed"
"963",20507906,"Convolvulus lanuginosus",1,2015-05-19,5.7139084659931,43.2195574940077,10,"cbnmed"
"964",20507913,"Convolvulus lanuginosus",1,2015-05-19,5.70026658723185,43.2189006278479,10,"cbnmed"
"965",20507254,"Convolvulus lanuginosus",1,2015-05-19,5.69889564685933,43.2182688941917,10,"cbnmed"
"966",9856307,"Convolvulus lanuginosus",1,2015-05-20,3.00668917934876,42.9925109075447,500,"cbnmed"
"967",8341336,"Convolvulus lanuginosus",1,2015-05-20,3.00759579145105,42.9926637350833,10,"cbnmed"
"968",24531646,"Convolvulus lanuginosus",1,2015-05-20,2.76167554310691,42.7627799803229,500,"cbnmed"
"969",8345859,"Convolvulus lanuginosus",1,2015-05-20,3.0030996566514,42.9942288107331,500,"cbnmed"
"970",8476731,"Convolvulus lanuginosus",1,2015-10-25,5.68678002138604,43.1575866842184,10,"cbnmed"
"971",8476748,"Convolvulus lanuginosus",1,2015-10-25,5.68426698629384,43.156416301295,10,"cbnmed"
"972",8475037,"Convolvulus lanuginosus",1,2015-10-25,5.68748121561608,43.1546892581385,10,"cbnmed"
"973",8475309,"Convolvulus lanuginosus",1,2015-10-25,5.68906996410881,43.1566026096636,10,"cbnmed"
"974",8476725,"Convolvulus lanuginosus",1,2015-10-25,5.68770293503095,43.1570776893381,10,"cbnmed"
"975",8476245,"Convolvulus lanuginosus",1,2015-10-25,5.68994466967923,43.1582277646655,10,"cbnmed"
"976",8475467,"Convolvulus lanuginosus",1,2015-10-25,5.69021257789859,43.1584370772241,10,"cbnmed"
"977",8476743,"Convolvulus lanuginosus",1,2015-10-25,5.68499795721041,43.1568030925915,10,"cbnmed"
"978",8476740,"Convolvulus lanuginosus",1,2015-10-25,5.6857564206538,43.1572521933719,10,"cbnmed"
"979",8488651,"Convolvulus lanuginosus",1,2015-11-08,5.68363881186044,43.1966258438152,10,"cbnmed"
"980",8488590,"Convolvulus lanuginosus",1,2015-11-08,5.68177520207892,43.2017932619992,10,"cbnmed"
"981",8488616,"Convolvulus lanuginosus",1,2015-11-08,5.68445514112135,43.1948685113625,10,"cbnmed"
"982",8488609,"Convolvulus lanuginosus",1,2015-11-08,5.68453476926907,43.2021386447279,10,"cbnmed"
"983",8488591,"Convolvulus lanuginosus",1,2015-11-08,5.67871510027984,43.2010682654149,10,"cbnmed"
"984",8488647,"Convolvulus lanuginosus",1,2015-11-08,5.68356449690835,43.1968796958622,10,"cbnmed"
"985",8488603,"Convolvulus lanuginosus",1,2015-11-08,5.68219002949435,43.2011889403814,10,"cbnmed"
"986",8489208,"Convolvulus lanuginosus",1,2015-11-11,5.67533949007523,43.2086671467566,10,"cbnmed"
"987",8489300,"Convolvulus lanuginosus",1,2015-11-11,5.66503954719246,43.2214322776832,10,"cbnmed"
"988",8489319,"Convolvulus lanuginosus",1,2015-11-11,5.67142440722783,43.2083501335001,10,"cbnmed"
"989",8489305,"Convolvulus lanuginosus",1,2015-11-11,5.66494250936271,43.2222626952887,10,"cbnmed"
"990",8489302,"Convolvulus lanuginosus",1,2015-11-11,5.66587562057863,43.2216816372307,10,"cbnmed"
"991",8489326,"Convolvulus lanuginosus",1,2015-11-11,5.67086977558577,43.2173730559736,10,"cbnmed"
"992",8489318,"Convolvulus lanuginosus",1,2015-11-11,5.68171576286621,43.205016799,10,"cbnmed"
"993",8489292,"Convolvulus lanuginosus",1,2015-11-11,5.66542544511012,43.2212607442222,10,"cbnmed"
"994",8489164,"Convolvulus lanuginosus",1,2015-11-11,5.6721121369986,43.2064610725853,10,"cbnmed"
"995",8489178,"Convolvulus lanuginosus",1,2015-11-11,5.67241695360275,43.2087935656698,10,"cbnmed"
"996",8489211,"Convolvulus lanuginosus",1,2015-11-11,5.67667721426984,43.2077969557536,10,"cbnmed"
"997",8489323,"Convolvulus lanuginosus",1,2015-11-11,5.67206380328763,43.2099363327645,10,"cbnmed"
"998",8489179,"Convolvulus lanuginosus",1,2015-11-11,5.67372469727592,43.2088691728548,10,"cbnmed"
"999",8489210,"Convolvulus lanuginosus",1,2015-11-11,5.67564924067558,43.2087134678476,10,"cbnmed"
"1000",8489165,"Convolvulus lanuginosus",1,2015-11-11,5.67093399945928,43.206526241732,10,"cbnmed"
"1001",8489276,"Convolvulus lanuginosus",1,2015-11-11,5.67138456021703,43.2175943209493,10,"cbnmed"
"1002",8489161,"Convolvulus lanuginosus",1,2015-11-11,5.67237937213889,43.2066524579044,10,"cbnmed"
"1003",8489333,"Convolvulus lanuginosus",1,2015-11-11,5.66751889880132,43.2231530781238,10,"cbnmed"
"1004",8489194,"Convolvulus lanuginosus",1,2015-11-11,5.67452771727785,43.2089392747105,10,"cbnmed"
"1005",8489329,"Convolvulus lanuginosus",1,2015-11-11,5.67014057667154,43.2175711039548,10,"cbnmed"
"1006",8489198,"Convolvulus lanuginosus",1,2015-11-11,5.67494203707103,43.2091180087763,10,"cbnmed"
"1007",8489311,"Convolvulus lanuginosus",1,2015-11-11,5.66259489474489,43.2244626903667,10,"cbnmed"
"1008",8496055,"Convolvulus lanuginosus",1,2015-11-15,5.69209160027767,43.2180338152976,10,"cbnmed"
"1009",8495951,"Convolvulus lanuginosus",1,2015-11-15,5.6853847223847,43.2130077490942,10,"cbnmed"
"1010",8490927,"Convolvulus lanuginosus",1,2015-11-15,5.69092077889911,43.2055886495235,10,"cbnmed"
"1011",8495949,"Convolvulus lanuginosus",1,2015-11-15,5.68667281453172,43.2121296647449,10,"cbnmed"
"1012",8495958,"Convolvulus lanuginosus",1,2015-11-15,5.68106626067131,43.2156711925446,10,"cbnmed"
"1013",8496049,"Convolvulus lanuginosus",1,2015-11-15,5.69210208120525,43.2182585616881,10,"cbnmed"
"1014",8495950,"Convolvulus lanuginosus",1,2015-11-15,5.68630058637395,43.212327936444,10,"cbnmed"
"1015",8495936,"Convolvulus lanuginosus",1,2015-11-15,5.69117356261035,43.2083724162082,10,"cbnmed"
"1016",8496110,"Convolvulus lanuginosus",1,2015-11-15,5.69260407628677,43.2129268632981,10,"cbnmed"
"1017",8490948,"Convolvulus lanuginosus",1,2015-11-15,5.69265335529128,43.2076514821059,10,"cbnmed"
"1018",8495946,"Convolvulus lanuginosus",1,2015-11-15,5.68907346702523,43.2103058211869,10,"cbnmed"
"1019",8495952,"Convolvulus lanuginosus",1,2015-11-15,5.68329129770851,43.2145628630582,10,"cbnmed"
"1020",8496117,"Convolvulus lanuginosus",1,2015-11-15,5.69452339521147,43.2105478856117,10,"cbnmed"
"1021",8496129,"Convolvulus lanuginosus",1,2015-11-15,5.69457418390387,43.2097905951257,10,"cbnmed"
"1022",8495947,"Convolvulus lanuginosus",1,2015-11-15,5.6876457631202,43.2116194239221,10,"cbnmed"
"1023",8496105,"Convolvulus lanuginosus",1,2015-11-15,5.69248271243396,43.2132269005656,10,"cbnmed"
"1024",8495948,"Convolvulus lanuginosus",1,2015-11-15,5.68736851912101,43.2117433317236,10,"cbnmed"
"1025",8490319,"Convolvulus lanuginosus",1,2015-11-15,5.69493653897734,43.2088545194427,10,"cbnmed"
"1026",8495989,"Convolvulus lanuginosus",1,2015-11-15,5.67686098037314,43.219987699966,10,"cbnmed"
"1027",8495934,"Convolvulus lanuginosus",1,2015-11-15,5.69229723904103,43.2079303751106,10,"cbnmed"
"1028",8496104,"Convolvulus lanuginosus",1,2015-11-15,5.69234779860848,43.2135002749464,10,"cbnmed"
"1029",12656591,"Convolvulus lanuginosus",1,2016-01-01,5.64198082752882,43.226094249002,10,"cbnmed"
"1030",12654818,"Convolvulus lanuginosus",1,2016-01-01,5.61250049606677,43.2164977462965,10,"cbnmed"
"1031",8555733,"Convolvulus lanuginosus",1,2016-01-17,5.68495397580159,43.1939560863542,10,"cbnmed"
"1032",9854395,"Convolvulus lanuginosus",1,2016-02-11,5.61271003951898,43.2159616739954,10,"cbnmed"
"1033",12696498,"Convolvulus lanuginosus",1,2016-04-15,5.68488710828669,43.1938407490949,10,"cbnmed"
"1034",20785730,"Convolvulus lanuginosus",1,2016-04-16,5.669765,43.2177629999998,10,"cbnmed"
"1035",20785729,"Convolvulus lanuginosus",1,2016-04-16,5.670864,43.2174909999998,10,"cbnmed"
"1036",20785728,"Convolvulus lanuginosus",1,2016-04-16,5.670462,43.2175499999998,10,"cbnmed"
"1037",20785727,"Convolvulus lanuginosus",1,2016-04-16,5.670224,43.2176289999998,10,"cbnmed"
"1038",23053491,"Convolvulus lanuginosus",1,2016-04-27,5.80775541206127,43.2386687614082,10,"cbnmed"
"1039",23053486,"Convolvulus lanuginosus",1,2016-04-27,5.80787929205888,43.2384315155782,10,"cbnmed"
"1040",23053492,"Convolvulus lanuginosus",1,2016-04-27,5.80771939971102,43.2386876998475,10,"cbnmed"
"1041",24925731,"Convolvulus lanuginosus",1,2016-04-27,2.81424518512784,42.8132429235102,10,"cbnmed"
"1042",24925764,"Convolvulus lanuginosus",1,2016-04-27,2.81448681396747,42.8140706048151,10,"cbnmed"
"1043",24925717,"Convolvulus lanuginosus",1,2016-04-27,2.81310843960546,42.813519700332,10,"cbnmed"
"1044",23053494,"Convolvulus lanuginosus",1,2016-04-27,5.80788230590504,43.2387464693705,10,"cbnmed"
"1045",23053495,"Convolvulus lanuginosus",1,2016-04-27,5.80774749030321,43.2387589766342,10,"cbnmed"
"1046",23053490,"Convolvulus lanuginosus",1,2016-04-27,5.80780328269028,43.2386405136232,10,"cbnmed"
"1047",23053487,"Convolvulus lanuginosus",1,2016-04-27,5.8080215432799,43.2385718303573,10,"cbnmed"
"1048",23053493,"Convolvulus lanuginosus",1,2016-04-27,5.80772158666779,43.2387326475682,10,"cbnmed"
"1049",23053485,"Convolvulus lanuginosus",1,2016-04-27,5.80791486677751,43.2384035875483,10,"cbnmed"
"1050",24925961,"Convolvulus lanuginosus",1,2016-04-27,2.81916487850497,42.813997666395,10,"cbnmed"
"1051",24925776,"Convolvulus lanuginosus",1,2016-04-27,2.81496360264797,42.8139275565603,10,"cbnmed"
"1052",24925714,"Convolvulus lanuginosus",1,2016-04-27,2.81302242458466,42.813681406233,10,"cbnmed"
"1053",24925947,"Convolvulus lanuginosus",1,2016-04-27,2.81813316979913,42.8158392818055,10,"cbnmed"
"1054",24925722,"Convolvulus lanuginosus",1,2016-04-27,2.813719719313,42.8133319320144,10,"cbnmed"
"1055",12765648,"Convolvulus lanuginosus",1,2016-05-12,3.00131116529413,43.0049850145317,500,"cbnmed"
"1056",11829702,"Convolvulus lanuginosus",1,2016-05-14,5.68489145720816,43.1949926554316,10,"cbnmed"
"1057",11828553,"Convolvulus lanuginosus",1,2016-05-21,3.00380255124955,43.0636329891619,10,"cbnmed"
"1058",11828512,"Convolvulus lanuginosus",1,2016-05-21,3.00267407294005,43.0640827202657,10,"cbnmed"
"1059",11828358,"Convolvulus lanuginosus",1,2016-05-21,3.00480875565935,43.0680669704828,10,"cbnmed"
"1060",12724459,"Convolvulus lanuginosus",1,2016-05-21,3.00316473196627,43.0641456645821,10,"cbnmed"
"1061",12724448,"Convolvulus lanuginosus",1,2016-05-21,3.00350817108489,43.0638128780017,10,"cbnmed"
"1062",12724478,"Convolvulus lanuginosus",1,2016-05-21,3.00214666587273,43.0653688669181,10,"cbnmed"
"1063",12724643,"Convolvulus lanuginosus",1,2016-05-21,3.00570426283951,43.0680579328005,10,"cbnmed"
"1064",12724488,"Convolvulus lanuginosus",1,2016-05-21,3.00154562007793,43.0661423575914,10,"cbnmed"
"1065",20785244,"Convolvulus lanuginosus",1,2016-05-22,5.592838,43.2153559999998,10,"cbnmed"
"1066",20785243,"Convolvulus lanuginosus",1,2016-05-22,5.592895,43.2175459999998,10,"cbnmed"
"1067",20785206,"Convolvulus lanuginosus",1,2016-05-22,5.588571,43.2162279999998,10,"cbnmed"
"1068",20785209,"Convolvulus lanuginosus",1,2016-05-22,5.591087,43.2178049999998,10,"cbnmed"
"1069",20762075,"Convolvulus lanuginosus",1,2016-05-26,2.94842475658488,42.8657888109189,10,"cbnmed"
"1070",24925950,"Convolvulus lanuginosus",1,2016-05-27,2.81754167746042,42.8175017998231,10,"cbnmed"
"1071",24925874,"Convolvulus lanuginosus",1,2016-05-27,2.81661066504986,42.8183634464083,10,"cbnmed"
"1072",12642539,"Convolvulus lanuginosus",1,2016-06-04,5.61691879644171,43.2224837259982,10,"cbnmed"
"1073",12642540,"Convolvulus lanuginosus",1,2016-06-04,5.61618119910457,43.222501606791,10,"cbnmed"
"1074",12642537,"Convolvulus lanuginosus",1,2016-06-04,5.61775147798484,43.2223915336404,10,"cbnmed"
"1075",23051926,"Convolvulus lanuginosus",1,2016-06-16,5.80806581963967,43.2389757201679,10,"cbnmed"
"1076",23051925,"Convolvulus lanuginosus",1,2016-06-16,5.80727801516747,43.2389782067693,10,"cbnmed"
"1077",23051922,"Convolvulus lanuginosus",1,2016-06-16,5.80725167432761,43.2389428880384,10,"cbnmed"
"1078",23051928,"Convolvulus lanuginosus",1,2016-06-16,5.80772459966929,43.2390476014401,10,"cbnmed"
"1079",23051929,"Convolvulus lanuginosus",1,2016-06-16,5.80798368612676,43.2390588647904,10,"cbnmed"
"1080",23051923,"Convolvulus lanuginosus",1,2016-06-16,5.80801619910266,43.2389680098972,10,"cbnmed"
"1081",23051927,"Convolvulus lanuginosus",1,2016-06-16,5.80804341530942,43.2390213075323,10,"cbnmed"
"1082",23051919,"Convolvulus lanuginosus",1,2016-06-16,5.80785990151886,43.2387920566885,10,"cbnmed"
"1083",23051924,"Convolvulus lanuginosus",1,2016-06-16,5.80807811541372,43.2389754003459,10,"cbnmed"
"1084",23051921,"Convolvulus lanuginosus",1,2016-06-16,5.80795253308991,43.2389246612335,10,"cbnmed"
"1085",23051920,"Convolvulus lanuginosus",1,2016-06-16,5.80749452822802,43.2388735663611,10,"cbnmed"
"1086",23051930,"Convolvulus lanuginosus",1,2016-06-16,5.80766530763762,43.2390941480698,10,"cbnmed"
"1087",23051918,"Convolvulus lanuginosus",1,2016-06-16,5.80767502807639,43.2387878639534,10,"cbnmed"
"1088",23053579,"Convolvulus lanuginosus",1,2016-06-30,5.77801299169383,43.1607016332485,10,"cbnmed"
"1089",23053574,"Convolvulus lanuginosus",1,2016-06-30,5.77784601426749,43.1605529313702,10,"cbnmed"
"1090",23053576,"Convolvulus lanuginosus",1,2016-06-30,5.77839235290392,43.1606648575028,10,"cbnmed"
"1091",23053578,"Convolvulus lanuginosus",1,2016-06-30,5.77804939737673,43.1606916950025,10,"cbnmed"
"1092",23053581,"Convolvulus lanuginosus",1,2016-06-30,5.77838439601224,43.1607550649098,10,"cbnmed"
"1093",23053580,"Convolvulus lanuginosus",1,2016-06-30,5.77830899130152,43.1607210070225,10,"cbnmed"
"1094",23053577,"Convolvulus lanuginosus",1,2016-06-30,5.77793845161071,43.160685553303,10,"cbnmed"
"1095",20784724,"Convolvulus lanuginosus",1,2016-08-08,5.587185,43.2281869999998,10,"cbnmed"
"1096",20784723,"Convolvulus lanuginosus",1,2016-08-08,5.587163,43.2282929999998,10,"cbnmed"
"1097",12711955,"Convolvulus lanuginosus",1,2016-10-27,3.05701055220445,42.9109197947648,500,"cbnmed"
"1098",12715538,"Convolvulus lanuginosus",1,2016-11-20,5.6841053465577,43.1939592033969,10,"cbnmed"
"1099",12743452,"Convolvulus lanuginosus",1,2016-11-20,5.68322152733501,43.1939991894259,10,"cbnmed"
"1100",12715568,"Convolvulus lanuginosus",1,2016-11-20,5.68364667608885,43.1962656432469,10,"cbnmed"
"1101",12743455,"Convolvulus lanuginosus",1,2016-11-20,5.68318073331324,43.1941802061361,10,"cbnmed"
"1102",12743358,"Convolvulus lanuginosus",1,2016-11-28,5.75532988949326,43.237022249826,10,"cbnmed"
"1103",12732644,"Convolvulus lanuginosus",1,2017-01-08,5.6892472487693,43.1538082360243,10,"cbnmed"
"1104",12732643,"Convolvulus lanuginosus",1,2017-01-08,5.68439337318807,43.1554321730126,10,"cbnmed"
"1105",12732645,"Convolvulus lanuginosus",1,2017-01-08,5.69102313563994,43.1534039296482,10,"cbnmed"
"1106",39219060,"Convolvulus lanuginosus",1,2017-03-15,2.7403777528165,42.7845447918155,10,"cbnmed"
"1107",39218932,"Convolvulus lanuginosus",1,2017-03-15,2.74163862760903,42.7859550513658,10,"cbnmed"
"1108",39217322,"Convolvulus lanuginosus",1,2017-03-15,2.73815095667112,42.7859331016723,10,"cbnmed"
"1109",37968743,"Convolvulus lanuginosus",1,2017-04-02,3.00388888888889,42.8970556,10,"cbnmed"
"1110",39219281,"Convolvulus lanuginosus",1,2017-04-21,2.74228199745127,42.7862263535172,10,"cbnmed"
"1111",39209094,"Convolvulus lanuginosus",1,2017-04-21,2.74223099789065,42.7852281430585,10,"cbnmed"
"1112",39209528,"Convolvulus lanuginosus",1,2017-04-21,2.74076074218143,42.7848919019815,10,"cbnmed"
"1113",39208793,"Convolvulus lanuginosus",1,2017-04-21,2.7418859535042,42.7852408005111,10,"cbnmed"
"1114",39208756,"Convolvulus lanuginosus",1,2017-04-21,2.74043232485289,42.7846258499272,10,"cbnmed"
"1115",39209325,"Convolvulus lanuginosus",1,2017-04-21,2.74231939630794,42.7856105062174,10,"cbnmed"
"1116",39209554,"Convolvulus lanuginosus",1,2017-04-21,2.74064503203647,42.7848331755628,10,"cbnmed"
"1117",39209364,"Convolvulus lanuginosus",1,2017-04-21,2.74016987916299,42.7838024671365,10,"cbnmed"
"1118",39209639,"Convolvulus lanuginosus",1,2017-04-21,2.74043765597816,42.7846348546093,10,"cbnmed"
"1119",39221371,"Convolvulus lanuginosus",1,2017-04-21,2.73928625626331,42.8008083833269,10,"cbnmed"
"1120",39221291,"Convolvulus lanuginosus",1,2017-04-21,2.74273802963166,42.7863488379649,10,"cbnmed"
"1121",39221268,"Convolvulus lanuginosus",1,2017-04-21,2.74236961196452,42.78562861047,10,"cbnmed"
"1122",39221250,"Convolvulus lanuginosus",1,2017-04-21,2.74064584467423,42.7848151939778,10,"cbnmed"
"1123",39220956,"Convolvulus lanuginosus",1,2017-04-21,2.74203565762049,42.7852321690737,10,"cbnmed"
"1124",39221039,"Convolvulus lanuginosus",1,2017-04-21,2.74233595881029,42.7856195378082,10,"cbnmed"
"1125",39220825,"Convolvulus lanuginosus",1,2017-04-21,2.7413021708282,42.7873569592848,10,"cbnmed"
"1126",39220912,"Convolvulus lanuginosus",1,2017-04-21,2.7404013448351,42.7847291803158,10,"cbnmed"
"1127",39220863,"Convolvulus lanuginosus",1,2017-04-21,2.74232294600989,42.7863523369673,10,"cbnmed"
"1128",39220629,"Convolvulus lanuginosus",1,2017-04-21,2.73958894810729,42.8009484934374,10,"cbnmed"
"1129",39220736,"Convolvulus lanuginosus",1,2017-04-21,2.74284315899586,42.7857646241773,10,"cbnmed"
"1130",39220056,"Convolvulus lanuginosus",1,2017-04-21,2.74286782405109,42.7858186340364,10,"cbnmed"
"1131",39219728,"Convolvulus lanuginosus",1,2017-04-21,2.73934987803939,42.8008894651731,10,"cbnmed"
"1132",39219688,"Convolvulus lanuginosus",1,2017-04-21,2.74177718785544,42.7862296346665,10,"cbnmed"
"1133",39219344,"Convolvulus lanuginosus",1,2017-04-21,2.74151096655985,42.7858378504342,10,"cbnmed"
"1134",39219385,"Convolvulus lanuginosus",1,2017-04-21,2.74216891395594,42.785574177278,10,"cbnmed"
"1135",39208609,"Convolvulus lanuginosus",1,2017-04-21,2.73937199855589,42.8008580472594,10,"cbnmed"
"1136",39219148,"Convolvulus lanuginosus",1,2017-04-21,2.74183079292962,42.7856767690304,10,"cbnmed"
"1137",39219224,"Convolvulus lanuginosus",1,2017-04-21,2.73987698320093,42.7848762735424,10,"cbnmed"
"1138",39219086,"Convolvulus lanuginosus",1,2017-04-21,2.73991374321362,42.7844087904726,10,"cbnmed"
"1139",39219019,"Convolvulus lanuginosus",1,2017-04-21,2.74271878794684,42.7860071039226,10,"cbnmed"
"1140",39218727,"Convolvulus lanuginosus",1,2017-04-21,2.74259554301108,42.7857190710057,10,"cbnmed"
"1141",39218110,"Convolvulus lanuginosus",1,2017-04-21,2.74235100393375,42.7863569002974,10,"cbnmed"
"1142",39217542,"Convolvulus lanuginosus",1,2017-04-21,2.74186202446902,42.7856813401292,10,"cbnmed"
"1143",39216613,"Convolvulus lanuginosus",1,2017-04-21,2.73953587768296,42.8010742512805,10,"cbnmed"
"1144",39215908,"Convolvulus lanuginosus",1,2017-04-21,2.74149893875213,42.7857973584068,10,"cbnmed"
"1145",39215679,"Convolvulus lanuginosus",1,2017-04-21,2.7418260801583,42.7855283932862,10,"cbnmed"
"1146",39215791,"Convolvulus lanuginosus",1,2017-04-21,2.74271034340328,42.7863982263535,10,"cbnmed"
"1147",39215399,"Convolvulus lanuginosus",1,2017-04-21,2.74224319173811,42.786167813611,10,"cbnmed"
"1148",39215343,"Convolvulus lanuginosus",1,2017-04-21,2.74171890442986,42.7856090611562,10,"cbnmed"
"1149",39214474,"Convolvulus lanuginosus",1,2017-04-21,2.7394387904082,42.8008312338539,10,"cbnmed"
"1150",39213169,"Convolvulus lanuginosus",1,2017-04-21,2.74208574282713,42.7856099443388,10,"cbnmed"
"1151",39211826,"Convolvulus lanuginosus",1,2017-04-21,2.74158905782891,42.7861212799175,10,"cbnmed"
"1152",39211918,"Convolvulus lanuginosus",1,2017-04-21,2.74298708772772,42.7863449394536,10,"cbnmed"
"1153",39211385,"Convolvulus lanuginosus",1,2017-04-21,2.73954687991665,42.8009079276739,10,"cbnmed"
"1154",39210811,"Convolvulus lanuginosus",1,2017-04-21,2.740954668133,42.7850407350765,10,"cbnmed"
"1155",39209879,"Convolvulus lanuginosus",1,2017-04-21,2.73957405348782,42.8010024087221,10,"cbnmed"
"1156",39219506,"Convolvulus lanuginosus",1,2017-04-21,2.74166023935701,42.7857617800987,10,"cbnmed"
"1157",39218213,"Convolvulus lanuginosus",1,2017-04-21,2.73930467323409,42.8007859483329,10,"cbnmed"
"1158",39216204,"Convolvulus lanuginosus",1,2017-04-21,2.73954885378469,42.8009034365137,10,"cbnmed"
"1159",39214865,"Convolvulus lanuginosus",1,2017-04-21,2.74015006018004,42.7837574602628,10,"cbnmed"
"1160",39214248,"Convolvulus lanuginosus",1,2017-04-21,2.74016224730612,42.7837619856868,10,"cbnmed"
"1161",39213529,"Convolvulus lanuginosus",1,2017-04-21,2.74189561536363,42.7856769251173,10,"cbnmed"
"1162",39211621,"Convolvulus lanuginosus",1,2017-04-21,2.73920680546862,42.8008261739414,10,"cbnmed"
"1163",39211736,"Convolvulus lanuginosus",1,2017-04-21,2.74156283130031,42.7858694467205,10,"cbnmed"
"1164",39209556,"Convolvulus lanuginosus",1,2017-04-21,2.74281848153996,42.7863760063597,10,"cbnmed"
"1165",39219408,"Convolvulus lanuginosus",1,2017-04-21,2.74176878448284,42.7862251185317,10,"cbnmed"
"1166",39210623,"Convolvulus lanuginosus",1,2017-04-21,2.74155066360195,42.7858604256032,10,"cbnmed"
"1167",39210532,"Convolvulus lanuginosus",1,2017-04-21,2.73941858093327,42.8008176968817,10,"cbnmed"
"1168",39210557,"Convolvulus lanuginosus",1,2017-04-21,2.74183522758337,42.7856677879278,10,"cbnmed"
"1169",39210379,"Convolvulus lanuginosus",1,2017-04-21,2.74275220936178,42.7857374306244,10,"cbnmed"
"1170",39210131,"Convolvulus lanuginosus",1,2017-04-21,2.74195115603304,42.7854028095049,10,"cbnmed"
"1171",39210177,"Convolvulus lanuginosus",1,2017-04-21,2.7416188069282,42.7861573187663,10,"cbnmed"
"1172",39216027,"Convolvulus lanuginosus",1,2017-04-21,2.74290451221448,42.7862458317995,10,"cbnmed"
"1173",39212660,"Convolvulus lanuginosus",1,2017-04-21,2.74203620234076,42.7856323045948,10,"cbnmed"
"1174",39209710,"Convolvulus lanuginosus",1,2017-04-21,2.74039087991806,42.7846122619076,10,"cbnmed"
"1175",39209199,"Convolvulus lanuginosus",1,2017-04-21,2.7427421156616,42.7861150613243,10,"cbnmed"
"1176",39208972,"Convolvulus lanuginosus",1,2017-04-21,2.74148975394882,42.7859412048004,10,"cbnmed"
"1177",39208740,"Convolvulus lanuginosus",1,2017-04-21,2.74230490910257,42.7856014796127,10,"cbnmed"
"1178",39210993,"Convolvulus lanuginosus",1,2017-04-21,2.74283057002468,42.7864030107219,10,"cbnmed"
"1179",39211061,"Convolvulus lanuginosus",1,2017-04-21,2.73957726599244,42.8009394731571,10,"cbnmed"
"1180",39216594,"Convolvulus lanuginosus",1,2017-04-21,2.74006001036186,42.7844585999873,10,"cbnmed"
"1181",39216540,"Convolvulus lanuginosus",1,2017-04-21,2.7395502423672,42.8010023508903,10,"cbnmed"
"1182",39216457,"Convolvulus lanuginosus",1,2017-04-21,2.74180019405724,42.7856946789017,10,"cbnmed"
"1183",39216421,"Convolvulus lanuginosus",1,2017-04-21,2.74161666034673,42.785788650422,10,"cbnmed"
"1184",39216279,"Convolvulus lanuginosus",1,2017-04-21,2.73981835939644,42.7843366248385,10,"cbnmed"
"1185",39216144,"Convolvulus lanuginosus",1,2017-04-21,2.74020426324099,42.7848500918514,10,"cbnmed"
"1186",39215956,"Convolvulus lanuginosus",1,2017-04-21,2.73936705377876,42.8008715231039,10,"cbnmed"
"1187",39215291,"Convolvulus lanuginosus",1,2017-04-21,2.74004409962633,42.7851779034583,10,"cbnmed"
"1188",39215287,"Convolvulus lanuginosus",1,2017-04-21,2.73999989132069,42.7852362428112,10,"cbnmed"
"1189",39215395,"Convolvulus lanuginosus",1,2017-04-21,2.74246756203428,42.7856738047264,10,"cbnmed"
"1190",39215394,"Convolvulus lanuginosus",1,2017-04-21,2.73959690657562,42.8009709925382,10,"cbnmed"
"1191",39215338,"Convolvulus lanuginosus",1,2017-04-21,2.74176958593287,42.7856046873585,10,"cbnmed"
"1192",39214722,"Convolvulus lanuginosus",1,2017-04-21,2.74246685818638,42.7863841540346,10,"cbnmed"
"1193",39213974,"Convolvulus lanuginosus",1,2017-04-21,2.74240587910635,42.7863705198484,10,"cbnmed"
"1194",39213566,"Convolvulus lanuginosus",1,2017-04-21,2.73955801830684,42.8010383374169,10,"cbnmed"
"1195",39213048,"Convolvulus lanuginosus",1,2017-04-21,2.73958001795228,42.8010338948926,10,"cbnmed"
"1196",39213303,"Convolvulus lanuginosus",1,2017-04-21,2.74013022423618,42.7837708998295,10,"cbnmed"
"1197",39213118,"Convolvulus lanuginosus",1,2017-04-21,2.74154752956923,42.7858514262639,10,"cbnmed"
"1198",39213018,"Convolvulus lanuginosus",1,2017-04-21,2.74027585722192,42.7841264276173,10,"cbnmed"
"1199",39221517,"Convolvulus lanuginosus",1,2017-04-21,2.74217064544357,42.7855966608954,10,"cbnmed"
"1200",39220559,"Convolvulus lanuginosus",1,2017-04-21,2.74172611732346,42.7862115280677,10,"cbnmed"
"1201",39220401,"Convolvulus lanuginosus",1,2017-04-21,2.74274372035493,42.7858902705631,10,"cbnmed"
"1202",39220180,"Convolvulus lanuginosus",1,2017-04-21,2.74183888050551,42.7855598953456,10,"cbnmed"
"1203",39220109,"Convolvulus lanuginosus",1,2017-04-21,2.74294396316841,42.786434753934,10,"cbnmed"
"1204",39219703,"Convolvulus lanuginosus",1,2017-04-21,2.74021079501421,42.7848635953443,10,"cbnmed"
"1205",39219533,"Convolvulus lanuginosus",1,2017-04-21,2.74271839778081,42.7863712703206,10,"cbnmed"
"1206",39217479,"Convolvulus lanuginosus",1,2017-04-21,2.74207709847952,42.7851918057841,10,"cbnmed"
"1207",39217352,"Convolvulus lanuginosus",1,2017-04-21,2.74183115303573,42.7863106907219,10,"cbnmed"
"1208",39217232,"Convolvulus lanuginosus",1,2017-04-21,2.74194930734376,42.7854342762846,10,"cbnmed"
"1209",39217196,"Convolvulus lanuginosus",1,2017-04-21,2.74064887469642,42.7847927218701,10,"cbnmed"
"1210",39217049,"Convolvulus lanuginosus",1,2017-04-21,2.74191148955195,42.7852633414381,10,"cbnmed"
"1211",39217006,"Convolvulus lanuginosus",1,2017-04-21,2.74275702065057,42.7860296751327,10,"cbnmed"
"1212",39212604,"Convolvulus lanuginosus",1,2017-04-21,2.73955066526813,42.8009079368681,10,"cbnmed"
"1213",39212337,"Convolvulus lanuginosus",1,2017-04-21,2.73919264094771,42.800826139491,10,"cbnmed"
"1214",39211646,"Convolvulus lanuginosus",1,2017-04-21,2.74224625032439,42.785587850921,10,"cbnmed"
"1215",39211338,"Convolvulus lanuginosus",1,2017-04-21,2.74087728515794,42.7849281508502,10,"cbnmed"
"1216",39210733,"Convolvulus lanuginosus",1,2017-04-21,2.73943226191872,42.8009256330331,10,"cbnmed"
"1217",39210305,"Convolvulus lanuginosus",1,2017-04-21,2.73927866541429,42.8008128608248,10,"cbnmed"
"1218",39210124,"Convolvulus lanuginosus",1,2017-04-21,2.73947921187894,42.8009122592469,10,"cbnmed"
"1219",39209927,"Convolvulus lanuginosus",1,2017-04-21,2.74183467707156,42.7856542989292,10,"cbnmed"
"1220",39209003,"Convolvulus lanuginosus",1,2017-04-21,2.74263916138647,42.7838623743029,10,"cbnmed"
"1221",39208450,"Convolvulus lanuginosus",1,2017-04-21,2.73959955529263,42.8010339423393,10,"cbnmed"
"1222",39208812,"Convolvulus lanuginosus",1,2017-04-21,2.73940069272762,42.8008311412724,10,"cbnmed"
"1223",39208281,"Convolvulus lanuginosus",1,2017-04-21,2.74280271085791,42.7863534890564,10,"cbnmed"
"1224",39209170,"Convolvulus lanuginosus",1,2017-04-21,2.74243393704548,42.7863750831568,10,"cbnmed"
"1225",39208533,"Convolvulus lanuginosus",1,2017-04-21,2.74263636704865,42.7864250241496,10,"cbnmed"
"1226",39221102,"Convolvulus lanuginosus",1,2017-04-21,2.73954330488432,42.8010517895451,10,"cbnmed"
"1227",39220860,"Convolvulus lanuginosus",1,2017-04-21,2.74092129974254,42.7850226708853,10,"cbnmed"
"1228",39218930,"Convolvulus lanuginosus",1,2017-04-21,2.73953497882838,42.8010023138159,10,"cbnmed"
"1229",39217487,"Convolvulus lanuginosus",1,2017-04-21,2.74157446850915,42.7861077570708,10,"cbnmed"
"1230",39215348,"Convolvulus lanuginosus",1,2017-04-21,2.74289996126958,42.7863087633924,10,"cbnmed"
"1231",39212652,"Convolvulus lanuginosus",1,2017-04-21,2.73955245661388,42.8009169331282,10,"cbnmed"
"1232",39211818,"Convolvulus lanuginosus",1,2017-04-21,2.74208122173848,42.7851153855941,10,"cbnmed"
"1233",39216267,"Convolvulus lanuginosus",1,2017-04-21,2.74181803713769,42.7856902259842,10,"cbnmed"
"1234",39214906,"Convolvulus lanuginosus",1,2017-04-21,2.7424488021258,42.7856647678764,10,"cbnmed"
"1235",39212118,"Convolvulus lanuginosus",1,2017-04-21,2.73934997880748,42.8008669856457,10,"cbnmed"
"1236",39211325,"Convolvulus lanuginosus",1,2017-04-21,2.73929172980147,42.8007859168642,10,"cbnmed"
"1237",39212128,"Convolvulus lanuginosus",1,2017-04-21,2.73987576245636,42.7848762705803,10,"cbnmed"
"1238",39220773,"Convolvulus lanuginosus",1,2017-04-21,2.74214024604435,42.7855696124353,10,"cbnmed"
"1239",39220899,"Convolvulus lanuginosus",1,2017-04-21,2.73953662283521,42.8009079027598,10,"cbnmed"
"1240",39220509,"Convolvulus lanuginosus",1,2017-04-21,2.74184728378744,42.7855644114722,10,"cbnmed"
"1241",39220000,"Convolvulus lanuginosus",1,2017-04-21,2.74195009882812,42.7856410891508,10,"cbnmed"
"1242",39219612,"Convolvulus lanuginosus",1,2017-04-21,2.74002326647646,42.7851958364953,10,"cbnmed"
"1243",39219028,"Convolvulus lanuginosus",1,2017-04-21,2.74141591967862,42.7859635061933,10,"cbnmed"
"1244",39218981,"Convolvulus lanuginosus",1,2017-04-21,2.74175784667516,42.7856091549712,10,"cbnmed"
"1245",39218417,"Convolvulus lanuginosus",1,2017-04-21,2.73992131176911,42.7844088088348,10,"cbnmed"
"1246",39218499,"Convolvulus lanuginosus",1,2017-04-21,2.74226563655438,42.7861993388254,10,"cbnmed"
"1247",39218008,"Convolvulus lanuginosus",1,2017-04-21,2.74184635412248,42.7856363434853,10,"cbnmed"
"1248",39217953,"Convolvulus lanuginosus",1,2017-04-21,2.74211333200488,42.7856100107105,10,"cbnmed"
"1249",39217414,"Convolvulus lanuginosus",1,2017-04-21,2.73931083909667,42.8007724754608,10,"cbnmed"
"1250",39217167,"Convolvulus lanuginosus",1,2017-04-21,2.73931014676302,42.8007634818697,10,"cbnmed"
"1251",39217276,"Convolvulus lanuginosus",1,2017-04-21,2.74192341779,42.7853263126068,10,"cbnmed"
"1252",39217042,"Convolvulus lanuginosus",1,2017-04-21,2.73938671196901,42.8008445951571,10,"cbnmed"
"1253",39216790,"Convolvulus lanuginosus",1,2017-04-21,2.74183361454185,42.786306200756,10,"cbnmed"
"1254",39216631,"Convolvulus lanuginosus",1,2017-04-21,2.73919994725885,42.8008306532156,10,"cbnmed"
"1255",39216292,"Convolvulus lanuginosus",1,2017-04-21,2.74278520651589,42.7858948660009,10,"cbnmed"
"1256",39215737,"Convolvulus lanuginosus",1,2017-04-21,2.74151223604292,42.7859367631189,10,"cbnmed"
"1257",39215880,"Convolvulus lanuginosus",1,2017-04-21,2.7427428254781,42.7860925835643,10,"cbnmed"
"1258",39215551,"Convolvulus lanuginosus",1,2017-04-21,2.74038843843996,42.7846122559951,10,"cbnmed"
"1259",39215384,"Convolvulus lanuginosus",1,2017-04-21,2.74214812118333,42.7855831190491,10,"cbnmed"
"1260",39215480,"Convolvulus lanuginosus",1,2017-04-21,2.74112508440003,42.7844926484732,10,"cbnmed"
"1261",39215174,"Convolvulus lanuginosus",1,2017-04-21,2.73928674469492,42.8008083845144,10,"cbnmed"
"1262",39214858,"Convolvulus lanuginosus",1,2017-04-21,2.73962335986023,42.8008991215012,10,"cbnmed"
"1263",39214653,"Convolvulus lanuginosus",1,2017-04-21,2.73929866862909,42.8007634539642,10,"cbnmed"
"1264",39214645,"Convolvulus lanuginosus",1,2017-04-21,2.73956062157362,42.8010023760997,10,"cbnmed"
"1265",39214318,"Convolvulus lanuginosus",1,2017-04-21,2.7417317823029,42.7855956045093,10,"cbnmed"
"1266",39213887,"Convolvulus lanuginosus",1,2017-04-21,2.74175952657053,42.7862206003377,10,"cbnmed"
"1267",39214141,"Convolvulus lanuginosus",1,2017-04-21,2.74013783288229,42.7837619265069,10,"cbnmed"
"1268",39214123,"Convolvulus lanuginosus",1,2017-04-21,2.74068181470834,42.7847972974436,10,"cbnmed"
"1269",39213852,"Convolvulus lanuginosus",1,2017-04-21,2.73953660269602,42.8009123986654,10,"cbnmed"
"1270",39213147,"Convolvulus lanuginosus",1,2017-04-21,2.74185564716143,42.7855779192833,10,"cbnmed"
"1271",39212316,"Convolvulus lanuginosus",1,2017-04-21,2.742385970155,42.7856286497806,10,"cbnmed"
"1272",39212310,"Convolvulus lanuginosus",1,2017-04-21,2.74009201373064,42.7844541816975,10,"cbnmed"
"1273",39212241,"Convolvulus lanuginosus",1,2017-04-21,2.74265538755971,42.785988968179,10,"cbnmed"
"1274",39212284,"Convolvulus lanuginosus",1,2017-04-21,2.74282071683013,42.7857600744502,10,"cbnmed"
"1275",39212026,"Convolvulus lanuginosus",1,2017-04-21,2.73950560737473,42.8009078274182,10,"cbnmed"
"1276",39212129,"Convolvulus lanuginosus",1,2017-04-21,2.73934733510883,42.8009119387645,10,"cbnmed"
"1277",39209145,"Convolvulus lanuginosus",1,2017-04-21,2.74266299066107,42.7859260439411,10,"cbnmed"
"1278",39211585,"Convolvulus lanuginosus",1,2017-04-21,2.74270107929051,42.7857328120283,10,"cbnmed"
"1279",39211149,"Convolvulus lanuginosus",1,2017-04-21,2.74083388671108,42.784914558277,10,"cbnmed"
"1280",39211169,"Convolvulus lanuginosus",1,2017-04-21,2.74265871285324,42.7838579253558,10,"cbnmed"
"1281",39211312,"Convolvulus lanuginosus",1,2017-04-21,2.73956829039747,42.8009259634944,10,"cbnmed"
"1282",39210696,"Convolvulus lanuginosus",1,2017-04-21,2.73959928703539,42.8009575104547,10,"cbnmed"
"1283",39210154,"Convolvulus lanuginosus",1,2017-04-21,2.73972381647551,42.7997349137984,10,"cbnmed"
"1284",23133279,"Convolvulus lanuginosus",1,2017-04-28,2.874681012399,43.0326213492946,10,"cbnmed"
"1285",23133115,"Convolvulus lanuginosus",1,2017-04-28,2.87195508156746,43.0179135059839,500,"cbnmed"
"1286",12798247,"Convolvulus lanuginosus",1,2017-05-10,5.65958974988434,43.2099924867617,10,"cbnmed"
"1287",24251372,"Convolvulus lanuginosus",1,2017-05-11,2.95372,42.9044799999999,10,"cbnmed"
"1288",36746429,"Convolvulus lanuginosus",1,2017-05-13,3.05615205673443,42.9087350094437,10,"cbnmed"
"1289",38336261,"Convolvulus lanuginosus",1,2017-05-15,3.07625940590171,43.09145163748,10,"cbnmed"
"1290",38345962,"Convolvulus lanuginosus",1,2017-05-15,3.07623394922555,43.090759105692,10,"cbnmed"
"1291",39208371,"Convolvulus lanuginosus",1,2017-05-16,2.74003069146194,42.7851733750546,10,"cbnmed"
"1292",39209220,"Convolvulus lanuginosus",1,2017-05-16,2.74002762098947,42.7852048388342,10,"cbnmed"
"1293",39219803,"Convolvulus lanuginosus",1,2017-05-16,2.74056524021707,42.786464990989,10,"cbnmed"
"1294",39219466,"Convolvulus lanuginosus",1,2017-05-16,2.7405981593524,42.7864470870698,10,"cbnmed"
"1295",39213594,"Convolvulus lanuginosus",1,2017-05-16,2.74193383409696,42.7853173459031,10,"cbnmed"
"1296",39212550,"Convolvulus lanuginosus",1,2017-05-16,2.74025887222382,42.8002307657772,10,"cbnmed"
"1297",39211248,"Convolvulus lanuginosus",1,2017-05-16,2.73834377545326,42.8011432843088,10,"cbnmed"
"1298",39214515,"Convolvulus lanuginosus",1,2017-05-16,2.74190352660913,42.7854071907352,10,"cbnmed"
"1299",39214509,"Convolvulus lanuginosus",1,2017-05-16,2.74081645568493,42.7849909462353,10,"cbnmed"
"1300",39213333,"Convolvulus lanuginosus",1,2017-05-16,2.74025765115688,42.8002307628194,10,"cbnmed"
"1301",39220669,"Convolvulus lanuginosus",1,2017-05-16,2.74190698937059,42.7854521579721,10,"cbnmed"
"1302",39217761,"Convolvulus lanuginosus",1,2017-05-16,2.74002460780392,42.7851688644121,10,"cbnmed"
"1303",39217120,"Convolvulus lanuginosus",1,2017-05-16,2.7400323402268,42.7851868667209,10,"cbnmed"
"1304",39210620,"Convolvulus lanuginosus",1,2017-05-16,2.74056570847361,42.7864694880167,10,"cbnmed"
"1305",39219972,"Convolvulus lanuginosus",1,2017-05-16,2.74083295392933,42.7849595149037,10,"cbnmed"
"1306",39215728,"Convolvulus lanuginosus",1,2017-05-16,2.74078591697237,42.7849953682858,10,"cbnmed"
"1307",39216434,"Convolvulus lanuginosus",1,2017-05-16,2.74080925141466,42.7849639534872,10,"cbnmed"
"1308",39220447,"Convolvulus lanuginosus",1,2017-05-16,2.73844181957912,42.802258521094,10,"cbnmed"
"1309",39220125,"Convolvulus lanuginosus",1,2017-05-16,2.74085118499653,42.7849775425299,10,"cbnmed"
"1310",39215935,"Convolvulus lanuginosus",1,2017-05-16,2.74194817197786,42.7852499420762,10,"cbnmed"
"1311",39209055,"Convolvulus lanuginosus",1,2017-05-16,2.7427806854543,42.7852609345972,10,"cbnmed"
"1312",20782281,"Convolvulus lanuginosus",1,2017-05-22,5.581588,43.2209909999998,10,"cbnmed"
"1313",20782282,"Convolvulus lanuginosus",1,2017-05-22,5.581405,43.2213839999998,10,"cbnmed"
"1314",20782283,"Convolvulus lanuginosus",1,2017-05-22,5.581407,43.2216039999998,10,"cbnmed"
"1315",20782284,"Convolvulus lanuginosus",1,2017-05-22,5.581703,43.2218309999998,10,"cbnmed"
"1316",39208316,"Convolvulus lanuginosus",1,2017-06-06,2.73793027835687,42.785707767812,10,"cbnmed"
"1317",39220781,"Convolvulus lanuginosus",1,2017-06-06,2.73796041037894,42.7856853620092,10,"cbnmed"
"1318",39219596,"Convolvulus lanuginosus",1,2017-06-06,2.73776687960121,42.7857208559188,10,"cbnmed"
"1319",39218350,"Convolvulus lanuginosus",1,2017-06-06,2.73782058184143,42.8023514191625,10,"cbnmed"
"1320",39216830,"Convolvulus lanuginosus",1,2017-06-06,2.73800696133141,42.7856495086506,10,"cbnmed"
"1321",39212864,"Convolvulus lanuginosus",1,2017-06-06,2.73790791763675,42.7856852336873,10,"cbnmed"
"1322",39211717,"Convolvulus lanuginosus",1,2017-06-06,2.73789328876039,42.7856807020296,10,"cbnmed"
"1323",39218297,"Convolvulus lanuginosus",1,2017-06-06,2.7378618158587,42.8024144634234,10,"cbnmed"
"1324",39217914,"Convolvulus lanuginosus",1,2017-06-06,2.73782672794199,42.8023424422677,10,"cbnmed"
"1325",39215435,"Convolvulus lanuginosus",1,2017-06-06,2.7382672220443,42.7854343416066,10,"cbnmed"
"1326",39214762,"Convolvulus lanuginosus",1,2017-06-06,2.73792600270257,42.8022617576481,10,"cbnmed"
"1327",39213839,"Convolvulus lanuginosus",1,2017-06-06,2.73865163559015,42.785354353422,10,"cbnmed"
"1328",39210228,"Convolvulus lanuginosus",1,2017-06-06,2.74368878891096,42.7865129674908,10,"cbnmed"
"1329",39217163,"Convolvulus lanuginosus",1,2017-06-06,2.73780897515782,42.7856984794217,10,"cbnmed"
"1330",39216166,"Convolvulus lanuginosus",1,2017-06-06,2.73787495707782,42.7856851530999,10,"cbnmed"
"1331",39216315,"Convolvulus lanuginosus",1,2017-06-06,2.73791760269201,42.7857032409324,10,"cbnmed"
"1332",39216461,"Convolvulus lanuginosus",1,2017-06-06,2.73789879376708,42.8023381224767,10,"cbnmed"
"1333",39214513,"Convolvulus lanuginosus",1,2017-06-06,2.73786490917835,42.8024054790631,10,"cbnmed"
"1334",39213314,"Convolvulus lanuginosus",1,2017-06-06,2.74202000634785,42.7865314441614,10,"cbnmed"
"1335",39212932,"Convolvulus lanuginosus",1,2017-06-06,2.73799345195094,42.7856674592012,10,"cbnmed"
"1336",39221103,"Convolvulus lanuginosus",1,2017-06-06,2.73783993718509,42.8023919301319,10,"cbnmed"
"1337",39220548,"Convolvulus lanuginosus",1,2017-06-06,2.73787211173899,42.8022975936102,10,"cbnmed"
"1338",39217391,"Convolvulus lanuginosus",1,2017-06-06,2.73784990878398,42.8023469949009,10,"cbnmed"
"1339",39212620,"Convolvulus lanuginosus",1,2017-06-06,2.7379900901353,42.8022394344556,10,"cbnmed"
"1340",39209306,"Convolvulus lanuginosus",1,2017-06-06,2.73783218989614,42.7856940403043,10,"cbnmed"
"1341",39208185,"Convolvulus lanuginosus",1,2017-06-06,2.73778938216341,42.7857119191765,10,"cbnmed"
"1342",39208644,"Convolvulus lanuginosus",1,2017-06-06,2.73833570517006,42.8022582622103,10,"cbnmed"
"1343",39218366,"Convolvulus lanuginosus",1,2017-06-06,2.74022238002749,42.8015659758246,10,"cbnmed"
"1344",39220455,"Convolvulus lanuginosus",1,2017-06-06,2.73755597671962,42.7860350523052,10,"cbnmed"
"1345",39217206,"Convolvulus lanuginosus",1,2017-06-06,2.74034373679187,42.8015707657112,10,"cbnmed"
"1346",39215882,"Convolvulus lanuginosus",1,2017-06-06,2.7378521077672,42.8024009518076,10,"cbnmed"
"1347",39212071,"Convolvulus lanuginosus",1,2017-06-06,2.7386643718398,42.7853453926902,10,"cbnmed"
"1348",39210992,"Convolvulus lanuginosus",1,2017-06-06,2.73796625879305,42.8022708479466,10,"cbnmed"
"1349",39210963,"Convolvulus lanuginosus",1,2017-06-06,2.73789749159028,42.802356103137,10,"cbnmed"
"1350",39210698,"Convolvulus lanuginosus",1,2017-06-06,2.74035778103928,42.801597775461,10,"cbnmed"
"1351",20760024,"Convolvulus lanuginosus",1,2017-06-13,5.60643934581897,43.2155283004547,10,"cbnmed"
"1352",24602703,"Convolvulus lanuginosus",1,2018-04-16,2.92962425900257,42.855308214331,500,"cbnmed"
"1353",24604379,"Convolvulus lanuginosus",1,2018-04-26,2.71274741682275,42.7716731596003,500,"cbnmed"
"1354",20798707,"Convolvulus lanuginosus",1,2018-05-06,5.76603691520041,43.2341292346019,10,"cbnmed"
"1355",20803431,"Convolvulus lanuginosus",1,2018-05-20,3.09027114732582,43.1366642824879,500,"cbnmed"
"1356",23095798,"Convolvulus lanuginosus",1,2018-05-22,3.01087875206762,42.9906309472217,10,"cbnmed"
"1357",23095830,"Convolvulus lanuginosus",1,2018-05-22,3.01139319571473,42.9901632382328,10,"cbnmed"
"1358",23095768,"Convolvulus lanuginosus",1,2018-05-22,3.01046226061072,42.9908378363248,10,"cbnmed"
"1359",23095886,"Convolvulus lanuginosus",1,2018-07-05,3.00688465448716,42.9879242724602,10,"cbnmed"
"1360",23095913,"Convolvulus lanuginosus",1,2018-07-05,3.0064315030771,42.9889045771784,10,"cbnmed"
"1361",24731286,"Convolvulus lanuginosus",1,2018-09-03,2.80085,42.77326,500,"cbnmed"
"1362",38334037,"Convolvulus lanuginosus",1,2018-09-04,3.11090972114455,43.1457564880936,10,"cbnmed"
"1363",23004833,"Convolvulus lanuginosus",1,2018-11-08,5.67798229491272,43.1834103163072,10,"cbnmed"
"1364",23013501,"Convolvulus lanuginosus",1,2018-12-02,5.68911807178095,43.1576363934433,10,"cbnmed"
"1365",23013552,"Convolvulus lanuginosus",1,2018-12-02,5.68511389805131,43.1569172031154,10,"cbnmed"
"1366",23013542,"Convolvulus lanuginosus",1,2018-12-02,5.69034685512791,43.1536638036709,10,"cbnmed"
"1367",23013551,"Convolvulus lanuginosus",1,2018-12-02,5.68628409946551,43.1577610386629,10,"cbnmed"
"1368",23013546,"Convolvulus lanuginosus",1,2018-12-02,5.6873081789825,43.1573125256024,10,"cbnmed"
"1369",23013553,"Convolvulus lanuginosus",1,2018-12-02,5.68506127479794,43.1571075103336,10,"cbnmed"
"1370",23013544,"Convolvulus lanuginosus",1,2018-12-02,5.68905935848409,43.156638873599,10,"cbnmed"
"1371",23013562,"Convolvulus lanuginosus",1,2018-12-02,5.69041518298693,43.1588280162341,10,"cbnmed"
"1372",23013564,"Convolvulus lanuginosus",1,2018-12-02,5.69121432150591,43.1593570650624,10,"cbnmed"
"1373",23013554,"Convolvulus lanuginosus",1,2018-12-02,5.68996977798669,43.1587671305215,10,"cbnmed"
"1374",23013566,"Convolvulus lanuginosus",1,2018-12-02,5.69494500171067,43.1586878885807,10,"cbnmed"
"1375",23013563,"Convolvulus lanuginosus",1,2018-12-02,5.6907898429041,43.1589536648483,10,"cbnmed"
"1376",23013612,"Convolvulus lanuginosus",1,2018-12-02,5.7632786577504,43.1947773906828,10,"cbnmed"
"1377",23013572,"Convolvulus lanuginosus",1,2018-12-02,5.69540490628259,43.1585323939351,10,"cbnmed"
"1378",23013545,"Convolvulus lanuginosus",1,2018-12-02,5.68886759107723,43.1580656340402,10,"cbnmed"
"1379",33065425,"Convolvulus lanuginosus",1,2018-12-29,3.00335128877379,42.8964836084549,10,"cbnmed"
"1380",24671692,"Convolvulus lanuginosus",1,2019-04-11,5.59132709934847,43.2176564027159,10,"cbnmed"
"1381",23219776,"Convolvulus lanuginosus",1,2019-04-29,3.00283758186147,42.8963667189691,10,"cbnmed"
"1382",24672018,"Convolvulus lanuginosus",1,2019-04-29,5.59126,43.2176399999999,10,"cbnmed"
"1383",24672019,"Convolvulus lanuginosus",1,2019-04-29,5.593385,43.2167999999999,10,"cbnmed"
"1384",23211554,"Convolvulus lanuginosus",1,2019-05-05,3.0511848348774,43.088651300684,10,"cbnmed"
"1385",23775469,"Convolvulus lanuginosus",1,2019-05-22,3.00295,43.0637583,10,"cbnmed"
"1386",23775485,"Convolvulus lanuginosus",1,2019-05-22,3.0017317,43.0690667,10,"cbnmed"
"1387",33060963,"Convolvulus lanuginosus",1,2019-06-06,3.0116268023263,42.994363128188,10,"cbnmed"
"1388",33064592,"Convolvulus lanuginosus",1,2019-06-06,3.01193312469121,42.9945159826265,10,"cbnmed"
"1389",33064277,"Convolvulus lanuginosus",1,2019-06-06,3.012178088136,42.9941831989985,10,"cbnmed"
"1390",33063916,"Convolvulus lanuginosus",1,2019-06-06,3.00422747290882,43.0033930923938,10,"cbnmed"
"1391",23368646,"Convolvulus lanuginosus",1,2019-11-19,5.738091,43.192132,10,"cbnmed"
"1392",23368645,"Convolvulus lanuginosus",1,2019-11-19,5.706398,43.149487,10,"cbnmed"
"1393",23733280,"Convolvulus lanuginosus",1,2019-12-20,3.057236,42.910858,10,"cbnmed"
"1394",24924520,"Convolvulus lanuginosus",1,2020-02-09,2.76778123477105,42.7652620481666,10,"cbnmed"
"1395",32814986,"Convolvulus lanuginosus",1,2020-04-14,5.76326430898856,43.1948914335831,10,"cbnmed"
"1396",24932097,"Convolvulus lanuginosus",1,2020-04-15,2.89727398459173,42.8400430799453,10,"cbnmed"
"1397",24665379,"Convolvulus lanuginosus",1,2020-04-15,2.75438,42.78369,10,"cbnmed"
"1398",24932120,"Convolvulus lanuginosus",1,2020-04-15,2.90102591970684,42.8396509501614,10,"cbnmed"
"1399",24932121,"Convolvulus lanuginosus",1,2020-04-15,2.90105000555028,42.839857792658,10,"cbnmed"
"1400",24932096,"Convolvulus lanuginosus",1,2020-04-15,2.89683425695715,42.8399527361687,10,"cbnmed"
"1401",38199826,"Convolvulus lanuginosus",1,2020-04-15,2.90097704366904,42.8396509050659,10,"cbnmed"
"1402",24931930,"Convolvulus lanuginosus",1,2020-04-28,2.88562545854118,42.8419286494432,10,"cbnmed"
"1403",24931927,"Convolvulus lanuginosus",1,2020-04-28,2.88538112205029,42.8419014121052,10,"cbnmed"
"1404",24931928,"Convolvulus lanuginosus",1,2020-04-28,2.88551535915858,42.8419914774764,10,"cbnmed"
"1405",24931932,"Convolvulus lanuginosus",1,2020-04-28,2.88582056391021,42.8421356779943,10,"cbnmed"
"1406",24931925,"Convolvulus lanuginosus",1,2020-04-28,2.88507579512784,42.8418201556713,10,"cbnmed"
"1407",24922609,"Convolvulus lanuginosus",1,2020-05-07,2.7190327,42.7656697999998,10,"cbnmed"
"1408",24922519,"Convolvulus lanuginosus",1,2020-05-07,2.71679883264323,42.7645100357796,10,"cbnmed"
"1409",24922510,"Convolvulus lanuginosus",1,2020-05-07,2.71482306675392,42.764271014351,10,"cbnmed"
"1410",24922565,"Convolvulus lanuginosus",1,2020-05-07,2.71859968183674,42.7655937739566,10,"cbnmed"
"1411",24922787,"Convolvulus lanuginosus",1,2020-05-07,2.72246768485551,42.7657027685182,10,"cbnmed"
"1412",24922517,"Convolvulus lanuginosus",1,2020-05-12,2.7157133342745,42.7718803121134,10,"cbnmed"
"1413",24922794,"Convolvulus lanuginosus",1,2020-05-12,2.72339507887275,42.7682857650385,10,"cbnmed"
"1414",24922716,"Convolvulus lanuginosus",1,2020-05-12,2.71956095693505,42.7687073999935,10,"cbnmed"
"1415",24922481,"Convolvulus lanuginosus",1,2020-05-12,2.71266449326402,42.7639865084476,10,"cbnmed"
"1416",24922822,"Convolvulus lanuginosus",1,2020-05-12,2.72408170640263,42.7701847735718,10,"cbnmed"
"1417",24922665,"Convolvulus lanuginosus",1,2020-05-12,2.71879340616717,42.7684356393523,10,"cbnmed"
"1418",24922853,"Convolvulus lanuginosus",1,2020-05-12,2.72666907681961,42.7675838253642,10,"cbnmed"
"1419",24922683,"Convolvulus lanuginosus",1,2020-05-12,2.71905355937912,42.7726893792944,10,"cbnmed"
"1420",24922484,"Convolvulus lanuginosus",1,2020-05-12,2.7139476,42.7640040999998,10,"cbnmed"
"1421",24922834,"Convolvulus lanuginosus",1,2020-05-12,2.72447526928862,42.7695473783849,10,"cbnmed"
"1422",24922637,"Convolvulus lanuginosus",1,2020-05-12,2.7186989,42.7683117999998,10,"cbnmed"
"1423",24922785,"Convolvulus lanuginosus",1,2020-05-12,2.72229218767121,42.7717896601121,10,"cbnmed"
"1424",24922801,"Convolvulus lanuginosus",1,2020-05-12,2.7224783238889,42.7685891110164,10,"cbnmed"
"1425",24922769,"Convolvulus lanuginosus",1,2020-05-12,2.72156117203503,42.7689733730872,10,"cbnmed"
"1426",33721135,"Convolvulus lanuginosus",1,2020-05-17,2.77379967462562,42.7898222704421,500,"cbnmed"
"1427",33736445,"Convolvulus lanuginosus",1,2020-05-17,2.78570313283324,42.7898017653075,500,"cbnmed"
"1428",33721849,"Convolvulus lanuginosus",1,2020-05-19,2.78390978489552,42.8006288858418,10,"cbnmed"
"1429",24716443,"Convolvulus lanuginosus",1,2020-05-19,3.03109,42.8973,10,"cbnmed"
"1430",33720696,"Convolvulus lanuginosus",1,2020-05-19,2.75298690974121,42.7805148112594,500,"cbnmed"
"1431",41749739,"Convolvulus lanuginosus",1,2020-05-20,5.58501000237313,43.2079500439537,10,"cbnmed"
"1432",41749738,"Convolvulus lanuginosus",1,2020-05-20,5.58504998627816,43.2079499861041,10,"cbnmed"
"1433",41749736,"Convolvulus lanuginosus",1,2020-05-20,5.58495995210386,43.2081099999481,10,"cbnmed"
"1434",41749737,"Convolvulus lanuginosus",1,2020-05-20,5.58493005425746,43.2081099961526,10,"cbnmed"
"1435",41749678,"Convolvulus lanuginosus",1,2020-05-20,5.58525996324376,43.2079599854867,10,"cbnmed"
"1436",41749731,"Convolvulus lanuginosus",1,2020-05-20,5.58498995889901,43.2080299926145,10,"cbnmed"
"1437",41749679,"Convolvulus lanuginosus",1,2020-05-20,5.58524998850019,43.2079900139035,10,"cbnmed"
"1438",41749680,"Convolvulus lanuginosus",1,2020-05-20,5.58518002466916,43.2079799902556,10,"cbnmed"
"1439",33741616,"Convolvulus lanuginosus",1,2020-05-26,2.79171946359322,42.7692324324263,10,"cbnmed"
"1440",33724762,"Convolvulus lanuginosus",1,2020-06-05,2.77257667180229,42.752941158796,10,"cbnmed"
"1441",33726415,"Convolvulus lanuginosus",1,2020-06-05,2.73795976626901,42.753585169983,500,"cbnmed"
"1442",36740647,"Convolvulus lanuginosus",1,2020-06-11,3.09182813365397,43.1349000479874,500,"cbnmed"
"1443",33577408,"Convolvulus lanuginosus",1,2021-04-07,3.0298,42.9971,10,"cbnmed"
"1444",33568042,"Convolvulus lanuginosus",1,2021-04-07,3.03097,42.9985,10,"cbnmed"
"1445",33568033,"Convolvulus lanuginosus",1,2021-04-07,3.0317,42.999,10,"cbnmed"
"1446",33577387,"Convolvulus lanuginosus",1,2021-04-07,3.02863,42.9989,10,"cbnmed"
"1447",37495180,"Convolvulus lanuginosus",1,2021-04-15,5.80636271888783,43.2274988852701,10,"cbnmed"
"1448",37495208,"Convolvulus lanuginosus",1,2021-04-15,5.80635789334177,43.2275009009084,10,"cbnmed"
"1449",38168212,"Convolvulus lanuginosus",1,2021-05-14,2.71673866094451,42.7718560517944,10,"cbnmed"
"1450",38188234,"Convolvulus lanuginosus",1,2021-05-14,2.71812361900539,42.7656194977369,10,"cbnmed"
"1451",38151189,"Convolvulus lanuginosus",1,2021-05-14,2.72771889922611,42.7701311339479,10,"cbnmed"
"1452",38194739,"Convolvulus lanuginosus",1,2021-05-14,2.7242665032078,42.7672449803514,10,"cbnmed"
"1453",38175009,"Convolvulus lanuginosus",1,2021-05-14,2.71640654785183,42.7723856826254,10,"cbnmed"
"1454",38182806,"Convolvulus lanuginosus",1,2021-05-14,2.71695974832687,42.7640428969909,10,"cbnmed"
"1455",38198384,"Convolvulus lanuginosus",1,2021-05-14,2.71858138949814,42.7668525540137,10,"cbnmed"
"1456",38184149,"Convolvulus lanuginosus",1,2021-05-14,2.71817736229524,42.767121241392,10,"cbnmed"
"1457",38154190,"Convolvulus lanuginosus",1,2021-05-14,2.72260269240412,42.7732201413186,10,"cbnmed"
"1458",38179120,"Convolvulus lanuginosus",1,2021-05-14,2.72412987446333,42.7677481604482,10,"cbnmed"
"1459",38151603,"Convolvulus lanuginosus",1,2021-05-14,2.72806492357925,42.7718224455014,10,"cbnmed"
"1460",38176493,"Convolvulus lanuginosus",1,2021-05-14,2.71836314410694,42.7640376027642,10,"cbnmed"
"1461",38190959,"Convolvulus lanuginosus",1,2021-05-14,2.7191941240618,42.7637970099377,10,"cbnmed"
"1462",38188978,"Convolvulus lanuginosus",1,2021-05-14,2.72342765117581,42.7665684463723,10,"cbnmed"
"1463",38198312,"Convolvulus lanuginosus",1,2021-05-14,2.71657407716814,42.7680611356668,10,"cbnmed"
"1464",38187623,"Convolvulus lanuginosus",1,2021-05-14,2.7192685687511,42.7660720843786,10,"cbnmed"
"1465",38168650,"Convolvulus lanuginosus",1,2021-05-14,2.72781337881289,42.770805748503,10,"cbnmed"
"1466",38180228,"Convolvulus lanuginosus",1,2021-05-14,2.71899136286272,42.7653520278926,10,"cbnmed"
"1467",38167340,"Convolvulus lanuginosus",1,2021-05-14,2.71793215468091,42.7673543788872,10,"cbnmed"
"1468",38187420,"Convolvulus lanuginosus",1,2021-05-14,2.71907079472671,42.76659308066,10,"cbnmed"
"1469",38164165,"Convolvulus lanuginosus",1,2021-05-14,2.71787018190011,42.7650343754111,10,"cbnmed"
"1470",38160477,"Convolvulus lanuginosus",1,2021-05-14,2.7207418351406,42.7642326515154,10,"cbnmed"
"1471",38195618,"Convolvulus lanuginosus",1,2021-05-14,2.72233902584853,42.7645335248539,10,"cbnmed"
"1472",38187319,"Convolvulus lanuginosus",1,2021-05-14,2.71729855056358,42.7646372378066,10,"cbnmed"
"1473",38151545,"Convolvulus lanuginosus",1,2021-05-14,2.7248008244876,42.7729650489342,10,"cbnmed"
"1474",38188457,"Convolvulus lanuginosus",1,2021-05-14,2.71744343668803,42.7674699828157,10,"cbnmed"
"1475",38156617,"Convolvulus lanuginosus",1,2021-05-14,2.71674499898882,42.7730609539297,10,"cbnmed"
"1476",38163971,"Convolvulus lanuginosus",1,2021-05-14,2.71749299406981,42.7673172555913,10,"cbnmed"
"1477",33617760,"Convolvulus lanuginosus",1,2021-05-19,3.1407339,43.1703797,10,"cbnmed"
"1478",36953855,"Convolvulus lanuginosus",1,2021-05-27,5.580321,43.2201469999998,10,"cbnmed"
"1479",39017809,"Convolvulus lanuginosus",1,2021-05-27,5.58038826668728,43.2201067005679,10,"cbnmed"
"1480",39017817,"Convolvulus lanuginosus",1,2021-05-27,5.58058824465004,43.2198067226127,10,"cbnmed"
"1481",39017816,"Convolvulus lanuginosus",1,2021-05-27,5.58056497396317,43.2198449885863,10,"cbnmed"
"1482",33679194,"Convolvulus lanuginosus",1,2021-06-04,5.76431,43.2344,10,"cbnmed"
"1483",36952736,"Convolvulus lanuginosus",1,2021-06-10,5.5881689116,43.2158801843999,10,"cbnmed"
"1484",36952754,"Convolvulus lanuginosus",1,2021-06-10,5.5916235968,43.2183769437999,10,"cbnmed"
"1485",36952759,"Convolvulus lanuginosus",1,2021-06-10,5.588990422,43.2163215754999,10,"cbnmed"
"1486",36952774,"Convolvulus lanuginosus",1,2021-06-10,5.5907160882,43.2172793335999,10,"cbnmed"
"1487",36952761,"Convolvulus lanuginosus",1,2021-06-10,5.5914193299,43.2176868197999,10,"cbnmed"
"1488",36952737,"Convolvulus lanuginosus",1,2021-06-10,5.5927021801,43.2173907709999,10,"cbnmed"
"1489",36953021,"Convolvulus lanuginosus",1,2021-06-10,5.5928274058,43.2152107217999,10,"cbnmed"
"1490",36952765,"Convolvulus lanuginosus",1,2021-06-10,5.5929510389,43.2166729028999,10,"cbnmed"
"1491",36953023,"Convolvulus lanuginosus",1,2021-06-10,5.5929642823,43.2167113339999,10,"cbnmed"
"1492",36952782,"Convolvulus lanuginosus",1,2021-06-10,5.5901505612,43.2168003916999,10,"cbnmed"
"1493",36952734,"Convolvulus lanuginosus",1,2021-06-10,5.590813905,43.2174149108999,10,"cbnmed"
"1494",36952735,"Convolvulus lanuginosus",1,2021-06-10,5.5917102657,43.2182481558999,10,"cbnmed"
"1495",36953027,"Convolvulus lanuginosus",1,2021-06-10,5.589878317,43.2168105337999,10,"cbnmed"
"1496",36953020,"Convolvulus lanuginosus",1,2021-06-10,5.589769939,43.2166273053999,10,"cbnmed"
"1497",36952786,"Convolvulus lanuginosus",1,2021-06-10,5.5898903869,43.2166813266999,10,"cbnmed"
"1498",36952743,"Convolvulus lanuginosus",1,2021-06-10,5.5890164897,43.2162116467999,10,"cbnmed"
"1499",36952749,"Convolvulus lanuginosus",1,2021-06-10,5.588799566,43.2161088007999,10,"cbnmed"
"1500",36952766,"Convolvulus lanuginosus",1,2021-06-10,5.588688422,43.2161908177999,10,"cbnmed"
"1501",36952751,"Convolvulus lanuginosus",1,2021-06-10,5.5888360273,43.2163940369999,10,"cbnmed"
"1502",36952778,"Convolvulus lanuginosus",1,2021-06-10,5.5873290449,43.2150268228999,10,"cbnmed"
"1503",36952742,"Convolvulus lanuginosus",1,2021-06-10,5.590322,43.2168737999999,10,"cbnmed"
"1504",36952794,"Convolvulus lanuginosus",1,2021-06-10,5.5906997,43.2171167999999,10,"cbnmed"
"1505",36952792,"Convolvulus lanuginosus",1,2021-06-10,5.5895445496,43.2165899639999,10,"cbnmed"
"1506",36952787,"Convolvulus lanuginosus",1,2021-06-10,5.5891218502,43.2163707352999,10,"cbnmed"
"1507",36952796,"Convolvulus lanuginosus",1,2021-06-10,5.5879999,43.2155525999999,10,"cbnmed"
"1508",36952738,"Convolvulus lanuginosus",1,2021-06-10,5.5880083,43.2153415999999,10,"cbnmed"
"1509",36952767,"Convolvulus lanuginosus",1,2021-06-10,5.5876344815,43.2152330176999,10,"cbnmed"
"1510",36952747,"Convolvulus lanuginosus",1,2021-06-10,5.5876888,43.2151729999999,10,"cbnmed"
"1511",36952739,"Convolvulus lanuginosus",1,2021-06-10,5.5875402,43.2151392999999,10,"cbnmed"
"1512",36952746,"Convolvulus lanuginosus",1,2021-06-10,5.5872406,43.2147912999999,10,"cbnmed"
"1513",36953013,"Convolvulus lanuginosus",1,2021-06-10,5.5895539,43.2166479999999,10,"cbnmed"
"1514",36953030,"Convolvulus lanuginosus",1,2021-06-10,5.5896363,43.2168307999999,10,"cbnmed"
"1515",36953022,"Convolvulus lanuginosus",1,2021-06-10,5.5906878,43.2173251999999,10,"cbnmed"
"1516",36952784,"Convolvulus lanuginosus",1,2021-06-10,5.5912224,43.2176879999999,10,"cbnmed"
"1517",36952741,"Convolvulus lanuginosus",1,2021-06-10,5.5912836,43.2175892999999,10,"cbnmed"
"1518",36953026,"Convolvulus lanuginosus",1,2021-06-10,5.5914448,43.2187952999999,10,"cbnmed"
"1519",36953016,"Convolvulus lanuginosus",1,2021-06-10,5.5895375088,43.2167566380999,10,"cbnmed"
"1520",36953015,"Convolvulus lanuginosus",1,2021-06-10,5.5911122,43.2176485999999,10,"cbnmed"
"1521",36952795,"Convolvulus lanuginosus",1,2021-06-10,5.590711,43.2173209999999,10,"cbnmed"
"1522",36952777,"Convolvulus lanuginosus",1,2021-06-10,5.588141,43.2156051999999,10,"cbnmed"
"1523",36952762,"Convolvulus lanuginosus",1,2021-06-10,5.593065368,43.2167851365999,10,"cbnmed"
"1524",36952781,"Convolvulus lanuginosus",1,2021-06-10,5.5901563447,43.2169211329999,10,"cbnmed"
"1525",36952758,"Convolvulus lanuginosus",1,2021-06-10,5.5871974491,43.2149545289999,10,"cbnmed"
"1526",36952793,"Convolvulus lanuginosus",1,2021-06-10,5.5894583,43.2165165999999,10,"cbnmed"
"1527",36953014,"Convolvulus lanuginosus",1,2021-06-10,5.5886188,43.2160236999999,10,"cbnmed"
"1528",36952771,"Convolvulus lanuginosus",1,2021-06-10,5.5916322,43.2185063999999,10,"cbnmed"
"1529",36952745,"Convolvulus lanuginosus",1,2021-06-10,5.5888901744,43.2164664146999,10,"cbnmed"
"1530",36952750,"Convolvulus lanuginosus",1,2021-06-10,5.5894995388,43.2166265928999,10,"cbnmed"
"1531",36952756,"Convolvulus lanuginosus",1,2021-06-10,5.5816029478,43.2217265199999,10,"cbnmed"
"1532",36952788,"Convolvulus lanuginosus",1,2021-06-10,5.5816450249,43.2218043878999,10,"cbnmed"
"1533",36952780,"Convolvulus lanuginosus",1,2021-06-10,5.5815067235,43.2216993206999,10,"cbnmed"
"1534",36952797,"Convolvulus lanuginosus",1,2021-06-10,5.5815804843,43.2218474288999,10,"cbnmed"
"1535",36953029,"Convolvulus lanuginosus",1,2021-06-10,5.5816913,43.2213184999999,10,"cbnmed"
"1536",36952764,"Convolvulus lanuginosus",1,2021-06-10,5.5815899,43.2218046999999,10,"cbnmed"
"1537",36952773,"Convolvulus lanuginosus",1,2021-06-10,5.5815504,43.2215395999999,10,"cbnmed"
"1538",36952755,"Convolvulus lanuginosus",1,2021-06-10,5.5816577654,43.2210908783999,10,"cbnmed"
"1539",36952744,"Convolvulus lanuginosus",1,2021-06-10,5.5816202983,43.2211568438999,10,"cbnmed"
"1540",36952785,"Convolvulus lanuginosus",1,2021-06-10,5.5816216394,43.2209871103999,10,"cbnmed"
"1541",36952789,"Convolvulus lanuginosus",1,2021-06-10,5.5815073,43.2213298999999,10,"cbnmed"
"1542",36952768,"Convolvulus lanuginosus",1,2021-06-10,5.5815076455,43.2215570797999,10,"cbnmed"
"1543",36952772,"Convolvulus lanuginosus",1,2021-06-10,5.5815389939,43.2212245277999,10,"cbnmed"
"1544",36953019,"Convolvulus lanuginosus",1,2021-06-10,5.5896562804,43.2166177918999,10,"cbnmed"
"1545",36952791,"Convolvulus lanuginosus",1,2021-06-10,5.5891890731,43.2164726592999,10,"cbnmed"
"1546",36953018,"Convolvulus lanuginosus",1,2021-06-10,5.588500835,43.2160700764999,10,"cbnmed"
"1547",36952770,"Convolvulus lanuginosus",1,2021-06-10,5.5896857847,43.2167639722999,10,"cbnmed"
"1548",36953028,"Convolvulus lanuginosus",1,2021-06-10,5.5869071838,43.2143486849999,10,"cbnmed"
"1549",36952775,"Convolvulus lanuginosus",1,2021-06-10,5.5892809387,43.2165799894999,10,"cbnmed"
"1550",36952776,"Convolvulus lanuginosus",1,2021-06-10,5.5899617169,43.2167847174999,10,"cbnmed"
"1551",36952740,"Convolvulus lanuginosus",1,2021-06-10,5.5815947335,43.2212103204999,10,"cbnmed"
"1552",36952763,"Convolvulus lanuginosus",1,2021-06-10,5.5894647,43.2165144999999,10,"cbnmed"
"1553",36952753,"Convolvulus lanuginosus",1,2021-06-10,5.5883549899,43.2159950583999,10,"cbnmed"
"1554",36952752,"Convolvulus lanuginosus",1,2021-06-10,5.5883224,43.2158444999999,10,"cbnmed"
"1555",36952779,"Convolvulus lanuginosus",1,2021-06-10,5.5887704,43.2165128999999,10,"cbnmed"
"1556",36952760,"Convolvulus lanuginosus",1,2021-06-10,5.5908227898,43.2173704029999,10,"cbnmed"
"1557",36952757,"Convolvulus lanuginosus",1,2021-06-10,5.5894292146,43.2165813305999,10,"cbnmed"
"1558",36952783,"Convolvulus lanuginosus",1,2021-06-10,5.5880283471,43.2157146837999,10,"cbnmed"
"1559",36953024,"Convolvulus lanuginosus",1,2021-06-10,5.5816021,43.2214623999999,10,"cbnmed"
"1560",36952790,"Convolvulus lanuginosus",1,2021-06-10,5.5879816599,43.2155229476999,10,"cbnmed"
"1561",36952748,"Convolvulus lanuginosus",1,2021-06-10,5.5893638358,43.2166149839999,10,"cbnmed"
"1562",36952769,"Convolvulus lanuginosus",1,2021-06-10,5.5815856811,43.2212747353999,10,"cbnmed"
"1563",36953105,"Convolvulus lanuginosus",1,2021-06-18,5.5892828666,43.1747877364999,10,"cbnmed"
"1564",36076934,"Convolvulus lanuginosus",1,2022-01-26,5.79706,43.1538,10,"cbnmed"
"1565",36076679,"Convolvulus lanuginosus",1,2022-01-26,5.77881,43.1607,10,"cbnmed"
"1566",36076201,"Convolvulus lanuginosus",1,2022-01-26,5.77852,43.1607,10,"cbnmed"
"1567",37765266,"Convolvulus lanuginosus",1,2022-04-07,3.00447,42.8966,10,"cbnmed"
"1568",38188515,"Convolvulus lanuginosus",1,2022-05-09,2.7220308135889,42.7677427367331,10,"cbnmed"
"1569",38183062,"Convolvulus lanuginosus",1,2022-05-09,2.71264927046765,42.7645978974862,10,"cbnmed"
"1570",38155468,"Convolvulus lanuginosus",1,2022-05-09,2.71768652201472,42.7651597744316,10,"cbnmed"
"1571",39018669,"Convolvulus lanuginosus",1,2022-05-15,5.5846590317141,43.2078604428301,10,"cbnmed"
"1572",39018834,"Convolvulus lanuginosus",1,2022-05-23,5.58677099665547,43.210490080644,10,"cbnmed"
"1573",39018672,"Convolvulus lanuginosus",1,2022-05-23,5.58472764627788,43.2125401596952,10,"cbnmed"
"1574",39018710,"Convolvulus lanuginosus",1,2022-05-23,5.58534036356389,43.2125583323709,10,"cbnmed"
"1575",39018687,"Convolvulus lanuginosus",1,2022-05-23,5.58489296802085,43.2126242186501,10,"cbnmed"
"1576",39018679,"Convolvulus lanuginosus",1,2022-05-23,5.58479794746012,43.2125603455696,10,"cbnmed"
"1577",39018713,"Convolvulus lanuginosus",1,2022-05-23,5.58536536417525,43.2126714917551,10,"cbnmed"
"1578",39018662,"Convolvulus lanuginosus",1,2022-05-23,5.58460087136267,43.212489826798,10,"cbnmed"
"1579",39018728,"Convolvulus lanuginosus",1,2022-05-23,5.58549932908835,43.2126405627228,10,"cbnmed"
"1580",39018720,"Convolvulus lanuginosus",1,2022-05-23,5.58542541721471,43.2125644846269,10,"cbnmed"
"1581",39018674,"Convolvulus lanuginosus",1,2022-05-23,5.5847490378426,43.2124930280534,10,"cbnmed"
"1582",39018893,"Convolvulus lanuginosus",1,2022-05-24,5.58728585182918,43.2145082411298,10,"cbnmed"
"1583",39018924,"Convolvulus lanuginosus",1,2022-05-24,5.58761324249476,43.2152073332921,10,"cbnmed"
"1584",39018912,"Convolvulus lanuginosus",1,2022-05-24,5.58742936362718,43.2150389439793,10,"cbnmed"
"1585",39018921,"Convolvulus lanuginosus",1,2022-05-24,5.58756675930743,43.2151695682485,10,"cbnmed"
"1586",39018856,"Convolvulus lanuginosus",1,2022-05-24,5.58688861799983,43.2142576669147,10,"cbnmed"
"1587",39018873,"Convolvulus lanuginosus",1,2022-05-24,5.58718173611897,43.2144145283374,10,"cbnmed"
"1588",39018895,"Convolvulus lanuginosus",1,2022-05-24,5.58729689532014,43.2152406574316,10,"cbnmed"
"1589",39018902,"Convolvulus lanuginosus",1,2022-05-24,5.58736517162359,43.2152512604361,10,"cbnmed"
"1590",39018909,"Convolvulus lanuginosus",1,2022-05-24,5.58741951352691,43.2150882295453,10,"cbnmed"
"1591",39018877,"Convolvulus lanuginosus",1,2022-05-24,5.58722832964728,43.2144245712069,10,"cbnmed"
"1592",39018908,"Convolvulus lanuginosus",1,2022-05-24,5.58741586639466,43.2152731747824,10,"cbnmed"
"1593",39018903,"Convolvulus lanuginosus",1,2022-05-24,5.58736880632923,43.2152939227899,10,"cbnmed"
"1594",39018914,"Convolvulus lanuginosus",1,2022-05-24,5.58746614690599,43.2152089700574,10,"cbnmed"
"1595",39018910,"Convolvulus lanuginosus",1,2022-05-24,5.58741971160648,43.2152271831388,10,"cbnmed"
"1596",39018901,"Convolvulus lanuginosus",1,2022-05-24,5.58736457573295,43.2144746741869,10,"cbnmed"
"1597",39018859,"Convolvulus lanuginosus",1,2022-05-24,5.58694967249328,43.2143075927501,10,"cbnmed"
"1598",39018864,"Convolvulus lanuginosus",1,2022-05-24,5.58706060967661,43.2143311231123,10,"cbnmed"
"1599",39018858,"Convolvulus lanuginosus",1,2022-05-24,5.58693292582522,43.2142935943634,10,"cbnmed"
"1600",39018818,"Convolvulus lanuginosus",1,2022-05-24,5.58651175795399,43.2142997292357,10,"cbnmed"
"1601",39018904,"Convolvulus lanuginosus",1,2022-05-24,5.58736972624414,43.2151991318613,10,"cbnmed"
"1602",39018841,"Convolvulus lanuginosus",1,2022-05-24,5.58685771697673,43.2142847772745,10,"cbnmed"
"1603",39018917,"Convolvulus lanuginosus",1,2022-05-24,5.5875202099043,43.2151056150872,10,"cbnmed"
"1604",39018808,"Convolvulus lanuginosus",1,2022-05-24,5.58639036582697,43.2142488192373,10,"cbnmed"
"1605",39018916,"Convolvulus lanuginosus",1,2022-05-24,5.587516308323,43.2151558380333,10,"cbnmed"
"1606",39018920,"Convolvulus lanuginosus",1,2022-05-24,5.58755195264085,43.2151686632689,10,"cbnmed"
"1607",39018913,"Convolvulus lanuginosus",1,2022-05-24,5.58746605056262,43.2151683828497,10,"cbnmed"
"1608",39018925,"Convolvulus lanuginosus",1,2022-05-24,5.58761808098741,43.2151587978543,10,"cbnmed"
"1609",39018894,"Convolvulus lanuginosus",1,2022-05-24,5.58728973246877,43.2145344277678,10,"cbnmed"
"1610",39018911,"Convolvulus lanuginosus",1,2022-05-24,5.58742390542255,43.2151807331441,10,"cbnmed"
"1611",39018862,"Convolvulus lanuginosus",1,2022-05-24,5.58703048919289,43.214317985326,10,"cbnmed"
"1612",39018922,"Convolvulus lanuginosus",1,2022-05-24,5.58757619442603,43.2150890629848,10,"cbnmed"
"1613",39018892,"Convolvulus lanuginosus",1,2022-05-24,5.58727504576149,43.2144620607733,10,"cbnmed"
"1614",39018907,"Convolvulus lanuginosus",1,2022-05-24,5.58741354676844,43.2153010400658,10,"cbnmed"
"1615",39018396,"Convolvulus lanuginosus",1,2022-05-24,5.58309264075079,43.2119767666994,10,"cbnmed"
"1616",39018900,"Convolvulus lanuginosus",1,2022-05-24,5.58735324649963,43.2152487563642,10,"cbnmed"
"1617",37763458,"Convolvulus lanuginosus",1,2022-11-26,5.690194,43.158139,10,"cbnmed"
"1618",38239429,"Convolvulus lanuginosus",1,2023-02-26,5.69101,43.1592,10,"cbnmed"
"1619",38239449,"Convolvulus lanuginosus",1,2023-02-26,5.69027,43.1585,10,"cbnmed"
"1620",38238954,"Convolvulus lanuginosus",1,2023-02-26,5.70224,43.1645,10,"cbnmed"
"1621",38238914,"Convolvulus lanuginosus",1,2023-02-26,5.70221,43.1644,10,"cbnmed"
"1622",38239398,"Convolvulus lanuginosus",1,2023-02-26,5.69565,43.1584,10,"cbnmed"
"1623",38239421,"Convolvulus lanuginosus",1,2023-02-26,5.69496,43.1587,10,"cbnmed"
"1624",38239427,"Convolvulus lanuginosus",1,2023-02-26,5.69448,43.159,10,"cbnmed"
"1625",38315369,"Convolvulus lanuginosus",1,2023-04-05,5.203997,43.331379,10,"cbnmed"
"1626",38315403,"Convolvulus lanuginosus",1,2023-04-05,5.193426,43.331862,10,"cbnmed"
"1627",38315416,"Convolvulus lanuginosus",1,2023-04-05,5.204057,43.331313,10,"cbnmed"
"1628",38315400,"Convolvulus lanuginosus",1,2023-04-05,5.204737,43.331158,10,"cbnmed"
"1629",38315402,"Convolvulus lanuginosus",1,2023-04-05,5.196292,43.331412,10,"cbnmed"
"1630",38315413,"Convolvulus lanuginosus",1,2023-04-05,5.204199,43.331212,10,"cbnmed"
"1631",38279169,"Convolvulus lanuginosus",1,2023-04-05,5.209026,43.331086,10,"cbnmed"
"1632",38279211,"Convolvulus lanuginosus",1,2023-04-05,5.209278,43.331013,10,"cbnmed"
"1633",38279255,"Convolvulus lanuginosus",1,2023-04-05,5.208924,43.331108,10,"cbnmed"
"1634",38279364,"Convolvulus lanuginosus",1,2023-04-05,5.20804,43.330879,10,"cbnmed"
"1635",38279368,"Convolvulus lanuginosus",1,2023-04-05,5.209259,43.331003,10,"cbnmed"
"1636",38279427,"Convolvulus lanuginosus",1,2023-04-05,5.206961,43.33099,10,"cbnmed"
"1637",38279449,"Convolvulus lanuginosus",1,2023-04-05,5.208771,43.331134,10,"cbnmed"
"1638",39943681,"Convolvulus lanuginosus",1,2023-04-07,2.74296513178552,42.7951802529374,10,"cbnmed"
"1639",39931884,"Convolvulus lanuginosus",1,2023-04-07,2.74333667075511,42.788458849005,10,"cbnmed"
"1640",39957399,"Convolvulus lanuginosus",1,2023-04-07,2.74569117055793,42.7910828763978,10,"cbnmed"
"1641",39955449,"Convolvulus lanuginosus",1,2023-04-07,2.7452906058664,42.795011360433,10,"cbnmed"
"1642",38311344,"Convolvulus lanuginosus",1,2023-04-27,5.192039,43.333005,10,"cbnmed"
"1643",38317149,"Convolvulus lanuginosus",1,2023-05-05,5.76614,43.2344,10,"cbnmed"
"1644",38317139,"Convolvulus lanuginosus",1,2023-05-05,5.76654,43.234463,10,"cbnmed"
"1645",38781472,"Convolvulus lanuginosus",1,2023-05-07,3.0512,43.0891,10,"cbnmed"
"1646",38781860,"Convolvulus lanuginosus",1,2023-05-08,3.01031,42.9905,10,"cbnmed"
"1647",38781618,"Convolvulus lanuginosus",1,2023-05-08,3.01361,42.9821,10,"cbnmed"
"1648",39948325,"Convolvulus lanuginosus",1,2023-05-09,2.7425486843743,42.7858250615192,10,"cbnmed"
"1649",39935243,"Convolvulus lanuginosus",1,2023-05-09,2.74181148626805,42.785790918173,10,"cbnmed"
"1650",39965128,"Convolvulus lanuginosus",1,2023-05-09,2.74217666102385,42.7854788830341,10,"cbnmed"
"1651",39919971,"Convolvulus lanuginosus",1,2023-05-09,2.74158613062026,42.7859558240138,10,"cbnmed"
"1652",39018857,"Convolvulus lanuginosus",1,2023-05-10,5.58689117980272,43.2147432393529,10,"cbnmed"
"1653",39018870,"Convolvulus lanuginosus",1,2023-05-10,5.58710040766635,43.2149034619142,10,"cbnmed"
"1654",38322722,"Convolvulus lanuginosus",1,2023-05-11,2.820128,42.995807,10,"cbnmed"
"1655",38417746,"Convolvulus lanuginosus",1,2023-05-18,5.207556,43.331575,10,"cbnmed"
"1656",39951078,"Convolvulus lanuginosus",1,2023-05-30,2.74017413341928,42.7967866669872,10,"cbnmed"
"1657",39943598,"Convolvulus lanuginosus",1,2023-05-30,2.74347582919936,42.7956589438834,10,"cbnmed"
"1658",39926423,"Convolvulus lanuginosus",1,2023-05-30,2.74793376513351,42.7961937424645,10,"cbnmed"
"1659",39963479,"Convolvulus lanuginosus",1,2023-05-30,2.74911578595103,42.7958880937635,10,"cbnmed"
"1660",39940036,"Convolvulus lanuginosus",1,2023-05-30,2.74039981303586,42.7839783636724,10,"cbnmed"
"1661",39963363,"Convolvulus lanuginosus",1,2023-05-30,2.74078400598764,42.7846024230881,10,"cbnmed"
"1662",39934933,"Convolvulus lanuginosus",1,2023-05-30,2.75192269786024,42.7936313752545,10,"cbnmed"
"1663",39920686,"Convolvulus lanuginosus",1,2023-05-30,2.74720215171966,42.7965292151038,10,"cbnmed"
"1664",39038048,"Convolvulus lanuginosus",1,2023-10-15,3.05389,42.9238,10,"cbnmed"
"1665",39038067,"Convolvulus lanuginosus",1,2023-10-15,3.05369,42.92508,10,"cbnmed"
"1666",39531875,"Convolvulus lanuginosus",1,2024-01-05,3.008,42.99285,10,"cbnmed"
"1667",39536374,"Convolvulus lanuginosus",1,2024-04-06,5.77864,43.16051,10,"cbnmed"
"1668",39536350,"Convolvulus lanuginosus",1,2024-04-06,5.77876,43.16076,10,"cbnmed"
"1669",39938792,"Convolvulus lanuginosus",1,2024-06-03,2.72924757706613,42.7948983153528,10,"cbnmed"
"1670",40513933,"Convolvulus lanuginosus",1,2024-11-01,5.73883,43.19537,10,"cbnmed"
"1671",41089326,"Convolvulus lanuginosus",1,2024-12-01,5.72177,43.14389,10,"cbnmed"
"1672",41089426,"Convolvulus lanuginosus",1,2024-12-01,5.72499,43.13918,10,"cbnmed"
"1673",41089442,"Convolvulus lanuginosus",1,2024-12-01,5.72451,43.14062,10,"cbnmed"
"1674",40804298,"Convolvulus lanuginosus",1,2024-12-22,5.74617,43.2302,10,"cbnmed"
"1675",40804659,"Convolvulus lanuginosus",1,2024-12-22,5.74541,43.23748,10,"cbnmed"
"1676",40804660,"Convolvulus lanuginosus",1,2024-12-22,5.74332,43.23219,10,"cbnmed"
"1677",40804658,"Convolvulus lanuginosus",1,2024-12-22,5.74574,43.23715,10,"cbnmed"
"1678",40804670,"Convolvulus lanuginosus",1,2024-12-22,5.74519,43.23763,10,"cbnmed"
"1679",40804963,"Convolvulus lanuginosus",1,2024-12-22,5.7425,43.2326,10,"cbnmed"
"1680",40805591,"Convolvulus lanuginosus",1,2024-12-22,5.73579,43.23401,10,"cbnmed"
"1681",40805593,"Convolvulus lanuginosus",1,2024-12-22,5.73865,43.23304,10,"cbnmed"
"1682",40805594,"Convolvulus lanuginosus",1,2024-12-22,5.73714,43.23332,10,"cbnmed"
"1683",40805600,"Convolvulus lanuginosus",1,2024-12-22,5.73606,43.23385,10,"cbnmed"
"1684",40803564,"Convolvulus lanuginosus",1,2024-12-22,5.74959,43.23297,10,"cbnmed"
"1685",40803573,"Convolvulus lanuginosus",1,2024-12-22,5.74888,43.22979,10,"cbnmed"
"1686",40803593,"Convolvulus lanuginosus",1,2024-12-22,5.749692,43.232872,10,"cbnmed"
"1687",40803507,"Convolvulus lanuginosus",1,2024-12-22,5.75205,43.23061,10,"cbnmed"
"1688",40803514,"Convolvulus lanuginosus",1,2024-12-22,5.75147,43.23111,10,"cbnmed"
"1689",40803548,"Convolvulus lanuginosus",1,2024-12-22,5.74912,43.22985,10,"cbnmed"
"1690",40803556,"Convolvulus lanuginosus",1,2024-12-22,5.75028,43.23228,10,"cbnmed"
"1691",40803569,"Convolvulus lanuginosus",1,2024-12-22,5.74933,43.2333,10,"cbnmed"
"1692",40803592,"Convolvulus lanuginosus",1,2024-12-22,5.750598,43.23194,10,"cbnmed"
"1693",40803595,"Convolvulus lanuginosus",1,2024-12-22,5.749337,43.233238,10,"cbnmed"
"1694",40803699,"Convolvulus lanuginosus",1,2024-12-22,5.74838,43.23419,10,"cbnmed"
"1695",40804297,"Convolvulus lanuginosus",1,2024-12-22,5.74644,43.23,10,"cbnmed"
"1696",40804430,"Convolvulus lanuginosus",1,2024-12-22,5.74643,43.23634,10,"cbnmed"
"1697",40805601,"Convolvulus lanuginosus",1,2024-12-22,5.73651,43.23343,10,"cbnmed"
"1698",40803673,"Convolvulus lanuginosus",1,2024-12-22,5.74778,43.22899,10,"cbnmed"
"1699",40803704,"Convolvulus lanuginosus",1,2024-12-22,5.74779,43.23484,10,"cbnmed"
"1700",40803712,"Convolvulus lanuginosus",1,2024-12-22,5.74693,43.22957,10,"cbnmed"
"1701",40805584,"Convolvulus lanuginosus",1,2024-12-22,5.73972,43.23265,10,"cbnmed"
"1702",40805580,"Convolvulus lanuginosus",1,2024-12-22,5.74022,43.23254,10,"cbnmed"
"1703",40805199,"Convolvulus lanuginosus",1,2024-12-22,5.74052,43.23247,10,"cbnmed"
"1704",40805190,"Convolvulus lanuginosus",1,2024-12-22,5.7413,43.23221,10,"cbnmed"
"1705",40805176,"Convolvulus lanuginosus",1,2024-12-22,5.74187,43.2327,10,"cbnmed"
"1706",40804990,"Convolvulus lanuginosus",1,2024-12-22,5.74186,43.23249,10,"cbnmed"
"1707",40804662,"Convolvulus lanuginosus",1,2024-12-22,5.7433,43.23251,10,"cbnmed"
"1708",40804476,"Convolvulus lanuginosus",1,2024-12-22,5.74445,43.23133,10,"cbnmed"
"1709",40804494,"Convolvulus lanuginosus",1,2024-12-22,5.74359,43.23187,10,"cbnmed"
"1710",40804449,"Convolvulus lanuginosus",1,2024-12-22,5.74521,43.23085,10,"cbnmed"
"1711",40804437,"Convolvulus lanuginosus",1,2024-12-22,5.74616,43.23661,10,"cbnmed"
"1712",40803728,"Convolvulus lanuginosus",1,2024-12-22,5.74665,43.2298,10,"cbnmed"
"1713",40810997,"Convolvulus lanuginosus",1,2025-01-03,5.75807,43.24571,10,"cbnmed"
"1714",40813961,"Convolvulus lanuginosus",1,2025-01-05,5.76482,43.24065,10,"cbnmed"
"1715",40814200,"Convolvulus lanuginosus",1,2025-01-05,5.77028,43.2346,10,"cbnmed"
"1716",40814224,"Convolvulus lanuginosus",1,2025-01-05,5.77124,43.23513,10,"cbnmed"
"1717",40814305,"Convolvulus lanuginosus",1,2025-01-05,5.77162,43.23552,10,"cbnmed"
"1718",40814521,"Convolvulus lanuginosus",1,2025-01-05,5.76441,43.24627,10,"cbnmed"
"1719",40984604,"Convolvulus lanuginosus",1,2025-02-05,5.79556,43.24262,10,"cbnmed"
"1720",40984635,"Convolvulus lanuginosus",1,2025-02-05,5.79651,43.24091,10,"cbnmed"
"1721",40984778,"Convolvulus lanuginosus",1,2025-02-05,5.79676,43.23993,10,"cbnmed"
"1722",40986049,"Convolvulus lanuginosus",1,2025-02-06,5.79793,43.23715,10,"cbnmed"
"1723",41541587,"Convolvulus lanuginosus",1,2025-04-22,3.006354,42.898232,500,"cbnmed"
"1724",41541641,"Convolvulus lanuginosus",1,2025-04-22,3.003388,42.896487,10,"cbnmed"
"1725",41541647,"Convolvulus lanuginosus",1,2025-04-22,3.004209,42.896261,10,"cbnmed"
"1726",41541649,"Convolvulus lanuginosus",1,2025-04-22,3.003594,42.896448,10,"cbnmed"
"1727",41682381,"Convolvulus lanuginosus",1,2025-06-10,3.056652,42.911053,10,"cbnmed"
"1728",41685885,"Convolvulus lanuginosus",1,2025-06-11,3.019227,42.897032,10,"cbnmed"
"1729",1501275298,"Convolvulus lanuginosus",1,1990-03-04,-0.94,39.41,707,"gbif"
"1730",1501075367,"Convolvulus lanuginosus",1,1990-03-16,-0.35,39.11,707,"gbif"
"1731",30859602,"Convolvulus lanuginosus",1,1990-03-17,-1.84,37.15,707,"gbif"
"1732",3929926406,"Convolvulus lanuginosus",1,1990-04-12,3.05624,42.91152,500,"gbif"
"1733",3929925244,"Convolvulus lanuginosus",1,1990-04-12,3.01604,42.92556,500,"gbif"
"1734",3929855346,"Convolvulus lanuginosus",1,1990-04-12,3.05675,42.91129,500,"gbif"
"1735",3033731456,"Convolvulus lanuginosus",1,1990-04-12,1.95,41.38,371,"gbif"
"1736",318108243,"Convolvulus lanuginosus",1,1990-04-22,-0.04,38.66,707,"gbif"
"1737",318108465,"Convolvulus lanuginosus",1,1990-05-19,-0.2,38.65,707,"gbif"
"1738",199469796,"Convolvulus lanuginosus",1,1990-05-29,-4.39,36.76,707,"gbif"
"1739",895204143,"Convolvulus lanuginosus",1,1990-06-09,-0.46,39.71,71,"gbif"
"1740",3033720519,"Convolvulus lanuginosus",1,1991-03-28,0.16,40.88,707,"gbif"
"1741",318108462,"Convolvulus lanuginosus",1,1991-04-05,-0.18,38.55,707,"gbif"
"1742",3855076637,"Convolvulus lanuginosus",1,1991-04-30,-2.02,36.89,707,"gbif"
"1743",3713855854,"Convolvulus lanuginosus",1,1991-05-05,-2.17,37.34,707,"gbif"
"1744",318108463,"Convolvulus lanuginosus",1,1991-05-18,-0.1,38.71,707,"gbif"
"1745",1501075567,"Convolvulus lanuginosus",1,1991-05-24,-0.92,39.76,707,"gbif"
"1746",895282991,"Convolvulus lanuginosus",1,1991-06-15,0.02,40.29,707,"gbif"
"1747",1501075522,"Convolvulus lanuginosus",1,1991-06-15,0.03,40.31,707,"gbif"
"1748",4545017609,"Convolvulus lanuginosus",1,1991-10-20,3.06068,43.09679,500,"gbif"
"1749",4543130333,"Convolvulus lanuginosus",1,1992-01-01,3.06546,43.09227,10,"gbif"
"1750",318108263,"Convolvulus lanuginosus",1,1992-04-17,-0.06,38.72,707,"gbif"
"1751",30859754,"Convolvulus lanuginosus",1,1992-05-15,-2.62,37.27,707,"gbif"
"1752",2597220492,"Convolvulus lanuginosus",1,1992-05-25,-4.72,36.94,707,"gbif"
"1753",4040504319,"Convolvulus lanuginosus",1,1992-07-15,0.22,38.73,707,"gbif"
"1754",1502126783,"Convolvulus lanuginosus",1,1992-11-08,-0.52,39.43,707,"gbif"
"1755",3929850882,"Convolvulus lanuginosus",1,1993-01-01,2.75372,42.78423,10,"gbif"
"1756",895282979,"Convolvulus lanuginosus",1,1993-05-01,3e-05,40.34,100,"gbif"
"1757",4549608727,"Convolvulus lanuginosus",1,1993-05-15,3.05735,42.91087,10,"gbif"
"1758",318108433,"Convolvulus lanuginosus",1,1993-05-16,-0.72,38.47,707,"gbif"
"1759",318108368,"Convolvulus lanuginosus",1,1993-05-30,-0.91,38.25,707,"gbif"
"1760",1500425589,"Convolvulus lanuginosus",1,1993-06-05,-0.32,39.83,707,"gbif"
"1761",1501275241,"Convolvulus lanuginosus",1,1993-06-06,0.02,38.64,707,"gbif"
"1762",1500426020,"Convolvulus lanuginosus",1,1993-06-06,-0.49,39.93,707,"gbif"
"1763",4552470775,"Convolvulus lanuginosus",1,1994-03-20,3.09157,43.13605,500,"gbif"
"1764",4549570889,"Convolvulus lanuginosus",1,1994-03-20,3.09398,43.13771,10,"gbif"
"1765",4547910738,"Convolvulus lanuginosus",1,1994-03-20,3.09446,43.13654,10,"gbif"
"1766",3929926588,"Convolvulus lanuginosus",1,1994-03-20,3.09158,43.13574,500,"gbif"
"1767",1501275388,"Convolvulus lanuginosus",1,1994-04-09,-0.1,38.72,707,"gbif"
"1768",4547913288,"Convolvulus lanuginosus",1,1994-04-17,3.00274,42.89641,500,"gbif"
"1769",4547911003,"Convolvulus lanuginosus",1,1994-04-17,3.0585,42.91893,500,"gbif"
"1770",3929930415,"Convolvulus lanuginosus",1,1994-04-17,3.05397,42.92167,500,"gbif"
"1771",3929843687,"Convolvulus lanuginosus",1,1994-04-17,3.0569,42.91151,500,"gbif"
"1772",318108477,"Convolvulus lanuginosus",1,1994-05-01,-0.84,38.59,707,"gbif"
"1773",895225475,"Convolvulus lanuginosus",1,1994-05-05,-1.42,41.47,707,"gbif"
"1774",30859760,"Convolvulus lanuginosus",1,1994-05-06,-2.1,36.76,707,"gbif"
"1775",895285953,"Convolvulus lanuginosus",1,1994-05-10,-0.79,38.4,707,"gbif"
"1776",1501275340,"Convolvulus lanuginosus",1,1994-05-14,-0.31,38.8,707,"gbif"
"1777",30859756,"Convolvulus lanuginosus",1,1994-05-16,-2.14,37.36,707,"gbif"
"1778",318107943,"Convolvulus lanuginosus",1,1994-05-17,0.2,42.19,707,"gbif"
"1779",318107863,"Convolvulus lanuginosus",1,1994-05-17,-0.76,38.44,707,"gbif"
"1780",318107859,"Convolvulus lanuginosus",1,1994-05-21,-0.86,38.29,707,"gbif"
"1781",895212276,"Convolvulus lanuginosus",1,1994-05-22,1.89,41.57,707,"gbif"
"1782",2521418212,"Convolvulus lanuginosus",1,1994-05-22,1.89,41.578,707.11,"gbif"
"1783",3713868817,"Convolvulus lanuginosus",1,1994-05-25,-2.67,37.18,707,"gbif"
"1784",5085215748,"Convolvulus lanuginosus",1,1994-06-04,-3.69,37.57,707,"gbif"
"1785",4549517206,"Convolvulus lanuginosus",1,1994-06-12,2.75357,42.78409,10,"gbif"
"1786",1501275323,"Convolvulus lanuginosus",1,1994-09-18,-0.79,39.33,707,"gbif"
"1787",1501210502,"Convolvulus lanuginosus",1,1994-09-25,-0.58,39.65,707,"gbif"
"1788",1501913005,"Convolvulus lanuginosus",1,1994-10-12,-0.63,39.8,707,"gbif"
"1789",1501907226,"Convolvulus lanuginosus",1,1994-10-12,-0.6,39.92,707,"gbif"
"1790",1501907205,"Convolvulus lanuginosus",1,1994-10-12,-0.58,39.92,707,"gbif"
"1791",1501907184,"Convolvulus lanuginosus",1,1994-10-12,-0.57,39.92,707,"gbif"
"1792",1501189432,"Convolvulus lanuginosus",1,1994-10-12,-0.66,39.81,707,"gbif"
"1793",1501162847,"Convolvulus lanuginosus",1,1994-10-12,-0.63,39.82,707,"gbif"
"1794",1501162828,"Convolvulus lanuginosus",1,1994-10-12,-0.66,39.82,707,"gbif"
"1795",1501162066,"Convolvulus lanuginosus",1,1994-10-12,-0.67,39.9,707,"gbif"
"1796",1501158409,"Convolvulus lanuginosus",1,1994-10-12,-0.62,39.81,707,"gbif"
"1797",1501154395,"Convolvulus lanuginosus",1,1994-10-12,-0.63,39.81,707,"gbif"
"1798",1501076593,"Convolvulus lanuginosus",1,1994-10-12,-0.67,39.82,707,"gbif"
"1799",4547981399,"Convolvulus lanuginosus",1,1995-01-01,3.07052,43.09606,500,"gbif"
"1800",1851325160,"Convolvulus lanuginosus",1,1995-04-08,-0.107,38.728,707,"gbif"
"1801",2960591374,"Convolvulus lanuginosus",1,1995-04-10,-0.05,38.708,707.11,"gbif"
"1802",4040999600,"Convolvulus lanuginosus",1,1995-04-19,-0.61,39.14,707,"gbif"
"1803",3713842363,"Convolvulus lanuginosus",1,1995-04-21,-2.65,36.87,707,"gbif"
"1804",3799432702,"Convolvulus lanuginosus",1,1995-06-03,-2.41,37.41,707,"gbif"
"1805",1501076947,"Convolvulus lanuginosus",1,1995-06-08,-1.38,40.04,707,"gbif"
"1806",3935437868,"Convolvulus lanuginosus",1,1995-08-25,3.01776,42.90026,10,"gbif"
"1807",1501892889,"Convolvulus lanuginosus",1,1996-03-19,-0.27,39.8,707,"gbif"
"1808",1501892852,"Convolvulus lanuginosus",1,1996-03-19,-0.26,39.79,707,"gbif"
"1809",1501881407,"Convolvulus lanuginosus",1,1996-03-19,-0.23,39.8,707,"gbif"
"1810",1501203469,"Convolvulus lanuginosus",1,1996-03-19,-0.3,39.76,707,"gbif"
"1811",1501185627,"Convolvulus lanuginosus",1,1996-03-19,-0.3,39.77,707,"gbif"
"1812",1501185617,"Convolvulus lanuginosus",1,1996-03-19,-0.29,39.76,707,"gbif"
"1813",1501167569,"Convolvulus lanuginosus",1,1996-03-19,-0.25,39.8,707,"gbif"
"1814",1501167558,"Convolvulus lanuginosus",1,1996-03-19,-0.26,39.8,707,"gbif"
"1815",1501153698,"Convolvulus lanuginosus",1,1996-03-19,-0.25,39.81,707,"gbif"
"1816",1501106886,"Convolvulus lanuginosus",1,1996-03-19,-0.24,39.76,707,"gbif"
"1817",1501106882,"Convolvulus lanuginosus",1,1996-03-19,-0.22,39.76,707,"gbif"
"1818",1501275235,"Convolvulus lanuginosus",1,1996-03-23,0.41,40.48,707,"gbif"
"1819",1501275221,"Convolvulus lanuginosus",1,1996-03-23,0.2,40.41,707,"gbif"
"1820",1501275263,"Convolvulus lanuginosus",1,1996-03-24,0.34,40.56,707,"gbif"
"1821",1501275234,"Convolvulus lanuginosus",1,1996-03-24,0.2,40.63,707,"gbif"
"1822",1501077480,"Convolvulus lanuginosus",1,1996-04-05,-0.01,40.04,707,"gbif"
"1823",895143918,"Convolvulus lanuginosus",1,1996-04-07,-0.5,39.31,707,"gbif"
"1824",895291290,"Convolvulus lanuginosus",1,1996-04-11,-0.93,39.67,707,"gbif"
"1825",1500832033,"Convolvulus lanuginosus",1,1996-04-11,-0.93,39.69,707,"gbif"
"1826",318107936,"Convolvulus lanuginosus",1,1996-04-14,-0.07,38.66,707,"gbif"
"1827",895248119,"Convolvulus lanuginosus",1,1996-04-18,-0.36,39.78,707,"gbif"
"1828",1500869949,"Convolvulus lanuginosus",1,1996-04-18,-0.37,39.79,707,"gbif"
"1829",895144151,"Convolvulus lanuginosus",1,1996-05-01,-1.5,39.52,707,"gbif"
"1830",318107942,"Convolvulus lanuginosus",1,1996-05-05,-0.96,38.14,707,"gbif"
"1831",1501275289,"Convolvulus lanuginosus",1,1996-05-05,-1.07,39.37,707,"gbif"
"1832",1501275283,"Convolvulus lanuginosus",1,1996-05-05,-1.08,39.38,707,"gbif"
"1833",1500992837,"Convolvulus lanuginosus",1,1996-05-08,-0.72,39.34,707,"gbif"
"1834",1500992094,"Convolvulus lanuginosus",1,1996-05-08,-0.7,39.31,707,"gbif"
"1835",1501953500,"Convolvulus lanuginosus",1,1996-05-12,-0.5,39.93,707,"gbif"
"1836",1501928017,"Convolvulus lanuginosus",1,1996-05-12,-0.51,39.93,707,"gbif"
"1837",1501907233,"Convolvulus lanuginosus",1,1996-05-12,-0.51,39.92,707,"gbif"
"1838",1500443489,"Convolvulus lanuginosus",1,1996-05-12,-0.51,39.9,707,"gbif"
"1839",3713850608,"Convolvulus lanuginosus",1,1996-05-18,-2.81,36.84,707,"gbif"
"1840",318107937,"Convolvulus lanuginosus",1,1996-05-18,-0.95,38.39,707,"gbif"
"1841",1500896810,"Convolvulus lanuginosus",1,1996-05-18,-0.49,39.01,707,"gbif"
"1842",1500430237,"Convolvulus lanuginosus",1,1996-05-18,-0.33,39.82,707,"gbif"
"1843",1500430146,"Convolvulus lanuginosus",1,1996-05-18,-0.35,39.83,707,"gbif"
"1844",4549608749,"Convolvulus lanuginosus",1,1996-05-22,3.00274,43.06477,10,"gbif"
"1845",4547981673,"Convolvulus lanuginosus",1,1996-05-22,3.00061,43.06682,500,"gbif"
"1846",3935452921,"Convolvulus lanuginosus",1,1996-05-22,3.00049,43.06672,500,"gbif"
"1847",3713856123,"Convolvulus lanuginosus",1,1996-05-24,-2.7,36.87,707,"gbif"
"1848",1501138810,"Convolvulus lanuginosus",1,1996-05-25,-0.39,39.71,707,"gbif"
"1849",1501124004,"Convolvulus lanuginosus",1,1996-05-25,-0.4,39.7,707,"gbif"
"1850",1501077477,"Convolvulus lanuginosus",1,1996-05-26,-0.7,39.91,707,"gbif"
"1851",1500431102,"Convolvulus lanuginosus",1,1996-05-26,-0.62,39.92,707,"gbif"
"1852",1500992434,"Convolvulus lanuginosus",1,1996-05-31,-0.77,38.95,707,"gbif"
"1853",1501120952,"Convolvulus lanuginosus",1,1996-06-02,-0.38,40.1,707,"gbif"
"1854",1500984154,"Convolvulus lanuginosus",1,1996-06-05,-0.64,39.09,707,"gbif"
"1855",1500983961,"Convolvulus lanuginosus",1,1996-06-05,-0.6,39.14,707,"gbif"
"1856",1500982378,"Convolvulus lanuginosus",1,1996-06-05,-0.5,39.27,707,"gbif"
"1857",1500981589,"Convolvulus lanuginosus",1,1996-06-05,-0.5,39.29,707,"gbif"
"1858",1501907236,"Convolvulus lanuginosus",1,1996-06-12,-0.5,39.88,707,"gbif"
"1859",1501907221,"Convolvulus lanuginosus",1,1996-06-12,-0.51,39.88,707,"gbif"
"1860",1501204049,"Convolvulus lanuginosus",1,1996-06-12,-0.53,39.89,707,"gbif"
"1861",1500992497,"Convolvulus lanuginosus",1,1996-06-12,-0.37,39,707,"gbif"
"1862",1501077493,"Convolvulus lanuginosus",1,1996-06-15,-0.32,40.03,707,"gbif"
"1863",1500431883,"Convolvulus lanuginosus",1,1996-06-15,-0.35,40.03,707,"gbif"
"1864",5085215805,"Convolvulus lanuginosus",1,1996-06-19,-3,38.06,707,"gbif"
"1865",3829882190,"Convolvulus lanuginosus",1,1996-06-19,0.1988369,42.1888962,707,"gbif"
"1866",1500984839,"Convolvulus lanuginosus",1,1996-06-26,-0.48,38.98,707,"gbif"
"1867",1500983976,"Convolvulus lanuginosus",1,1996-06-26,-0.37,38.99,707,"gbif"
"1868",1500981656,"Convolvulus lanuginosus",1,1996-07-03,-0.65,38.96,707,"gbif"
"1869",1500896511,"Convolvulus lanuginosus",1,1996-07-03,-0.64,38.87,707,"gbif"
"1870",1500433458,"Convolvulus lanuginosus",1,1996-08-03,-0.27,40.07,707,"gbif"
"1871",1501899423,"Convolvulus lanuginosus",1,1996-09-13,-0.27,39.78,707,"gbif"
"1872",1501899379,"Convolvulus lanuginosus",1,1996-09-13,-0.29,39.78,707,"gbif"
"1873",1501891974,"Convolvulus lanuginosus",1,1996-09-13,-0.26,39.78,707,"gbif"
"1874",4550585064,"Convolvulus lanuginosus",1,1996-11-10,3.01759,42.9297,500,"gbif"
"1875",1500833924,"Convolvulus lanuginosus",1,1996-11-25,-0.85,39.6,707,"gbif"
"1876",1501275281,"Convolvulus lanuginosus",1,1996-12-14,-1.11,39.25,707,"gbif"
"1877",1501275286,"Convolvulus lanuginosus",1,1997-02-08,-0.84,39.13,707,"gbif"
"1878",1501275314,"Convolvulus lanuginosus",1,1997-02-15,-0.83,39.31,707,"gbif"
"1879",1501275288,"Convolvulus lanuginosus",1,1997-02-15,-1.08,39.19,707,"gbif"
"1880",1501275278,"Convolvulus lanuginosus",1,1997-02-15,-1.08,39.2,707,"gbif"
"1881",1501275277,"Convolvulus lanuginosus",1,1997-02-15,-1.15,39.17,707,"gbif"
"1882",1501275260,"Convolvulus lanuginosus",1,1997-02-15,-1.14,39.18,707,"gbif"
"1883",30859075,"Convolvulus lanuginosus",1,1997-03-21,-4.78,36.95,707,"gbif"
"1884",1500869857,"Convolvulus lanuginosus",1,1997-04-04,-0.7,38.74,707,"gbif"
"1885",318108136,"Convolvulus lanuginosus",1,1997-04-12,-3.67,36.81,707,"gbif"
"1886",318108293,"Convolvulus lanuginosus",1,1997-04-22,-1.77,38.36,707,"gbif"
"1887",1500868303,"Convolvulus lanuginosus",1,1997-04-24,-0.8,39.42,707,"gbif"
"1888",318108151,"Convolvulus lanuginosus",1,1997-05-05,-0.47,38.46,707,"gbif"
"1889",318108134,"Convolvulus lanuginosus",1,1997-05-06,-0.59,38.36,707,"gbif"
"1890",1500984116,"Convolvulus lanuginosus",1,1997-05-06,-0.92,39.19,707,"gbif"
"1891",1500983044,"Convolvulus lanuginosus",1,1997-05-06,-0.8,39.26,707,"gbif"
"1892",1500896231,"Convolvulus lanuginosus",1,1997-05-13,-0.81,39.16,707,"gbif"
"1893",30859109,"Convolvulus lanuginosus",1,1997-05-16,-4.74,36.93,707,"gbif"
"1894",1500869130,"Convolvulus lanuginosus",1,1997-05-22,-0.84,39.1,707,"gbif"
"1895",895144440,"Convolvulus lanuginosus",1,1997-05-24,0.18,38.73,707,"gbif"
"1896",1501004118,"Convolvulus lanuginosus",1,1997-06-03,-0.78,38.99,707,"gbif"
"1897",1500993206,"Convolvulus lanuginosus",1,1997-06-03,-0.73,39,707,"gbif"
"1898",1500984625,"Convolvulus lanuginosus",1,1997-06-10,-0.92,38.96,707,"gbif"
"1899",1500983852,"Convolvulus lanuginosus",1,1997-06-10,-0.91,38.92,707,"gbif"
"1900",1500981683,"Convolvulus lanuginosus",1,1997-06-26,-0.9,39.8,707,"gbif"
"1901",1500870523,"Convolvulus lanuginosus",1,1997-07-01,-1.06,39.66,707,"gbif"
"1902",1500868599,"Convolvulus lanuginosus",1,1997-07-08,-1.04,39.82,707,"gbif"
"1903",1501008611,"Convolvulus lanuginosus",1,1997-07-10,-0.87,39.71,707,"gbif"
"1904",1501009025,"Convolvulus lanuginosus",1,1997-07-17,-0.77,38.89,707,"gbif"
"1905",1501009106,"Convolvulus lanuginosus",1,1997-07-24,-0.59,38.7,707,"gbif"
"1906",1501009072,"Convolvulus lanuginosus",1,1997-07-24,-0.78,38.75,707,"gbif"
"1907",1501008976,"Convolvulus lanuginosus",1,1997-07-24,-0.58,38.71,707,"gbif"
"1908",3935352348,"Convolvulus lanuginosus",1,1998-01-01,3.09915,43.12969,10,"gbif"
"1909",3935332295,"Convolvulus lanuginosus",1,1998-01-01,3.15347,43.17255,500,"gbif"
"1910",3935309236,"Convolvulus lanuginosus",1,1998-01-01,3.13807,43.14823,10,"gbif"
"1911",3935157238,"Convolvulus lanuginosus",1,1998-01-01,3.11372,43.13373,500,"gbif"
"1912",1500478950,"Convolvulus lanuginosus",1,1998-02-05,-0.46,40.07,707,"gbif"
"1913",4549501974,"Convolvulus lanuginosus",1,1998-03-29,2.98586,42.86857,500,"gbif"
"1914",4549233614,"Convolvulus lanuginosus",1,1998-03-29,2.98202,42.87011,500,"gbif"
"1915",30859172,"Convolvulus lanuginosus",1,1998-04-08,-4.53,36.65,707,"gbif"
"1916",2529355356,"Convolvulus lanuginosus",1,1998-04-15,-1.662941,38.438222,8,"gbif"
"1917",3929843791,"Convolvulus lanuginosus",1,1998-04-16,3.08928,43.14746,500,"gbif"
"1918",318108188,"Convolvulus lanuginosus",1,1998-04-16,-0.58,38.45,707,"gbif"
"1919",1500764853,"Convolvulus lanuginosus",1,1998-04-16,0.52,40.52,707,"gbif"
"1920",1500764773,"Convolvulus lanuginosus",1,1998-04-16,0.52,40.51,707,"gbif"
"1921",318108190,"Convolvulus lanuginosus",1,1998-04-20,-0.6,38.43,707,"gbif"
"1922",318108195,"Convolvulus lanuginosus",1,1998-05-26,-0.61,38.47,707,"gbif"
"1923",1501009663,"Convolvulus lanuginosus",1,1998-06-11,-0.34,39.13,707,"gbif"
"1924",895313660,"Convolvulus lanuginosus",1,1998-06-27,-0.85,38.28,707,"gbif"
"1925",1500480702,"Convolvulus lanuginosus",1,1998-09-01,-0.11,40.02,707,"gbif"
"1926",1500480660,"Convolvulus lanuginosus",1,1998-09-01,-0.28,40.09,707,"gbif"
"1927",1500480786,"Convolvulus lanuginosus",1,1998-09-10,0.03,40.07,707,"gbif"
"1928",3935439447,"Convolvulus lanuginosus",1,1998-11-01,3.13892,43.14688,500,"gbif"
"1929",3935363273,"Convolvulus lanuginosus",1,1998-11-01,3.09854,43.12655,500,"gbif"
"1930",3935182369,"Convolvulus lanuginosus",1,1998-11-01,3.17009,43.16979,500,"gbif"
"1931",3935175152,"Convolvulus lanuginosus",1,1998-11-01,3.11337,43.13349,500,"gbif"
"1932",3935453623,"Convolvulus lanuginosus",1,1998-11-16,3.10906,43.15564,10,"gbif"
"1933",3935169228,"Convolvulus lanuginosus",1,1998-12-15,3.17655,43.17395,500,"gbif"
"1934",1501918800,"Convolvulus lanuginosus",1,1999-01-24,-0.59,39.5,707,"gbif"
"1935",1501887235,"Convolvulus lanuginosus",1,1999-01-24,-0.64,39.55,707,"gbif"
"1936",1501169862,"Convolvulus lanuginosus",1,1999-01-24,-0.57,39.5,707,"gbif"
"1937",4040555835,"Convolvulus lanuginosus",1,1999-03-05,-0.86,38.27,707,"gbif"
"1938",4040551727,"Convolvulus lanuginosus",1,1999-03-05,-0.86,38.28,707,"gbif"
"1939",4040827606,"Convolvulus lanuginosus",1,1999-03-25,-0.52,38.21,707,"gbif"
"1940",895145711,"Convolvulus lanuginosus",1,1999-04-17,-0.49,39.52,707,"gbif"
"1941",30859224,"Convolvulus lanuginosus",1,1999-05-02,-4.56,37,707,"gbif"
"1942",4040922767,"Convolvulus lanuginosus",1,1999-05-04,0.03,38.63,707,"gbif"
"1943",199470119,"Convolvulus lanuginosus",1,1999-05-18,-5.57,36.53,707,"gbif"
"1944",1500522292,"Convolvulus lanuginosus",1,1999-05-20,-0.79,38.97,707,"gbif"
"1945",4547914083,"Convolvulus lanuginosus",1,2000-01-01,3.03024,42.89911,500,"gbif"
"1946",1851575958,"Convolvulus lanuginosus",1,2000-03-15,-0.99,38.53,707,"gbif"
"1947",4549501961,"Convolvulus lanuginosus",1,2000-04-09,3.03099,42.99944,500,"gbif"
"1948",4549254393,"Convolvulus lanuginosus",1,2000-04-09,3.03414,42.99955,500,"gbif"
"1949",3829875652,"Convolvulus lanuginosus",1,2000-04-24,0.0088948,38.6288203,707,"gbif"
"1950",3929863421,"Convolvulus lanuginosus",1,2000-04-30,2.76113,42.80503,500,"gbif"
"1951",895219803,"Convolvulus lanuginosus",1,2000-05-06,-0.51,39.54,707,"gbif"
"1952",4551880777,"Convolvulus lanuginosus",1,2000-05-07,2.90911,42.94456,500,"gbif"
"1953",4551025460,"Convolvulus lanuginosus",1,2000-05-07,2.91713,42.94199,10,"gbif"
"1954",4549570550,"Convolvulus lanuginosus",1,2000-05-07,2.91875,42.94198,500,"gbif"
"1955",4551025472,"Convolvulus lanuginosus",1,2000-05-08,3.17506,43.17411,500,"gbif"
"1956",1501275304,"Convolvulus lanuginosus",1,2000-05-14,-0.85,38.91,707,"gbif"
"1957",1501275293,"Convolvulus lanuginosus",1,2000-05-14,-0.85,38.92,707,"gbif"
"1958",4573644448,"Convolvulus lanuginosus",1,2000-05-22,2.95716,42.85983,200,"gbif"
"1959",3855047996,"Convolvulus lanuginosus",1,2000-05-25,-3.67,36.83,707,"gbif"
"1960",2521403086,"Convolvulus lanuginosus",1,2000-05-25,-3.678,36.833,707.11,"gbif"
"1961",4549577802,"Convolvulus lanuginosus",1,2000-06-01,3.04743,42.92224,500,"gbif"
"1962",4549570934,"Convolvulus lanuginosus",1,2000-06-01,3.03102,42.89689,500,"gbif"
"1963",3855085193,"Convolvulus lanuginosus",1,2000-06-01,-3.6,36.95,707,"gbif"
"1964",3855061497,"Convolvulus lanuginosus",1,2000-06-05,-3.6,37.02,707,"gbif"
"1965",895223221,"Convolvulus lanuginosus",1,2000-06-07,-3.89,37.32,707,"gbif"
"1966",1501939259,"Convolvulus lanuginosus",1,2000-11-12,-0.37,39.62,707,"gbif"
"1967",1501187712,"Convolvulus lanuginosus",1,2000-11-12,-0.38,39.62,707,"gbif"
"1968",1501150104,"Convolvulus lanuginosus",1,2000-11-12,-0.37,39.63,707,"gbif"
"1969",1501150094,"Convolvulus lanuginosus",1,2000-11-12,-0.38,39.63,707,"gbif"
"1970",1500907072,"Convolvulus lanuginosus",1,2000-11-19,-0.74,39.77,707,"gbif"
"1971",1501204063,"Convolvulus lanuginosus",1,2000-12-06,-0.51,39.89,707,"gbif"
"1972",4567437447,"Convolvulus lanuginosus",1,2001-01-01,3.11664,43.14359,10,"gbif"
"1973",1501106893,"Convolvulus lanuginosus",1,2001-01-21,-0.42,39.94,707,"gbif"
"1974",1501106845,"Convolvulus lanuginosus",1,2001-01-21,-0.43,39.95,707,"gbif"
"1975",1501977420,"Convolvulus lanuginosus",1,2001-01-28,-0.63,39.73,707,"gbif"
"1976",1501873793,"Convolvulus lanuginosus",1,2001-01-28,-0.63,39.74,707,"gbif"
"1977",1501873233,"Convolvulus lanuginosus",1,2001-01-28,-0.61,39.74,707,"gbif"
"1978",1501870950,"Convolvulus lanuginosus",1,2001-01-28,-0.61,39.73,707,"gbif"
"1979",1501860481,"Convolvulus lanuginosus",1,2001-01-28,-0.63,39.72,707,"gbif"
"1980",1500910428,"Convolvulus lanuginosus",1,2001-01-28,-0.67,39.75,707,"gbif"
"1981",1501275350,"Convolvulus lanuginosus",1,2001-02-11,-0.75,38.86,707,"gbif"
"1982",1501905935,"Convolvulus lanuginosus",1,2001-02-17,-0.59,39.49,707,"gbif"
"1983",1501905933,"Convolvulus lanuginosus",1,2001-02-17,-0.6,39.49,707,"gbif"
"1984",1501080211,"Convolvulus lanuginosus",1,2001-02-17,-0.57,39.43,707,"gbif"
"1985",1501064020,"Convolvulus lanuginosus",1,2001-03-01,0.32,40.35,707,"gbif"
"1986",1501275285,"Convolvulus lanuginosus",1,2001-03-11,-1.14,39.3,707,"gbif"
"1987",1501275264,"Convolvulus lanuginosus",1,2001-03-11,-1.16,39.31,707,"gbif"
"1988",1501275236,"Convolvulus lanuginosus",1,2001-03-11,-1.27,39.34,707,"gbif"
"1989",1501275275,"Convolvulus lanuginosus",1,2001-03-31,-0.77,38.72,707,"gbif"
"1990",1501275270,"Convolvulus lanuginosus",1,2001-03-31,-0.83,38.8,707,"gbif"
"1991",3855081381,"Convolvulus lanuginosus",1,2001-04-05,-3.3,36.9,707,"gbif"
"1992",199470126,"Convolvulus lanuginosus",1,2001-04-15,-4.34,36.72,300,"gbif"
"1993",4573339657,"Convolvulus lanuginosus",1,2001-04-16,2.96939,42.86208,501,"gbif"
"1994",3855059116,"Convolvulus lanuginosus",1,2001-04-19,-3.6,36.96,707,"gbif"
"1995",1502131262,"Convolvulus lanuginosus",1,2001-04-22,-0.46,38.83,707,"gbif"
"1996",1502119622,"Convolvulus lanuginosus",1,2001-04-22,-0.47,38.83,707,"gbif"
"1997",1501275373,"Convolvulus lanuginosus",1,2001-04-22,-0.46,38.81,707,"gbif"
"1998",1501275332,"Convolvulus lanuginosus",1,2001-04-22,-0.47,38.8,707,"gbif"
"1999",1501080232,"Convolvulus lanuginosus",1,2001-04-22,-0.46,38.82,707,"gbif"
"2000",4549577767,"Convolvulus lanuginosus",1,2001-06-01,3.09924,43.13733,500,"gbif"
"2001",1501929264,"Convolvulus lanuginosus",1,2001-09-30,-0.3,39.98,707,"gbif"
"2002",1501184272,"Convolvulus lanuginosus",1,2001-09-30,-0.31,39.98,707,"gbif"
"2003",1501105223,"Convolvulus lanuginosus",1,2001-09-30,-0.29,39.98,707,"gbif"
"2004",1501275316,"Convolvulus lanuginosus",1,2001-10-13,-0.89,39.47,707,"gbif"
"2005",1501275258,"Convolvulus lanuginosus",1,2001-10-21,-1.08,39.23,707,"gbif"
"2006",1501121684,"Convolvulus lanuginosus",1,2001-10-27,-0.38,40.11,707,"gbif"
"2007",1501275331,"Convolvulus lanuginosus",1,2001-11-03,-0.92,39.31,707,"gbif"
"2008",1501275300,"Convolvulus lanuginosus",1,2001-11-03,-0.89,39.32,707,"gbif"
"2009",1502136703,"Convolvulus lanuginosus",1,2001-11-25,-0.47,38.98,707,"gbif"
"2010",1502114494,"Convolvulus lanuginosus",1,2001-11-25,-0.44,38.98,707,"gbif"
"2011",1501275343,"Convolvulus lanuginosus",1,2001-12-02,-0.79,39.54,707,"gbif"
"2012",1501080226,"Convolvulus lanuginosus",1,2001-12-02,-0.78,39.54,707,"gbif"
"2013",1501080176,"Convolvulus lanuginosus",1,2001-12-02,-0.79,39.56,707,"gbif"
"2014",1500807596,"Convolvulus lanuginosus",1,2001-12-02,-0.78,39.55,707,"gbif"
"2015",1501947362,"Convolvulus lanuginosus",1,2002-02-10,-0.42,39.64,707,"gbif"
"2016",1501943995,"Convolvulus lanuginosus",1,2002-02-10,-0.44,39.65,707,"gbif"
"2017",1501937073,"Convolvulus lanuginosus",1,2002-02-10,-0.46,39.66,707,"gbif"
"2018",1501937066,"Convolvulus lanuginosus",1,2002-02-10,-0.48,39.66,707,"gbif"
"2019",1501937063,"Convolvulus lanuginosus",1,2002-02-10,-0.48,39.65,707,"gbif"
"2020",1501858665,"Convolvulus lanuginosus",1,2002-02-10,-0.44,39.64,707,"gbif"
"2021",1501191816,"Convolvulus lanuginosus",1,2002-02-10,-0.44,39.61,707,"gbif"
"2022",1501165322,"Convolvulus lanuginosus",1,2002-02-10,-0.42,39.63,707,"gbif"
"2023",1501165317,"Convolvulus lanuginosus",1,2002-02-10,-0.42,39.62,707,"gbif"
"2024",1501128109,"Convolvulus lanuginosus",1,2002-02-10,-0.44,39.62,707,"gbif"
"2025",1501106871,"Convolvulus lanuginosus",1,2002-02-10,-0.43,39.64,707,"gbif"
"2026",1501093009,"Convolvulus lanuginosus",1,2002-03-15,-0.5,39.52,707,"gbif"
"2027",1501092978,"Convolvulus lanuginosus",1,2002-03-15,-0.53,39.53,707,"gbif"
"2028",1501093215,"Convolvulus lanuginosus",1,2002-03-18,-0.49,39.51,707,"gbif"
"2029",1501938523,"Convolvulus lanuginosus",1,2002-04-07,-0.45,39.55,707,"gbif"
"2030",1501123136,"Convolvulus lanuginosus",1,2002-04-07,-0.43,39.55,707,"gbif"
"2031",1501106876,"Convolvulus lanuginosus",1,2002-04-07,-0.42,39.52,707,"gbif"
"2032",1501050212,"Convolvulus lanuginosus",1,2002-04-16,0.33,40.35,707,"gbif"
"2033",1501275238,"Convolvulus lanuginosus",1,2002-04-21,0.07,40.39,707,"gbif"
"2034",1501275210,"Convolvulus lanuginosus",1,2002-04-21,0.05,40.4,707,"gbif"
"2035",1501207409,"Convolvulus lanuginosus",1,2002-05-01,-0.39,39.66,707,"gbif"
"2036",1501195310,"Convolvulus lanuginosus",1,2002-05-01,-0.41,39.65,707,"gbif"
"2037",1501187698,"Convolvulus lanuginosus",1,2002-05-01,-0.39,39.65,707,"gbif"
"2038",1501111729,"Convolvulus lanuginosus",1,2002-05-01,-0.41,39.66,707,"gbif"
"2039",1501890192,"Convolvulus lanuginosus",1,2002-05-04,-0.64,39.6,707,"gbif"
"2040",1501093611,"Convolvulus lanuginosus",1,2002-05-15,-0.52,39.53,707,"gbif"
"2041",4040882604,"Convolvulus lanuginosus",1,2002-05-16,-0.55,38.56,707,"gbif"
"2042",1501745937,"Convolvulus lanuginosus",1,2002-05-17,-0.98,39.21,707,"gbif"
"2043",1501745710,"Convolvulus lanuginosus",1,2002-05-17,-0.96,39.2,707,"gbif"
"2044",3929839284,"Convolvulus lanuginosus",1,2002-05-18,3.05816,42.91417,500,"gbif"
"2045",3713868237,"Convolvulus lanuginosus",1,2002-05-24,-1.96,37.32,1,"gbif"
"2046",1501093877,"Convolvulus lanuginosus",1,2002-05-27,-0.48,39.51,707,"gbif"
"2047",199470195,"Convolvulus lanuginosus",1,2002-06-06,-5.66,36.54,707,"gbif"
"2048",1501082446,"Convolvulus lanuginosus",1,2002-06-08,-0.31,39.82,707,"gbif"
"2049",1501082431,"Convolvulus lanuginosus",1,2002-06-09,-0.98,39.51,707,"gbif"
"2050",4547910550,"Convolvulus lanuginosus",1,2002-07-01,3.01392,42.98453,10,"gbif"
"2051",1502109100,"Convolvulus lanuginosus",1,2002-10-11,-0.65,39.12,707,"gbif"
"2052",1502104844,"Convolvulus lanuginosus",1,2002-10-11,-0.65,39.11,707,"gbif"
"2053",1501928797,"Convolvulus lanuginosus",1,2002-11-01,-0.67,39.8,707,"gbif"
"2054",1501132052,"Convolvulus lanuginosus",1,2002-11-01,-0.66,39.8,707,"gbif"
"2055",1501275351,"Convolvulus lanuginosus",1,2002-11-03,-0.72,38.95,707,"gbif"
"2056",1501893536,"Convolvulus lanuginosus",1,2002-11-27,-0.23,40.01,707,"gbif"
"2057",1501877664,"Convolvulus lanuginosus",1,2002-11-27,-0.22,40.01,707,"gbif"
"2058",1501153885,"Convolvulus lanuginosus",1,2002-11-27,-0.23,40,707,"gbif"
"2059",1501144035,"Convolvulus lanuginosus",1,2002-11-27,-0.24,40,707,"gbif"
"2060",1500860786,"Convolvulus lanuginosus",1,2002-12-04,-0.71,39.6,707,"gbif"
"2061",1501911127,"Convolvulus lanuginosus",1,2002-12-15,-0.41,39.55,707,"gbif"
"2062",1501084812,"Convolvulus lanuginosus",1,2003-01-17,-0.91,39.65,707,"gbif"
"2063",1500834082,"Convolvulus lanuginosus",1,2003-01-17,-0.92,39.64,707,"gbif"
"2064",1500832291,"Convolvulus lanuginosus",1,2003-01-17,-0.91,39.66,707,"gbif"
"2065",1502114033,"Convolvulus lanuginosus",1,2003-02-09,-0.25,38.88,707,"gbif"
"2066",1501275266,"Convolvulus lanuginosus",1,2003-02-16,-0.84,39.54,707,"gbif"
"2067",1501275339,"Convolvulus lanuginosus",1,2003-02-22,-0.7,39.11,707,"gbif"
"2068",1500915744,"Convolvulus lanuginosus",1,2003-03-02,-1.04,39.79,707,"gbif"
"2069",1501095777,"Convolvulus lanuginosus",1,2003-03-15,-0.54,39.54,707,"gbif"
"2070",1501095774,"Convolvulus lanuginosus",1,2003-03-23,-0.53,39.54,707,"gbif"
"2071",199470265,"Convolvulus lanuginosus",1,2003-03-28,-4.31,36.71,707,"gbif"
"2072",1501921400,"Convolvulus lanuginosus",1,2003-03-30,-0.5,39.53,707,"gbif"
"2073",1501921388,"Convolvulus lanuginosus",1,2003-03-30,-0.52,39.54,707,"gbif"
"2074",1501900594,"Convolvulus lanuginosus",1,2003-03-30,-0.56,39.53,707,"gbif"
"2075",1501900205,"Convolvulus lanuginosus",1,2003-03-30,-0.57,39.53,707,"gbif"
"2076",1501106944,"Convolvulus lanuginosus",1,2003-03-30,-0.55,39.53,707,"gbif"
"2077",1501106889,"Convolvulus lanuginosus",1,2003-03-30,-0.55,39.54,707,"gbif"
"2078",1501106833,"Convolvulus lanuginosus",1,2003-03-30,-0.56,39.54,707,"gbif"
"2079",1501275357,"Convolvulus lanuginosus",1,2003-04-13,-0.8,39.09,707,"gbif"
"2080",1501275310,"Convolvulus lanuginosus",1,2003-04-13,-0.84,39.14,707,"gbif"
"2081",1501275290,"Convolvulus lanuginosus",1,2003-04-13,-0.79,39.11,707,"gbif"
"2082",199470270,"Convolvulus lanuginosus",1,2003-04-29,-4.33,36.71,707,"gbif"
"2083",199470294,"Convolvulus lanuginosus",1,2003-05-02,-3.97,36.84,707,"gbif"
"2084",1501095859,"Convolvulus lanuginosus",1,2003-05-04,-0.55,39.55,707,"gbif"
"2085",1501095834,"Convolvulus lanuginosus",1,2003-05-04,-0.56,39.55,707,"gbif"
"2086",1501746828,"Convolvulus lanuginosus",1,2003-05-08,-0.75,39.11,707,"gbif"
"2087",1500851642,"Convolvulus lanuginosus",1,2003-05-09,-0.89,39.61,707,"gbif"
"2088",1500851633,"Convolvulus lanuginosus",1,2003-05-09,-0.9,39.61,707,"gbif"
"2089",199470295,"Convolvulus lanuginosus",1,2003-05-16,-3.76,36.8,707,"gbif"
"2090",199470293,"Convolvulus lanuginosus",1,2003-05-20,-4.08,36.88,707,"gbif"
"2091",1501084863,"Convolvulus lanuginosus",1,2003-05-25,-0.92,39.62,707,"gbif"
"2092",1500855237,"Convolvulus lanuginosus",1,2003-05-25,-0.97,39.56,707,"gbif"
"2093",1500855234,"Convolvulus lanuginosus",1,2003-05-25,-0.99,39.56,707,"gbif"
"2094",1500855217,"Convolvulus lanuginosus",1,2003-05-25,-0.97,39.57,707,"gbif"
"2095",1500855213,"Convolvulus lanuginosus",1,2003-05-25,-0.9,39.62,707,"gbif"
"2096",1500851097,"Convolvulus lanuginosus",1,2003-05-25,-0.98,39.56,707,"gbif"
"2097",1501750442,"Convolvulus lanuginosus",1,2003-05-27,-0.75,39.12,707,"gbif"
"2098",1501749879,"Convolvulus lanuginosus",1,2003-05-27,-0.76,39.13,707,"gbif"
"2099",1501084917,"Convolvulus lanuginosus",1,2003-05-31,-1.24,40.06,707,"gbif"
"2100",1500415692,"Convolvulus lanuginosus",1,2003-06-12,-0.68,38.66,707,"gbif"
"2101",1501747832,"Convolvulus lanuginosus",1,2003-06-25,-0.91,39.07,707,"gbif"
"2102",1501747691,"Convolvulus lanuginosus",1,2003-06-25,-0.94,39.07,707,"gbif"
"2103",1501751070,"Convolvulus lanuginosus",1,2003-07-10,-0.98,39.1,707,"gbif"
"2104",1500420665,"Convolvulus lanuginosus",1,2003-08-06,-0.51,38.81,707,"gbif"
"2105",1500432657,"Convolvulus lanuginosus",1,2003-09-23,-0.01,38.7,707,"gbif"
"2106",1500431742,"Convolvulus lanuginosus",1,2003-09-23,-0.02,38.68,707,"gbif"
"2107",4040878671,"Convolvulus lanuginosus",1,2003-09-30,0.13,38.81,707,"gbif"
"2108",1501275329,"Convolvulus lanuginosus",1,2003-12-07,-0.79,39.4,707,"gbif"
"2109",1501275326,"Convolvulus lanuginosus",1,2003-12-07,-0.8,39.39,707,"gbif"
"2110",1500422153,"Convolvulus lanuginosus",1,2003-12-07,-0.44,38.69,707,"gbif"
"2111",4567822867,"Convolvulus lanuginosus",1,2004-01-01,3.00348,42.98838,10,"gbif"
"2112",4567740484,"Convolvulus lanuginosus",1,2004-01-01,3.01145,42.99042,10,"gbif"
"2113",4567478405,"Convolvulus lanuginosus",1,2004-01-01,3.00539,42.99322,10,"gbif"
"2114",4566585402,"Convolvulus lanuginosus",1,2004-01-01,3.01659,42.9929,10,"gbif"
"2115",1500836027,"Convolvulus lanuginosus",1,2004-01-03,-0.78,39.64,707,"gbif"
"2116",1500830611,"Convolvulus lanuginosus",1,2004-01-03,-0.78,39.63,707,"gbif"
"2117",4589183337,"Convolvulus lanuginosus",1,2004-03-19,3.11026,43.14657,500,"gbif"
"2118",4040913878,"Convolvulus lanuginosus",1,2004-04-07,-0.54,38.65,707,"gbif"
"2119",1501275276,"Convolvulus lanuginosus",1,2004-04-09,-0.9,38.25,707,"gbif"
"2120",1501275262,"Convolvulus lanuginosus",1,2004-04-09,-0.95,38.24,707,"gbif"
"2121",1501945735,"Convolvulus lanuginosus",1,2004-04-12,-0.45,39.53,707,"gbif"
"2122",1500410409,"Convolvulus lanuginosus",1,2004-04-19,-1,38.1,707,"gbif"
"2123",1500409436,"Convolvulus lanuginosus",1,2004-04-19,-0.99,38.1,707,"gbif"
"2124",1500842342,"Convolvulus lanuginosus",1,2004-04-25,-0.7,39.59,707,"gbif"
"2125",199470308,"Convolvulus lanuginosus",1,2004-04-29,-3.84,36.8,707,"gbif"
"2126",318108393,"Convolvulus lanuginosus",1,2004-05-01,-0.92,38.52,707,"gbif"
"2127",1500832508,"Convolvulus lanuginosus",1,2004-05-09,-0.91,39.63,707,"gbif"
"2128",1501747200,"Convolvulus lanuginosus",1,2004-05-20,-0.75,39.14,707,"gbif"
"2129",4573772063,"Convolvulus lanuginosus",1,2004-05-24,2.94492,42.86207,501,"gbif"
"2130",4573557603,"Convolvulus lanuginosus",1,2004-05-25,2.76157,42.7884,501,"gbif"
"2131",3929869508,"Convolvulus lanuginosus",1,2004-05-25,3.05696,42.91051,10,"gbif"
"2132",4573927134,"Convolvulus lanuginosus",1,2004-05-29,2.79512,42.77206,501,"gbif"
"2133",4588035848,"Convolvulus lanuginosus",1,2004-06-01,2.74476,42.79751,500,"gbif"
"2134",2558247560,"Convolvulus lanuginosus",1,2004-06-07,-0.62,39.36,71,"gbif"
"2135",1501559010,"Convolvulus lanuginosus",1,2004-06-07,-0.63,39.36,707,"gbif"
"2136",1500436415,"Convolvulus lanuginosus",1,2004-06-07,-0.63,39.37,707,"gbif"
"2137",3929935401,"Convolvulus lanuginosus",1,2004-06-28,3.05854,42.91405,10,"gbif"
"2138",3929868571,"Convolvulus lanuginosus",1,2004-07-02,3.05783,42.91264,10,"gbif"
"2139",3929935412,"Convolvulus lanuginosus",1,2004-07-08,3.05255,42.92511,10,"gbif"
"2140",3929869543,"Convolvulus lanuginosus",1,2004-07-08,3.04922,42.91707,10,"gbif"
"2141",3929874493,"Convolvulus lanuginosus",1,2004-07-12,3.05637,42.91079,10,"gbif"
"2142",4543129344,"Convolvulus lanuginosus",1,2004-08-20,3.05073,42.92378,10,"gbif"
"2143",3929875553,"Convolvulus lanuginosus",1,2004-08-26,3.05296,42.92268,10,"gbif"
"2144",3929939753,"Convolvulus lanuginosus",1,2004-08-28,3.05861,42.91783,10,"gbif"
"2145",3929869806,"Convolvulus lanuginosus",1,2004-09-22,3.05304,42.91505,10,"gbif"
"2146",4407303542,"Convolvulus lanuginosus",1,2004-10-12,-0.409452,39.652732,30,"gbif"
"2147",1501275334,"Convolvulus lanuginosus",1,2004-11-01,-0.78,38.9,707,"gbif"
"2148",1500860796,"Convolvulus lanuginosus",1,2004-11-01,-0.71,39.61,707,"gbif"
"2149",4549542067,"Convolvulus lanuginosus",1,2004-11-25,2.9461,42.86329,10,"gbif"
"2150",4566386949,"Convolvulus lanuginosus",1,2005-01-01,3.05318,42.91464,500,"gbif"
"2151",4588166188,"Convolvulus lanuginosus",1,2005-03-01,2.91447,42.84901,10,"gbif"
"2152",1501198901,"Convolvulus lanuginosus",1,2005-03-06,-0.29,39.77,707,"gbif"
"2153",1501198870,"Convolvulus lanuginosus",1,2005-03-06,-0.27,39.77,707,"gbif"
"2154",1500834413,"Convolvulus lanuginosus",1,2005-03-19,-0.95,39.7,707,"gbif"
"2155",1501951818,"Convolvulus lanuginosus",1,2005-03-24,-0.47,39.5,707,"gbif"
"2156",1501947918,"Convolvulus lanuginosus",1,2005-03-25,-0.47,39.51,707,"gbif"
"2157",1501952596,"Convolvulus lanuginosus",1,2005-03-30,-0.48,39.52,707,"gbif"
"2158",1502133224,"Convolvulus lanuginosus",1,2005-04-02,-0.38,38.85,707,"gbif"
"2159",1502124005,"Convolvulus lanuginosus",1,2005-04-02,-0.36,38.99,707,"gbif"
"2160",1502120370,"Convolvulus lanuginosus",1,2005-04-02,-0.37,38.85,707,"gbif"
"2161",1502120190,"Convolvulus lanuginosus",1,2005-04-02,-0.38,38.99,707,"gbif"
"2162",1502115439,"Convolvulus lanuginosus",1,2005-04-02,-0.38,38.86,707,"gbif"
"2163",1502115419,"Convolvulus lanuginosus",1,2005-04-02,-0.37,38.86,707,"gbif"
"2164",1501275436,"Convolvulus lanuginosus",1,2005-04-02,-0.4,38.83,707,"gbif"
"2165",3713868732,"Convolvulus lanuginosus",1,2005-04-08,-2.62,36.87,707,"gbif"
"2166",1501275362,"Convolvulus lanuginosus",1,2005-04-09,-0.53,38.53,707,"gbif"
"2167",3713856577,"Convolvulus lanuginosus",1,2005-04-10,-1.74,37.34,707,"gbif"
"2168",318108332,"Convolvulus lanuginosus",1,2005-04-14,-1.7,37.38,707,"gbif"
"2169",1501275274,"Convolvulus lanuginosus",1,2005-04-16,-0.93,38.4,707,"gbif"
"2170",1501275261,"Convolvulus lanuginosus",1,2005-04-16,-0.98,38.41,707,"gbif"
"2171",1501160235,"Convolvulus lanuginosus",1,2005-04-23,-0.49,39.58,707,"gbif"
"2172",1501275302,"Convolvulus lanuginosus",1,2005-04-24,-1.07,39.2,707,"gbif"
"2173",1501275279,"Convolvulus lanuginosus",1,2005-04-24,-1.15,39.19,707,"gbif"
"2174",1501275265,"Convolvulus lanuginosus",1,2005-04-24,-1.15,39.2,707,"gbif"
"2175",1501275244,"Convolvulus lanuginosus",1,2005-04-24,-1.14,39.19,707,"gbif"
"2176",3713857276,"Convolvulus lanuginosus",1,2005-04-29,-2.64,36.89,707,"gbif"
"2177",1501955016,"Convolvulus lanuginosus",1,2005-05-02,-0.54,39.55,707,"gbif"
"2178",1842897907,"Convolvulus lanuginosus",1,2005-05-10,-0.004,38.725,707.11,"gbif"
"2179",4573864935,"Convolvulus lanuginosus",1,2005-05-14,2.7215,42.77969,10,"gbif"
"2180",1500927051,"Convolvulus lanuginosus",1,2005-05-21,-0.77,39.82,707,"gbif"
"2181",1500926443,"Convolvulus lanuginosus",1,2005-05-21,-0.77,39.81,707,"gbif"
"2182",3935478123,"Convolvulus lanuginosus",1,2005-05-25,3.00555,42.99251,10,"gbif"
"2183",3935279968,"Convolvulus lanuginosus",1,2005-05-25,3.00714,42.99265,10,"gbif"
"2184",199470359,"Convolvulus lanuginosus",1,2005-05-26,-3.9,36.76,707,"gbif"
"2185",1501950844,"Convolvulus lanuginosus",1,2005-06-15,-0.47,39.52,707,"gbif"
"2186",1500436435,"Convolvulus lanuginosus",1,2005-06-23,-0.55,39.32,707,"gbif"
"2187",3935264018,"Convolvulus lanuginosus",1,2005-07-04,2.91148,42.8446,10,"gbif"
"2188",4567741012,"Convolvulus lanuginosus",1,2006-01-01,2.98952,42.99438,10,"gbif"
"2189",4567691667,"Convolvulus lanuginosus",1,2006-01-01,3.00849,42.99033,10,"gbif"
"2190",4567063510,"Convolvulus lanuginosus",1,2006-01-01,3.00463,42.99478,10,"gbif"
"2191",4566766402,"Convolvulus lanuginosus",1,2006-01-01,2.99004,42.99506,10,"gbif"
"2192",4566585510,"Convolvulus lanuginosus",1,2006-01-01,3.01079,42.99021,10,"gbif"
"2193",4547982783,"Convolvulus lanuginosus",1,2006-01-01,3.02998,42.89698,500,"gbif"
"2194",4547979843,"Convolvulus lanuginosus",1,2006-01-01,3.05718,42.91158,500,"gbif"
"2195",4549646522,"Convolvulus lanuginosus",1,2006-02-05,2.76424,42.76546,10,"gbif"
"2196",1500673688,"Convolvulus lanuginosus",1,2006-03-15,-0.21,39.86,707,"gbif"
"2197",1500642892,"Convolvulus lanuginosus",1,2006-03-15,-0.24,39.86,707,"gbif"
"2198",1502115019,"Convolvulus lanuginosus",1,2006-03-26,-0.26,39.06,707,"gbif"
"2199",1502114940,"Convolvulus lanuginosus",1,2006-03-26,-0.25,39.06,707,"gbif"
"2200",1502114058,"Convolvulus lanuginosus",1,2006-03-26,-0.27,39.06,707,"gbif"
"2201",1502107632,"Convolvulus lanuginosus",1,2006-03-26,-0.28,39.06,707,"gbif"
"2202",1501157551,"Convolvulus lanuginosus",1,2006-04-21,-0.32,39.82,707,"gbif"
"2203",1501154751,"Convolvulus lanuginosus",1,2006-04-21,-0.33,39.83,707,"gbif"
"2204",1500725058,"Convolvulus lanuginosus",1,2006-04-25,-0.52,38.66,707,"gbif"
"2205",1500725017,"Convolvulus lanuginosus",1,2006-04-25,-0.51,38.66,707,"gbif"
"2206",895198723,"Convolvulus lanuginosus",1,2006-04-30,-0.56,39.43,707,"gbif"
"2207",1502119955,"Convolvulus lanuginosus",1,2006-04-30,-0.54,38.83,707,"gbif"
"2208",1502119437,"Convolvulus lanuginosus",1,2006-04-30,-0.53,38.83,707,"gbif"
"2209",1502109878,"Convolvulus lanuginosus",1,2006-04-30,-0.56,38.83,707,"gbif"
"2210",1501087881,"Convolvulus lanuginosus",1,2006-04-30,-0.67,38.79,707,"gbif"
"2211",1501087868,"Convolvulus lanuginosus",1,2006-04-30,-0.55,38.82,707,"gbif"
"2212",3855038605,"Convolvulus lanuginosus",1,2006-05-01,-3.68,37.02,707,"gbif"
"2213",4910722870,"Convolvulus lanuginosus",1,2006-05-07,3.057024,42.912734,50,"gbif"
"2214",1501950267,"Convolvulus lanuginosus",1,2006-05-15,-0.52,39.55,707,"gbif"
"2215",1500658954,"Convolvulus lanuginosus",1,2006-05-15,-0.66,39.29,707,"gbif"
"2216",1500658910,"Convolvulus lanuginosus",1,2006-05-16,-0.56,39.32,707,"gbif"
"2217",1501275328,"Convolvulus lanuginosus",1,2006-05-22,-0.78,39.01,707,"gbif"
"2218",1501275311,"Convolvulus lanuginosus",1,2006-05-22,-0.78,39,707,"gbif"
"2219",1500651956,"Convolvulus lanuginosus",1,2006-05-22,-0.78,39.06,707,"gbif"
"2220",1500651425,"Convolvulus lanuginosus",1,2006-05-22,-0.74,39.09,707,"gbif"
"2221",1500651391,"Convolvulus lanuginosus",1,2006-05-22,-0.72,39.08,707,"gbif"
"2222",1500651388,"Convolvulus lanuginosus",1,2006-05-22,-0.75,39.09,707,"gbif"
"2223",1500650573,"Convolvulus lanuginosus",1,2006-05-23,-0.8,39.05,707,"gbif"
"2224",1500650444,"Convolvulus lanuginosus",1,2006-05-23,-0.76,39.08,707,"gbif"
"2225",1500650205,"Convolvulus lanuginosus",1,2006-05-23,-0.8,39.04,707,"gbif"
"2226",1500650173,"Convolvulus lanuginosus",1,2006-05-23,-0.72,39.06,707,"gbif"
"2227",1500652650,"Convolvulus lanuginosus",1,2006-05-24,-0.77,39.08,707,"gbif"
"2228",1500654675,"Convolvulus lanuginosus",1,2006-05-25,-0.73,39.08,707,"gbif"
"2229",1500654638,"Convolvulus lanuginosus",1,2006-05-25,-0.71,39.06,707,"gbif"
"2230",1500649979,"Convolvulus lanuginosus",1,2006-05-25,-0.8,39.08,707,"gbif"
"2231",1500649880,"Convolvulus lanuginosus",1,2006-05-25,-0.76,39.06,707,"gbif"
"2232",1500649849,"Convolvulus lanuginosus",1,2006-05-25,-0.75,39.06,707,"gbif"
"2233",1500658906,"Convolvulus lanuginosus",1,2006-06-01,-0.27,38.99,707,"gbif"
"2234",1501275320,"Convolvulus lanuginosus",1,2006-06-04,-0.8,39.53,707,"gbif"
"2235",1500820184,"Convolvulus lanuginosus",1,2006-06-04,-0.83,39.56,707,"gbif"
"2236",1500819311,"Convolvulus lanuginosus",1,2006-06-04,-0.79,39.55,707,"gbif"
"2237",1500818653,"Convolvulus lanuginosus",1,2006-06-04,-0.83,39.57,707,"gbif"
"2238",1500816547,"Convolvulus lanuginosus",1,2006-06-04,-0.84,39.56,707,"gbif"
"2239",1500813892,"Convolvulus lanuginosus",1,2006-06-04,-0.83,39.55,707,"gbif"
"2240",1500813878,"Convolvulus lanuginosus",1,2006-06-04,-0.82,39.56,707,"gbif"
"2241",1500813863,"Convolvulus lanuginosus",1,2006-06-04,-0.81,39.56,707,"gbif"
"2242",1500811560,"Convolvulus lanuginosus",1,2006-06-04,-0.81,39.55,707,"gbif"
"2243",1500809505,"Convolvulus lanuginosus",1,2006-06-04,-0.82,39.55,707,"gbif"
"2244",895193129,"Convolvulus lanuginosus",1,2006-06-05,-0.38,39.09,707,"gbif"
"2245",1501275299,"Convolvulus lanuginosus",1,2006-06-07,-0.9,39.54,707,"gbif"
"2246",1500833187,"Convolvulus lanuginosus",1,2006-06-07,-0.9,39.56,707,"gbif"
"2247",1500822871,"Convolvulus lanuginosus",1,2006-06-07,-0.89,39.56,707,"gbif"
"2248",1500811980,"Convolvulus lanuginosus",1,2006-06-07,-0.9,39.57,707,"gbif"
"2249",1500653025,"Convolvulus lanuginosus",1,2006-06-21,-0.38,39.69,707,"gbif"
"2250",1500725040,"Convolvulus lanuginosus",1,2006-06-22,-0.57,38.65,707,"gbif"
"2251",1500653039,"Convolvulus lanuginosus",1,2006-07-06,-0.4,39.71,707,"gbif"
"2252",1501452840,"Convolvulus lanuginosus",1,2006-07-11,-0.89,38.97,707,"gbif"
"2253",1500658909,"Convolvulus lanuginosus",1,2006-07-18,-0.27,39.01,707,"gbif"
"2254",1500653066,"Convolvulus lanuginosus",1,2006-07-20,-0.42,39.69,707,"gbif"
"2255",1500653078,"Convolvulus lanuginosus",1,2006-09-07,-0.45,39.7,707,"gbif"
"2256",1500653076,"Convolvulus lanuginosus",1,2006-09-07,-0.43,39.71,707,"gbif"
"2257",1500653051,"Convolvulus lanuginosus",1,2006-09-07,-0.45,39.72,707,"gbif"
"2258",4573657017,"Convolvulus lanuginosus",1,2006-09-27,2.76154,42.79999,501,"gbif"
"2259",4573378462,"Convolvulus lanuginosus",1,2006-09-27,2.77192,42.79703,10,"gbif"
"2260",4853740117,"Convolvulus lanuginosus",1,2006-10-29,-0.37,38.98,707,"gbif"
"2261",1501275371,"Convolvulus lanuginosus",1,2006-12-10,-0.37,38.5,707,"gbif"
"2262",1501275369,"Convolvulus lanuginosus",1,2006-12-10,-0.34,38.53,707,"gbif"
"2263",1501275363,"Convolvulus lanuginosus",1,2006-12-10,-0.27,38.55,707,"gbif"
"2264",1501275295,"Convolvulus lanuginosus",1,2006-12-17,-0.91,39.43,707,"gbif"
"2265",1500658911,"Convolvulus lanuginosus",1,2007-01-18,-0.92,39.37,707,"gbif"
"2266",199470392,"Convolvulus lanuginosus",1,2007-02-06,-4.54,36.86,707,"gbif"
"2267",1500743945,"Convolvulus lanuginosus",1,2007-02-14,-0.27,38.98,707,"gbif"
"2268",1500743941,"Convolvulus lanuginosus",1,2007-02-14,-0.52,38.95,707,"gbif"
"2269",1502127819,"Convolvulus lanuginosus",1,2007-02-25,-0.24,39.18,707,"gbif"
"2270",1502127778,"Convolvulus lanuginosus",1,2007-02-25,-0.24,39.19,707,"gbif"
"2271",4588518380,"Convolvulus lanuginosus",1,2007-03-09,2.92418,42.87106,500,"gbif"
"2272",1500743877,"Convolvulus lanuginosus",1,2007-03-11,-0.4,38.84,707,"gbif"
"2273",1500724984,"Convolvulus lanuginosus",1,2007-03-16,-0.55,38.41,707,"gbif"
"2274",1500725055,"Convolvulus lanuginosus",1,2007-03-23,-0.59,38.43,707,"gbif"
"2275",1502136765,"Convolvulus lanuginosus",1,2007-03-25,-0.45,38.98,707,"gbif"
"2276",1502136759,"Convolvulus lanuginosus",1,2007-03-25,-0.48,38.97,707,"gbif"
"2277",1502136705,"Convolvulus lanuginosus",1,2007-03-25,-0.45,38.99,707,"gbif"
"2278",1502120592,"Convolvulus lanuginosus",1,2007-03-25,-0.34,38.88,707,"gbif"
"2279",1502108808,"Convolvulus lanuginosus",1,2007-03-25,-0.35,38.87,707,"gbif"
"2280",1502108807,"Convolvulus lanuginosus",1,2007-03-25,-0.35,38.88,707,"gbif"
"2281",1502108799,"Convolvulus lanuginosus",1,2007-03-25,-0.37,38.87,707,"gbif"
"2282",1502098424,"Convolvulus lanuginosus",1,2007-03-25,-0.37,38.88,707,"gbif"
"2283",1501913482,"Convolvulus lanuginosus",1,2007-04-01,-0.64,39.56,707,"gbif"
"2284",1501913454,"Convolvulus lanuginosus",1,2007-04-01,-0.65,39.55,707,"gbif"
"2285",1500724997,"Convolvulus lanuginosus",1,2007-04-08,-0.56,38.64,707,"gbif"
"2286",4589416205,"Convolvulus lanuginosus",1,2007-04-19,3.10008,43.12977,10,"gbif"
"2287",4589374633,"Convolvulus lanuginosus",1,2007-04-19,3.10976,43.14166,10,"gbif"
"2288",1502127978,"Convolvulus lanuginosus",1,2007-04-22,-0.17,39.91,707,"gbif"
"2289",1502123432,"Convolvulus lanuginosus",1,2007-04-22,-0.19,39.8,707,"gbif"
"2290",1502123325,"Convolvulus lanuginosus",1,2007-04-22,-0.19,39.81,707,"gbif"
"2291",1502120778,"Convolvulus lanuginosus",1,2007-04-22,-0.19,39.78,707,"gbif"
"2292",1501909327,"Convolvulus lanuginosus",1,2007-04-22,-0.2,39.81,707,"gbif"
"2293",1501909319,"Convolvulus lanuginosus",1,2007-04-22,-0.2,39.8,707,"gbif"
"2294",1501881557,"Convolvulus lanuginosus",1,2007-04-22,-0.21,39.78,707,"gbif"
"2295",1501186175,"Convolvulus lanuginosus",1,2007-04-22,-0.2,39.78,707,"gbif"
"2296",1501183505,"Convolvulus lanuginosus",1,2007-04-22,-0.2,39.79,707,"gbif"
"2297",1500670663,"Convolvulus lanuginosus",1,2007-04-26,-0.75,38.84,707,"gbif"
"2298",1500670625,"Convolvulus lanuginosus",1,2007-04-26,-0.75,38.85,707,"gbif"
"2299",4549570540,"Convolvulus lanuginosus",1,2007-04-27,3.00493,42.99543,500,"gbif"
"2300",4549531297,"Convolvulus lanuginosus",1,2007-04-27,2.96854,42.95371,500,"gbif"
"2301",4549221325,"Convolvulus lanuginosus",1,2007-04-27,3.00218,42.99393,500,"gbif"
"2302",4549162114,"Convolvulus lanuginosus",1,2007-04-27,2.96522,42.95649,500,"gbif"
"2303",3935319563,"Convolvulus lanuginosus",1,2007-04-27,3.01058,42.99069,10,"gbif"
"2304",3935147587,"Convolvulus lanuginosus",1,2007-04-27,3.00564,42.99516,10,"gbif"
"2305",3935147533,"Convolvulus lanuginosus",1,2007-04-27,3.00942,42.99058,10,"gbif"
"2306",3935140730,"Convolvulus lanuginosus",1,2007-04-27,2.96676,42.95227,10,"gbif"
"2307",4573975756,"Convolvulus lanuginosus",1,2007-04-28,2.91738,42.85981,200,"gbif"
"2308",4573480125,"Convolvulus lanuginosus",1,2007-04-28,2.93268,42.85306,501,"gbif"
"2309",1501748980,"Convolvulus lanuginosus",1,2007-05-03,-0.99,39.22,707,"gbif"
"2310",895200861,"Convolvulus lanuginosus",1,2007-05-18,-0.68,39.59,707,"gbif"
"2311",4548967231,"Convolvulus lanuginosus",1,2007-05-18,3.09813,43.12624,500,"gbif"
"2312",4589319264,"Convolvulus lanuginosus",1,2007-05-22,3.00633,42.9926,500,"gbif"
"2313",1502138525,"Convolvulus lanuginosus",1,2007-05-29,-0.28,39.07,707,"gbif"
"2314",1502138161,"Convolvulus lanuginosus",1,2007-05-29,-0.27,39.07,707,"gbif"
"2315",1502119751,"Convolvulus lanuginosus",1,2007-05-29,-0.29,39.07,707,"gbif"
"2316",1502098217,"Convolvulus lanuginosus",1,2007-05-29,-0.27,39.08,707,"gbif"
"2317",1500748033,"Convolvulus lanuginosus",1,2007-06-04,-0.41,40.2,707,"gbif"
"2318",1500748030,"Convolvulus lanuginosus",1,2007-06-04,-0.4,40.18,707,"gbif"
"2319",1500725047,"Convolvulus lanuginosus",1,2007-06-04,-0.71,38.67,707,"gbif"
"2320",1500748741,"Convolvulus lanuginosus",1,2007-06-06,-0.37,40.2,707,"gbif"
"2321",4550083745,"Convolvulus lanuginosus",1,2007-06-07,2.9597,42.89826,500,"gbif"
"2322",1500743917,"Convolvulus lanuginosus",1,2007-06-22,-0.27,38.93,707,"gbif"
"2323",1500725083,"Convolvulus lanuginosus",1,2007-06-22,-0.5,38.67,707,"gbif"
"2324",1500725061,"Convolvulus lanuginosus",1,2007-06-22,-0.49,38.67,707,"gbif"
"2325",1500725057,"Convolvulus lanuginosus",1,2007-06-22,-0.51,38.67,707,"gbif"
"2326",1500739526,"Convolvulus lanuginosus",1,2007-06-26,-0.89,39.44,707,"gbif"
"2327",1500739510,"Convolvulus lanuginosus",1,2007-06-26,-0.9,39.44,707,"gbif"
"2328",1500739501,"Convolvulus lanuginosus",1,2007-06-26,-0.89,39.42,707,"gbif"
"2329",1500739474,"Convolvulus lanuginosus",1,2007-06-26,-0.9,39.42,707,"gbif"
"2330",1500739463,"Convolvulus lanuginosus",1,2007-06-26,-0.91,39.42,707,"gbif"
"2331",1500725039,"Convolvulus lanuginosus",1,2007-06-27,-0.51,38.6,707,"gbif"
"2332",4588537881,"Convolvulus lanuginosus",1,2007-06-29,2.93201,42.86555,10,"gbif"
"2333",4588396772,"Convolvulus lanuginosus",1,2007-06-29,2.93065,42.8651,10,"gbif"
"2334",4588152628,"Convolvulus lanuginosus",1,2007-06-29,2.92927,42.86541,10,"gbif"
"2335",1500743976,"Convolvulus lanuginosus",1,2007-07-24,-0.36,39,707,"gbif"
"2336",1500725016,"Convolvulus lanuginosus",1,2007-07-29,-0.47,38.74,707,"gbif"
"2337",4548090013,"Convolvulus lanuginosus",1,2007-09-05,3.00157,43.0663,10,"gbif"
"2338",1500667858,"Convolvulus lanuginosus",1,2007-09-05,-0.91,39.55,707,"gbif"
"2339",1501932775,"Convolvulus lanuginosus",1,2007-11-01,-0.54,39.63,707,"gbif"
"2340",1501881699,"Convolvulus lanuginosus",1,2007-11-01,-0.54,39.61,707,"gbif"
"2341",1501881681,"Convolvulus lanuginosus",1,2007-11-01,-0.54,39.62,707,"gbif"
"2342",1501907262,"Convolvulus lanuginosus",1,2007-11-18,-0.38,39.79,707,"gbif"
"2343",1501907251,"Convolvulus lanuginosus",1,2007-11-18,-0.41,39.82,707,"gbif"
"2344",1501907248,"Convolvulus lanuginosus",1,2007-11-18,-0.4,39.81,707,"gbif"
"2345",1501907227,"Convolvulus lanuginosus",1,2007-11-18,-0.44,39.83,707,"gbif"
"2346",1502136043,"Convolvulus lanuginosus",1,2007-11-22,-0.24,38.89,707,"gbif"
"2347",1502136021,"Convolvulus lanuginosus",1,2007-11-22,-0.25,38.89,707,"gbif"
"2348",1502102327,"Convolvulus lanuginosus",1,2007-11-22,-0.25,38.9,707,"gbif"
"2349",1502125615,"Convolvulus lanuginosus",1,2007-11-25,-0.23,38.91,707,"gbif"
"2350",1502116711,"Convolvulus lanuginosus",1,2007-11-25,-0.23,38.9,707,"gbif"
"2351",1502107996,"Convolvulus lanuginosus",1,2007-11-25,-0.24,38.91,707,"gbif"
"2352",1502102330,"Convolvulus lanuginosus",1,2007-11-25,-0.24,38.9,707,"gbif"
"2353",4548379505,"Convolvulus lanuginosus",1,2007-11-27,3.01275,42.98005,10,"gbif"
"2354",1502123237,"Convolvulus lanuginosus",1,2007-12-02,-0.18,40.03,707,"gbif"
"2355",1502123225,"Convolvulus lanuginosus",1,2007-12-02,-0.18,40.02,707,"gbif"
"2356",1502107707,"Convolvulus lanuginosus",1,2007-12-02,-0.17,40.03,707,"gbif"
"2357",1501206512,"Convolvulus lanuginosus",1,2007-12-02,-0.23,40.02,707,"gbif"
"2358",1501206500,"Convolvulus lanuginosus",1,2007-12-02,-0.23,40.03,707,"gbif"
"2359",1501206466,"Convolvulus lanuginosus",1,2007-12-02,-0.25,40.02,707,"gbif"
"2360",1501203373,"Convolvulus lanuginosus",1,2007-12-02,-0.24,40.03,707,"gbif"
"2361",1501209536,"Convolvulus lanuginosus",1,2008-01-06,-0.52,39.73,707,"gbif"
"2362",1501195916,"Convolvulus lanuginosus",1,2008-01-06,-0.53,39.74,707,"gbif"
"2363",1501170286,"Convolvulus lanuginosus",1,2008-01-06,-0.53,39.72,707,"gbif"
"2364",1501170279,"Convolvulus lanuginosus",1,2008-01-06,-0.53,39.7,707,"gbif"
"2365",1501170274,"Convolvulus lanuginosus",1,2008-01-06,-0.53,39.73,707,"gbif"
"2366",1501170235,"Convolvulus lanuginosus",1,2008-01-06,-0.53,39.71,707,"gbif"
"2367",1501950718,"Convolvulus lanuginosus",1,2008-02-03,-0.62,39.6,707,"gbif"
"2368",1501950666,"Convolvulus lanuginosus",1,2008-02-03,-0.63,39.6,707,"gbif"
"2369",1501930706,"Convolvulus lanuginosus",1,2008-02-03,-0.64,39.61,707,"gbif"
"2370",1500849150,"Convolvulus lanuginosus",1,2008-02-03,-0.77,39.64,707,"gbif"
"2371",1500845941,"Convolvulus lanuginosus",1,2008-02-03,-0.68,39.61,707,"gbif"
"2372",1500843498,"Convolvulus lanuginosus",1,2008-02-03,-0.76,39.66,707,"gbif"
"2373",1500830755,"Convolvulus lanuginosus",1,2008-02-03,-0.76,39.64,707,"gbif"
"2374",1500829809,"Convolvulus lanuginosus",1,2008-02-03,-0.74,39.66,707,"gbif"
"2375",1500828916,"Convolvulus lanuginosus",1,2008-02-03,-0.76,39.65,707,"gbif"
"2376",1500824099,"Convolvulus lanuginosus",1,2008-02-03,-0.85,39.69,707,"gbif"
"2377",1500823176,"Convolvulus lanuginosus",1,2008-02-03,-0.74,39.65,707,"gbif"
"2378",3935141262,"Convolvulus lanuginosus",1,2008-03-11,3.00428,42.8965,10,"gbif"
"2379",1501275387,"Convolvulus lanuginosus",1,2008-03-19,-0.11,38.67,707,"gbif"
"2380",1501275386,"Convolvulus lanuginosus",1,2008-03-19,-0.11,38.68,707,"gbif"
"2381",1501090900,"Convolvulus lanuginosus",1,2008-03-28,-0.88,39.66,707,"gbif"
"2382",1500834454,"Convolvulus lanuginosus",1,2008-03-28,-0.9,39.67,707,"gbif"
"2383",1500834451,"Convolvulus lanuginosus",1,2008-03-28,-0.9,39.66,707,"gbif"
"2384",1500834434,"Convolvulus lanuginosus",1,2008-03-28,-0.88,39.67,707,"gbif"
"2385",1501275342,"Convolvulus lanuginosus",1,2008-03-30,-0.76,39.1,707,"gbif"
"2386",1501275333,"Convolvulus lanuginosus",1,2008-03-30,-0.77,39.09,707,"gbif"
"2387",1501275330,"Convolvulus lanuginosus",1,2008-03-30,-0.76,39.09,707,"gbif"
"2388",1501275318,"Convolvulus lanuginosus",1,2008-03-30,-0.79,39.09,707,"gbif"
"2389",4573367561,"Convolvulus lanuginosus",1,2008-04-12,2.92045,42.85306,501,"gbif"
"2390",4573942771,"Convolvulus lanuginosus",1,2008-04-18,2.78736,42.76322,501,"gbif"
"2391",1501930025,"Convolvulus lanuginosus",1,2008-04-20,-0.5,39.51,707,"gbif"
"2392",4573913547,"Convolvulus lanuginosus",1,2008-04-21,2.90822,42.84404,501,"gbif"
"2393",1501967081,"Convolvulus lanuginosus",1,2008-04-22,-0.45,39.83,707,"gbif"
"2394",1501090870,"Convolvulus lanuginosus",1,2008-05-01,-1.12,39.74,707,"gbif"
"2395",1501090854,"Convolvulus lanuginosus",1,2008-05-01,-1.12,39.73,707,"gbif"
"2396",1500937249,"Convolvulus lanuginosus",1,2008-05-01,-1.11,39.75,707,"gbif"
"2397",1500936692,"Convolvulus lanuginosus",1,2008-05-01,-1.13,39.75,707,"gbif"
"2398",1500936484,"Convolvulus lanuginosus",1,2008-05-01,-1.13,39.74,707,"gbif"
"2399",1500831236,"Convolvulus lanuginosus",1,2008-05-01,-1.1,39.73,707,"gbif"
"2400",4574092808,"Convolvulus lanuginosus",1,2008-05-03,2.7862,42.73664,501,"gbif"
"2401",4573529419,"Convolvulus lanuginosus",1,2008-05-03,2.78509,42.75618,10,"gbif"
"2402",4573362670,"Convolvulus lanuginosus",1,2008-05-03,2.77949,42.76622,103,"gbif"
"2403",3935151957,"Convolvulus lanuginosus",1,2008-05-04,3.09541,43.13522,10,"gbif"
"2404",3935331574,"Convolvulus lanuginosus",1,2008-05-06,3.11051,43.14434,10,"gbif"
"2405",3935156547,"Convolvulus lanuginosus",1,2008-05-06,3.08998,43.13749,10,"gbif"
"2406",3113571887,"Convolvulus lanuginosus",1,2008-05-15,3.04444,42.92778,100,"gbif"
"2407",1501090922,"Convolvulus lanuginosus",1,2008-05-16,-1.12,39.83,707,"gbif"
"2408",1501090905,"Convolvulus lanuginosus",1,2008-05-16,-1.14,39.83,707,"gbif"
"2409",1501090885,"Convolvulus lanuginosus",1,2008-05-16,-1.14,39.79,707,"gbif"
"2410",1500933044,"Convolvulus lanuginosus",1,2008-05-16,-1.15,39.8,707,"gbif"
"2411",1500932802,"Convolvulus lanuginosus",1,2008-05-16,-1.15,39.79,707,"gbif"
"2412",1500932619,"Convolvulus lanuginosus",1,2008-05-16,-1.12,39.82,707,"gbif"
"2413",1500932454,"Convolvulus lanuginosus",1,2008-05-16,-1.14,39.82,707,"gbif"
"2414",1501275384,"Convolvulus lanuginosus",1,2008-05-19,-0.09,38.54,707,"gbif"
"2415",1501275382,"Convolvulus lanuginosus",1,2008-05-19,-0.09,38.55,707,"gbif"
"2416",1500703917,"Convolvulus lanuginosus",1,2008-05-19,-0.11,38.6,707,"gbif"
"2417",1501275361,"Convolvulus lanuginosus",1,2008-05-20,-0.15,38.6,707,"gbif"
"2418",1501275348,"Convolvulus lanuginosus",1,2008-05-20,-0.12,38.6,707,"gbif"
"2419",1500704676,"Convolvulus lanuginosus",1,2008-05-21,-0.09,38.53,707,"gbif"
"2420",3935150563,"Convolvulus lanuginosus",1,2008-05-24,2.96221,42.92559,10,"gbif"
"2421",1500940941,"Convolvulus lanuginosus",1,2008-05-28,-0.61,38.71,707,"gbif"
"2422",4573671918,"Convolvulus lanuginosus",1,2008-05-31,2.92999,42.85863,10,"gbif"
"2423",3940815198,"Convolvulus lanuginosus",1,2008-07-02,3.02226,42.89806,10,"gbif"
"2424",1500835569,"Convolvulus lanuginosus",1,2008-09-18,-0.49,39.66,707,"gbif"
"2425",4549661692,"Convolvulus lanuginosus",1,2009-01-01,2.97165,42.86378,500,"gbif"
"2426",4549661691,"Convolvulus lanuginosus",1,2009-01-01,2.94124,42.85977,500,"gbif"
"2427",4549661689,"Convolvulus lanuginosus",1,2009-01-01,2.89694,42.84122,500,"gbif"
"2428",1502137541,"Convolvulus lanuginosus",1,2009-01-17,-0.57,39.42,707,"gbif"
"2429",1502137537,"Convolvulus lanuginosus",1,2009-01-17,-0.55,39.42,707,"gbif"
"2430",1500841452,"Convolvulus lanuginosus",1,2009-03-07,-0.73,39.69,707,"gbif"
"2431",1500835937,"Convolvulus lanuginosus",1,2009-03-07,-0.72,39.7,707,"gbif"
"2432",1501957061,"Convolvulus lanuginosus",1,2009-03-08,-0.65,39.74,707,"gbif"
"2433",1501905010,"Convolvulus lanuginosus",1,2009-03-08,-0.66,39.73,707,"gbif"
"2434",1501098711,"Convolvulus lanuginosus",1,2009-03-08,-0.67,39.73,707,"gbif"
"2435",1501091847,"Convolvulus lanuginosus",1,2009-03-08,-0.67,39.74,707,"gbif"
"2436",1500950616,"Convolvulus lanuginosus",1,2009-03-08,-0.71,39.75,707,"gbif"
"2437",1500950310,"Convolvulus lanuginosus",1,2009-03-08,-0.69,39.75,707,"gbif"
"2438",1500950175,"Convolvulus lanuginosus",1,2009-03-08,-0.68,39.74,707,"gbif"
"2439",1500945684,"Convolvulus lanuginosus",1,2009-03-08,-0.68,39.73,707,"gbif"
"2440",1500764854,"Convolvulus lanuginosus",1,2009-03-08,-0.58,39.32,707,"gbif"
"2441",1500764822,"Convolvulus lanuginosus",1,2009-03-08,-0.59,39.32,707,"gbif"
"2442",1500955107,"Convolvulus lanuginosus",1,2009-03-17,-0.74,39.74,707,"gbif"
"2443",4574362354,"Convolvulus lanuginosus",1,2009-03-18,2.71271,42.77848,501,"gbif"
"2444",1501091838,"Convolvulus lanuginosus",1,2009-03-21,-0.69,39.63,707,"gbif"
"2445",1500846623,"Convolvulus lanuginosus",1,2009-03-21,-0.72,39.67,707,"gbif"
"2446",1500846609,"Convolvulus lanuginosus",1,2009-03-21,-0.72,39.66,707,"gbif"
"2447",1500846603,"Convolvulus lanuginosus",1,2009-03-21,-0.73,39.67,707,"gbif"
"2448",1500837004,"Convolvulus lanuginosus",1,2009-03-21,-0.72,39.64,707,"gbif"
"2449",1500827145,"Convolvulus lanuginosus",1,2009-03-21,-0.69,39.65,707,"gbif"
"2450",1500826035,"Convolvulus lanuginosus",1,2009-03-21,-0.7,39.64,707,"gbif"
"2451",1500822410,"Convolvulus lanuginosus",1,2009-03-21,-0.69,39.64,707,"gbif"
"2452",1500809895,"Convolvulus lanuginosus",1,2009-03-21,-0.73,39.64,707,"gbif"
"2453",1500809879,"Convolvulus lanuginosus",1,2009-03-21,-0.72,39.63,707,"gbif"
"2454",1500809868,"Convolvulus lanuginosus",1,2009-03-21,-0.73,39.63,707,"gbif"
"2455",1500809841,"Convolvulus lanuginosus",1,2009-03-21,-0.71,39.63,707,"gbif"
"2456",1501091879,"Convolvulus lanuginosus",1,2009-04-03,-0.78,39.68,707,"gbif"
"2457",1500842925,"Convolvulus lanuginosus",1,2009-04-03,-0.77,39.68,707,"gbif"
"2458",1500842676,"Convolvulus lanuginosus",1,2009-04-03,-0.77,39.7,707,"gbif"
"2459",1500837319,"Convolvulus lanuginosus",1,2009-04-03,-0.77,39.69,707,"gbif"
"2460",1500826646,"Convolvulus lanuginosus",1,2009-04-03,-0.78,39.69,707,"gbif"
"2461",1500857450,"Convolvulus lanuginosus",1,2009-04-05,-0.84,39.6,707,"gbif"
"2462",1500857417,"Convolvulus lanuginosus",1,2009-04-05,-0.85,39.61,707,"gbif"
"2463",1500857415,"Convolvulus lanuginosus",1,2009-04-05,-0.86,39.61,707,"gbif"
"2464",415616963,"Convolvulus lanuginosus",1,2009-04-08,-4.73,36.98,707,"gbif"
"2465",1500764868,"Convolvulus lanuginosus",1,2009-04-13,-0.65,39.37,707,"gbif"
"2466",1500764858,"Convolvulus lanuginosus",1,2009-04-13,-0.64,39.37,707,"gbif"
"2467",1501943754,"Convolvulus lanuginosus",1,2009-04-14,-0.64,39.54,707,"gbif"
"2468",1500867080,"Convolvulus lanuginosus",1,2009-04-18,-0.87,39.69,707,"gbif"
"2469",1500867058,"Convolvulus lanuginosus",1,2009-04-18,-0.88,39.7,707,"gbif"
"2470",1500867040,"Convolvulus lanuginosus",1,2009-04-18,-0.88,39.69,707,"gbif"
"2471",1500836468,"Convolvulus lanuginosus",1,2009-04-18,-0.9,39.68,707,"gbif"
"2472",1500831900,"Convolvulus lanuginosus",1,2009-04-18,-0.91,39.67,707,"gbif"
"2473",1500828992,"Convolvulus lanuginosus",1,2009-04-18,-0.91,39.7,707,"gbif"
"2474",1500826833,"Convolvulus lanuginosus",1,2009-04-18,-0.91,39.68,707,"gbif"
"2475",1500823022,"Convolvulus lanuginosus",1,2009-04-18,-0.89,39.7,707,"gbif"
"2476",1501943771,"Convolvulus lanuginosus",1,2009-04-20,-0.6,39.53,707,"gbif"
"2477",1501943728,"Convolvulus lanuginosus",1,2009-04-20,-0.61,39.53,707,"gbif"
"2478",1501943758,"Convolvulus lanuginosus",1,2009-04-24,-0.62,39.54,707,"gbif"
"2479",4549506176,"Convolvulus lanuginosus",1,2009-05-02,3.05566,42.91449,500,"gbif"
"2480",1501749404,"Convolvulus lanuginosus",1,2009-05-02,-0.78,39.26,707,"gbif"
"2481",1501748449,"Convolvulus lanuginosus",1,2009-05-02,-1.06,39.26,707,"gbif"
"2482",3713857920,"Convolvulus lanuginosus",1,2009-05-05,-1.07,39.18,707,"gbif"
"2483",1501749467,"Convolvulus lanuginosus",1,2009-05-05,-1.08,39.21,707,"gbif"
"2484",4573365330,"Convolvulus lanuginosus",1,2009-05-06,2.7739,42.76182,501,"gbif"
"2485",1501091871,"Convolvulus lanuginosus",1,2009-05-08,-0.83,39.76,707,"gbif"
"2486",1500959327,"Convolvulus lanuginosus",1,2009-05-08,-0.83,39.77,707,"gbif"
"2487",1500951924,"Convolvulus lanuginosus",1,2009-05-08,-0.83,39.75,707,"gbif"
"2488",1500950832,"Convolvulus lanuginosus",1,2009-05-08,-0.85,39.76,707,"gbif"
"2489",1501943816,"Convolvulus lanuginosus",1,2009-05-09,-0.62,39.55,707,"gbif"
"2490",4587783106,"Convolvulus lanuginosus",1,2009-05-10,2.72568,42.79048,500,"gbif"
"2491",3935249698,"Convolvulus lanuginosus",1,2009-05-10,3.00418,42.89649,10,"gbif"
"2492",1501943768,"Convolvulus lanuginosus",1,2009-05-10,-0.61,39.54,707,"gbif"
"2493",4550001042,"Convolvulus lanuginosus",1,2009-05-11,3.14083,43.15661,500,"gbif"
"2494",4549570903,"Convolvulus lanuginosus",1,2009-05-11,3.1386,43.1578,500,"gbif"
"2495",1501943795,"Convolvulus lanuginosus",1,2009-05-12,-0.6,39.55,707,"gbif"
"2496",1501000243,"Convolvulus lanuginosus",1,2009-05-13,-0.55,39.65,707,"gbif"
"2497",1501000195,"Convolvulus lanuginosus",1,2009-05-13,-0.55,39.64,707,"gbif"
"2498",4589173246,"Convolvulus lanuginosus",1,2009-05-14,3.00859,42.99054,500,"gbif"
"2499",3935164778,"Convolvulus lanuginosus",1,2009-05-14,3.00941,42.99029,10,"gbif"
"2500",1501960126,"Convolvulus lanuginosus",1,2009-05-15,-0.78,38.38,707,"gbif"
"2501",1500959606,"Convolvulus lanuginosus",1,2009-05-18,-0.54,38.73,707,"gbif"
"2502",1500959035,"Convolvulus lanuginosus",1,2009-05-18,-0.58,38.68,707,"gbif"
"2503",1500958735,"Convolvulus lanuginosus",1,2009-05-18,-0.54,38.72,707,"gbif"
"2504",1500957375,"Convolvulus lanuginosus",1,2009-05-18,-0.53,38.72,707,"gbif"
"2505",1500764863,"Convolvulus lanuginosus",1,2009-05-18,-0.69,39.32,707,"gbif"
"2506",1500764857,"Convolvulus lanuginosus",1,2009-05-18,-0.67,39.32,707,"gbif"
"2507",1500764824,"Convolvulus lanuginosus",1,2009-05-18,-0.69,39.31,707,"gbif"
"2508",1500764775,"Convolvulus lanuginosus",1,2009-05-18,-0.67,39.31,707,"gbif"
"2509",895212869,"Convolvulus lanuginosus",1,2009-05-19,-0.44,39.52,71,"gbif"
"2510",1501850045,"Convolvulus lanuginosus",1,2009-05-19,-0.56,38.73,707,"gbif"
"2511",1501850002,"Convolvulus lanuginosus",1,2009-05-19,-0.56,38.72,707,"gbif"
"2512",1501849970,"Convolvulus lanuginosus",1,2009-05-19,-0.57,38.73,707,"gbif"
"2513",1500966321,"Convolvulus lanuginosus",1,2009-05-19,-0.57,38.72,707,"gbif"
"2514",1500959573,"Convolvulus lanuginosus",1,2009-05-19,-0.53,38.67,707,"gbif"
"2515",1500958643,"Convolvulus lanuginosus",1,2009-05-19,-0.53,38.73,707,"gbif"
"2516",4549570338,"Convolvulus lanuginosus",1,2009-05-20,3.09481,43.13827,500,"gbif"
"2517",1501091863,"Convolvulus lanuginosus",1,2009-05-20,-0.46,39.53,707,"gbif"
"2518",1500967662,"Convolvulus lanuginosus",1,2009-05-21,-0.49,38.73,707,"gbif"
"2519",1500967247,"Convolvulus lanuginosus",1,2009-05-21,-0.5,38.71,707,"gbif"
"2520",1500969715,"Convolvulus lanuginosus",1,2009-05-22,-0.56,38.71,707,"gbif"
"2521",1500764874,"Convolvulus lanuginosus",1,2009-05-26,-0.94,38.3,707,"gbif"
"2522",4573375536,"Convolvulus lanuginosus",1,2009-05-27,2.71584,42.76267,200,"gbif"
"2523",1500764885,"Convolvulus lanuginosus",1,2009-05-30,-0.65,39.31,707,"gbif"
"2524",1500764865,"Convolvulus lanuginosus",1,2009-05-30,-0.66,39.31,707,"gbif"
"2525",1500764864,"Convolvulus lanuginosus",1,2009-05-30,-0.66,39.3,707,"gbif"
"2526",1500764839,"Convolvulus lanuginosus",1,2009-05-30,-0.67,39.3,707,"gbif"
"2527",1500764830,"Convolvulus lanuginosus",1,2009-05-30,-0.65,39.29,707,"gbif"
"2528",1500764815,"Convolvulus lanuginosus",1,2009-05-30,-0.65,39.3,707,"gbif"
"2529",4573510590,"Convolvulus lanuginosus",1,2009-06-06,2.72392,42.76234,501,"gbif"
"2530",4573374365,"Convolvulus lanuginosus",1,2009-06-06,2.7403,42.76049,200,"gbif"
"2531",1501960801,"Convolvulus lanuginosus",1,2009-06-07,-0.82,38.5,707,"gbif"
"2532",1501971221,"Convolvulus lanuginosus",1,2009-06-15,-0.93,38.33,707,"gbif"
"2533",1501971981,"Convolvulus lanuginosus",1,2009-06-22,-0.85,38.48,707,"gbif"
"2534",1501970362,"Convolvulus lanuginosus",1,2009-06-25,-0.81,38.41,707,"gbif"
"2535",1501964965,"Convolvulus lanuginosus",1,2009-06-25,-0.8,38.4,707,"gbif"
"2536",1500962429,"Convolvulus lanuginosus",1,2009-06-27,-1.1,39.8,707,"gbif"
"2537",1500956094,"Convolvulus lanuginosus",1,2009-06-27,-1.09,39.8,707,"gbif"
"2538",1500952050,"Convolvulus lanuginosus",1,2009-06-27,-1.08,39.8,707,"gbif"
"2539",1500951312,"Convolvulus lanuginosus",1,2009-06-27,-1.06,39.8,707,"gbif"
"2540",1500951178,"Convolvulus lanuginosus",1,2009-06-27,-1.06,39.79,707,"gbif"
"2541",1500950970,"Convolvulus lanuginosus",1,2009-06-27,-1.07,39.79,707,"gbif"
"2542",4573821005,"Convolvulus lanuginosus",1,2009-08-09,2.76151,42.80781,501,"gbif"
"2543",3938927035,"Convolvulus lanuginosus",1,2009-08-25,3.10749,43.149,10,"gbif"
"2544",1501895434,"Convolvulus lanuginosus",1,2009-09-20,-0.55,39.51,707,"gbif"
"2545",1501895433,"Convolvulus lanuginosus",1,2009-09-20,-0.54,39.51,707,"gbif"
"2546",1501176462,"Convolvulus lanuginosus",1,2009-09-20,-0.54,39.52,707,"gbif"
"2547",1501158391,"Convolvulus lanuginosus",1,2009-09-20,-0.55,39.52,707,"gbif"
"2548",1501971038,"Convolvulus lanuginosus",1,2009-10-17,-0.8,38.41,707,"gbif"
"2549",1501959593,"Convolvulus lanuginosus",1,2009-10-18,-0.85,38.46,707,"gbif"
"2550",1501957463,"Convolvulus lanuginosus",1,2009-10-19,-0.82,38.47,707,"gbif"
"2551",1501957123,"Convolvulus lanuginosus",1,2009-10-19,-0.83,38.47,707,"gbif"
"2552",1501960498,"Convolvulus lanuginosus",1,2009-11-12,-0.73,38.41,707,"gbif"
"2553",1501964571,"Convolvulus lanuginosus",1,2009-11-15,-0.83,38.5,707,"gbif"
"2554",1501958448,"Convolvulus lanuginosus",1,2009-12-10,-0.77,38.42,707,"gbif"
"2555",1501907217,"Convolvulus lanuginosus",1,2009-12-26,-0.57,39.91,707,"gbif"
"2556",1501907204,"Convolvulus lanuginosus",1,2009-12-26,-0.6,39.91,707,"gbif"
"2557",1501876308,"Convolvulus lanuginosus",1,2009-12-26,-0.61,39.9,707,"gbif"
"2558",1501187657,"Convolvulus lanuginosus",1,2009-12-26,-0.6,39.9,707,"gbif"
"2559",1501177162,"Convolvulus lanuginosus",1,2009-12-26,-0.6,39.89,707,"gbif"
"2560",1501082867,"Convolvulus lanuginosus",1,2010-01-02,-0.4,38.53,707,"gbif"
"2561",1502136570,"Convolvulus lanuginosus",1,2010-01-22,-0.23,38.87,707,"gbif"
"2562",1502114034,"Convolvulus lanuginosus",1,2010-01-22,-0.26,38.87,707,"gbif"
"2563",1501275425,"Convolvulus lanuginosus",1,2010-01-22,-0.27,38.87,707,"gbif"
"2564",1502067700,"Convolvulus lanuginosus",1,2010-01-31,-0.68,38.42,707,"gbif"
"2565",1501976330,"Convolvulus lanuginosus",1,2010-02-14,-0.51,39.91,707,"gbif"
"2566",1501874854,"Convolvulus lanuginosus",1,2010-02-14,-0.54,39.9,707,"gbif"
"2567",1501204067,"Convolvulus lanuginosus",1,2010-02-14,-0.53,39.91,707,"gbif"
"2568",1501190354,"Convolvulus lanuginosus",1,2010-02-14,-0.54,39.92,707,"gbif"
"2569",1501190350,"Convolvulus lanuginosus",1,2010-02-14,-0.54,39.91,707,"gbif"
"2570",1501178786,"Convolvulus lanuginosus",1,2010-02-14,-0.53,39.92,707,"gbif"
"2571",1501127196,"Convolvulus lanuginosus",1,2010-02-14,-0.5,39.9,707,"gbif"
"2572",1501917205,"Convolvulus lanuginosus",1,2010-02-20,-0.3,39.99,707,"gbif"
"2573",1501917064,"Convolvulus lanuginosus",1,2010-02-20,-0.29,39.99,707,"gbif"
"2574",1501893565,"Convolvulus lanuginosus",1,2010-02-20,-0.33,40.03,707,"gbif"
"2575",1501893546,"Convolvulus lanuginosus",1,2010-02-20,-0.32,40.02,707,"gbif"
"2576",1501111289,"Convolvulus lanuginosus",1,2010-03-04,-0.68,38.89,707,"gbif"
"2577",1501960897,"Convolvulus lanuginosus",1,2010-03-06,-0.61,39.59,707,"gbif"
"2578",1501891433,"Convolvulus lanuginosus",1,2010-03-06,-0.5,39.58,707,"gbif"
"2579",1501884869,"Convolvulus lanuginosus",1,2010-03-06,-0.5,39.59,707,"gbif"
"2580",1501859694,"Convolvulus lanuginosus",1,2010-03-06,-0.57,39.63,707,"gbif"
"2581",1501208676,"Convolvulus lanuginosus",1,2010-03-06,-0.6,39.59,707,"gbif"
"2582",1501162578,"Convolvulus lanuginosus",1,2010-03-06,-0.59,39.6,707,"gbif"
"2583",1501158352,"Convolvulus lanuginosus",1,2010-03-06,-0.57,39.62,707,"gbif"
"2584",1501157423,"Convolvulus lanuginosus",1,2010-03-06,-0.56,39.63,707,"gbif"
"2585",1501861596,"Convolvulus lanuginosus",1,2010-03-10,-0.64,39.72,707,"gbif"
"2586",1501210514,"Convolvulus lanuginosus",1,2010-03-10,-0.57,39.65,707,"gbif"
"2587",1501210508,"Convolvulus lanuginosus",1,2010-03-10,-0.57,39.66,707,"gbif"
"2588",1501127231,"Convolvulus lanuginosus",1,2010-03-10,-0.63,39.71,707,"gbif"
"2589",1501936156,"Convolvulus lanuginosus",1,2010-03-12,-0.45,39.52,707,"gbif"
"2590",1501907937,"Convolvulus lanuginosus",1,2010-03-12,-0.46,39.54,707,"gbif"
"2591",1501959092,"Convolvulus lanuginosus",1,2010-03-14,-0.5,39.65,707,"gbif"
"2592",1501928747,"Convolvulus lanuginosus",1,2010-03-14,-0.49,39.64,707,"gbif"
"2593",1501928719,"Convolvulus lanuginosus",1,2010-03-14,-0.5,39.64,707,"gbif"
"2594",1501179326,"Convolvulus lanuginosus",1,2010-03-14,-0.49,39.63,707,"gbif"
"2595",1501184816,"Convolvulus lanuginosus",1,2010-03-16,-0.57,39.7,707,"gbif"
"2596",1501128263,"Convolvulus lanuginosus",1,2010-03-16,-0.56,39.72,707,"gbif"
"2597",1501128234,"Convolvulus lanuginosus",1,2010-03-16,-0.54,39.73,707,"gbif"
"2598",1501128231,"Convolvulus lanuginosus",1,2010-03-16,-0.56,39.73,707,"gbif"
"2599",1501128227,"Convolvulus lanuginosus",1,2010-03-16,-0.57,39.71,707,"gbif"
"2600",1501120307,"Convolvulus lanuginosus",1,2010-03-16,-0.56,39.71,707,"gbif"
"2601",1501101014,"Convolvulus lanuginosus",1,2010-03-16,-0.54,39.7,707,"gbif"
"2602",1501937167,"Convolvulus lanuginosus",1,2010-03-18,-0.54,39.56,707,"gbif"
"2603",1501160280,"Convolvulus lanuginosus",1,2010-03-26,-0.48,39.56,707,"gbif"
"2604",1501136852,"Convolvulus lanuginosus",1,2010-03-26,-0.49,39.57,707,"gbif"
"2605",1501121037,"Convolvulus lanuginosus",1,2010-03-26,-0.48,39.57,707,"gbif"
"2606",1501890821,"Convolvulus lanuginosus",1,2010-03-27,-0.32,39.68,707,"gbif"
"2607",1501197395,"Convolvulus lanuginosus",1,2010-03-27,-0.31,39.67,707,"gbif"
"2608",1501197254,"Convolvulus lanuginosus",1,2010-03-27,-0.31,39.66,707,"gbif"
"2609",1501098190,"Convolvulus lanuginosus",1,2010-03-27,-0.34,39.68,707,"gbif"
"2610",1501098188,"Convolvulus lanuginosus",1,2010-03-27,-0.32,39.67,707,"gbif"
"2611",1501963055,"Convolvulus lanuginosus",1,2010-03-30,-0.47,39.56,707,"gbif"
"2612",1501939885,"Convolvulus lanuginosus",1,2010-03-30,-0.46,39.55,707,"gbif"
"2613",1501920193,"Convolvulus lanuginosus",1,2010-03-30,-0.5,39.54,707,"gbif"
"2614",1501194119,"Convolvulus lanuginosus",1,2010-03-30,-0.49,39.55,707,"gbif"
"2615",1501194114,"Convolvulus lanuginosus",1,2010-03-30,-0.48,39.55,707,"gbif"
"2616",1501155189,"Convolvulus lanuginosus",1,2010-03-30,-0.48,39.54,707,"gbif"
"2617",1501155150,"Convolvulus lanuginosus",1,2010-03-30,-0.48,39.53,707,"gbif"
"2618",5167949397,"Convolvulus lanuginosus",1,2010-04-01,-1.939854,36.93803,418,"gbif"
"2619",4453877747,"Convolvulus lanuginosus",1,2010-04-01,-1.948008,36.937634,264,"gbif"
"2620",1501185399,"Convolvulus lanuginosus",1,2010-04-03,-0.51,40.08,707,"gbif"
"2621",1501185387,"Convolvulus lanuginosus",1,2010-04-03,-0.5,40.08,707,"gbif"
"2622",1501138070,"Convolvulus lanuginosus",1,2010-04-03,-0.51,40.07,707,"gbif"
"2623",1501138063,"Convolvulus lanuginosus",1,2010-04-03,-0.52,40.07,707,"gbif"
"2624",1501116860,"Convolvulus lanuginosus",1,2010-04-03,-0.51,40.09,707,"gbif"
"2625",1501960323,"Convolvulus lanuginosus",1,2010-04-04,-0.59,39.68,707,"gbif"
"2626",1501880000,"Convolvulus lanuginosus",1,2010-04-04,-0.67,39.69,707,"gbif"
"2627",1501879950,"Convolvulus lanuginosus",1,2010-04-04,-0.66,39.69,707,"gbif"
"2628",1501197400,"Convolvulus lanuginosus",1,2010-04-04,-0.58,39.68,707,"gbif"
"2629",1501136469,"Convolvulus lanuginosus",1,2010-04-04,-0.55,39.69,707,"gbif"
"2630",1501101000,"Convolvulus lanuginosus",1,2010-04-04,-0.56,39.7,707,"gbif"
"2631",1501062920,"Convolvulus lanuginosus",1,2010-04-08,-0.82,38.26,707,"gbif"
"2632",1501931523,"Convolvulus lanuginosus",1,2010-04-10,-0.39,39.73,707,"gbif"
"2633",1501925291,"Convolvulus lanuginosus",1,2010-04-10,-0.39,39.78,707,"gbif"
"2634",1501925262,"Convolvulus lanuginosus",1,2010-04-10,-0.39,39.77,707,"gbif"
"2635",1501896721,"Convolvulus lanuginosus",1,2010-04-10,-0.38,39.76,707,"gbif"
"2636",1501896713,"Convolvulus lanuginosus",1,2010-04-10,-0.37,39.75,707,"gbif"
"2637",1501896686,"Convolvulus lanuginosus",1,2010-04-10,-0.38,39.75,707,"gbif"
"2638",1501209547,"Convolvulus lanuginosus",1,2010-04-10,-0.44,39.81,707,"gbif"
"2639",1501209538,"Convolvulus lanuginosus",1,2010-04-10,-0.44,39.8,707,"gbif"
"2640",1501209526,"Convolvulus lanuginosus",1,2010-04-10,-0.45,39.81,707,"gbif"
"2641",1501203083,"Convolvulus lanuginosus",1,2010-04-10,-0.44,39.82,707,"gbif"
"2642",1501197667,"Convolvulus lanuginosus",1,2010-04-10,-0.4,39.72,707,"gbif"
"2643",1501191452,"Convolvulus lanuginosus",1,2010-04-10,-0.42,39.71,707,"gbif"
"2644",1501191388,"Convolvulus lanuginosus",1,2010-04-10,-0.42,39.72,707,"gbif"
"2645",1501183561,"Convolvulus lanuginosus",1,2010-04-10,-0.4,39.73,707,"gbif"
"2646",1501183554,"Convolvulus lanuginosus",1,2010-04-10,-0.43,39.72,707,"gbif"
"2647",1501183519,"Convolvulus lanuginosus",1,2010-04-10,-0.42,39.73,707,"gbif"
"2648",1501156287,"Convolvulus lanuginosus",1,2010-04-10,-0.4,39.78,707,"gbif"
"2649",1501154223,"Convolvulus lanuginosus",1,2010-04-10,-0.45,39.8,707,"gbif"
"2650",1501107297,"Convolvulus lanuginosus",1,2010-04-11,-0.34,38.86,707,"gbif"
"2651",1501062954,"Convolvulus lanuginosus",1,2010-04-13,-0.99,38.09,707,"gbif"
"2652",1502067692,"Convolvulus lanuginosus",1,2010-04-16,-0.85,38.39,707,"gbif"
"2653",1501930928,"Convolvulus lanuginosus",1,2010-04-19,-0.54,39.53,707,"gbif"
"2654",1501909753,"Convolvulus lanuginosus",1,2010-04-19,-0.53,39.51,707,"gbif"
"2655",1501188475,"Convolvulus lanuginosus",1,2010-04-19,-0.53,39.52,707,"gbif"
"2656",1501106852,"Convolvulus lanuginosus",1,2010-04-19,-0.52,39.52,707,"gbif"
"2657",1501106831,"Convolvulus lanuginosus",1,2010-04-19,-0.52,39.51,707,"gbif"
"2658",4573443860,"Convolvulus lanuginosus",1,2010-04-21,2.74944,42.765,200,"gbif"
"2659",1501118416,"Convolvulus lanuginosus",1,2010-04-21,-0.55,39.56,707,"gbif"
"2660",1501118381,"Convolvulus lanuginosus",1,2010-04-21,-0.56,39.56,707,"gbif"
"2661",1501106859,"Convolvulus lanuginosus",1,2010-04-21,-0.55,39.57,707,"gbif"
"2662",1501101470,"Convolvulus lanuginosus",1,2010-04-21,-0.49,39.65,707,"gbif"
"2663",1501915407,"Convolvulus lanuginosus",1,2010-04-23,-0.59,39.54,707,"gbif"
"2664",1501915398,"Convolvulus lanuginosus",1,2010-04-23,-0.57,39.54,707,"gbif"
"2665",1501866829,"Convolvulus lanuginosus",1,2010-04-23,-0.61,39.55,707,"gbif"
"2666",1501175720,"Convolvulus lanuginosus",1,2010-04-23,-0.6,39.54,707,"gbif"
"2667",3935363178,"Convolvulus lanuginosus",1,2010-04-24,3.00907,42.99029,10,"gbif"
"2668",3935175085,"Convolvulus lanuginosus",1,2010-04-24,3.057,42.91068,10,"gbif"
"2669",3935182390,"Convolvulus lanuginosus",1,2010-04-25,3.09838,43.14616,10,"gbif"
"2670",1501964456,"Convolvulus lanuginosus",1,2010-04-26,-0.52,39.61,707,"gbif"
"2671",1501941532,"Convolvulus lanuginosus",1,2010-04-26,-0.5,39.6,707,"gbif"
"2672",1501941530,"Convolvulus lanuginosus",1,2010-04-26,-0.51,39.6,707,"gbif"
"2673",1501935078,"Convolvulus lanuginosus",1,2010-04-26,-0.51,39.59,707,"gbif"
"2674",1501933640,"Convolvulus lanuginosus",1,2010-04-26,-0.49,39.6,707,"gbif"
"2675",1501912091,"Convolvulus lanuginosus",1,2010-04-26,-0.51,39.58,707,"gbif"
"2676",1501884813,"Convolvulus lanuginosus",1,2010-04-26,-0.49,39.59,707,"gbif"
"2677",1501180255,"Convolvulus lanuginosus",1,2010-04-26,-0.54,39.6,707,"gbif"
"2678",1501177890,"Convolvulus lanuginosus",1,2010-04-26,-0.52,39.6,707,"gbif"
"2679",1501142336,"Convolvulus lanuginosus",1,2010-04-26,-0.54,39.59,707,"gbif"
"2680",1501142333,"Convolvulus lanuginosus",1,2010-04-26,-0.53,39.59,707,"gbif"
"2681",1501136915,"Convolvulus lanuginosus",1,2010-04-26,-0.53,39.58,707,"gbif"
"2682",1502067730,"Convolvulus lanuginosus",1,2010-04-28,-0.86,38.39,707,"gbif"
"2683",1502067722,"Convolvulus lanuginosus",1,2010-04-29,-0.81,38.36,707,"gbif"
"2684",1501931943,"Convolvulus lanuginosus",1,2010-04-30,-0.49,39.56,707,"gbif"
"2685",1501929916,"Convolvulus lanuginosus",1,2010-04-30,-0.5,39.57,707,"gbif"
"2686",1501870839,"Convolvulus lanuginosus",1,2010-04-30,-0.5,39.56,707,"gbif"
"2687",1501194147,"Convolvulus lanuginosus",1,2010-04-30,-0.49,39.54,707,"gbif"
"2688",4550042994,"Convolvulus lanuginosus",1,2010-05-01,2.97712,42.90921,500,"gbif"
"2689",4549489237,"Convolvulus lanuginosus",1,2010-05-01,2.98384,42.90448,500,"gbif"
"2690",1501862411,"Convolvulus lanuginosus",1,2010-05-01,-0.63,39.79,707,"gbif"
"2691",1501198471,"Convolvulus lanuginosus",1,2010-05-01,-0.65,39.79,707,"gbif"
"2692",1501180378,"Convolvulus lanuginosus",1,2010-05-01,-0.64,39.85,707,"gbif"
"2693",1501180374,"Convolvulus lanuginosus",1,2010-05-01,-0.63,39.85,707,"gbif"
"2694",1501180369,"Convolvulus lanuginosus",1,2010-05-01,-0.64,39.86,707,"gbif"
"2695",1501148023,"Convolvulus lanuginosus",1,2010-05-01,-0.65,39.78,707,"gbif"
"2696",1501147964,"Convolvulus lanuginosus",1,2010-05-01,-0.64,39.78,707,"gbif"
"2697",1501132042,"Convolvulus lanuginosus",1,2010-05-01,-0.65,39.8,707,"gbif"
"2698",1501117489,"Convolvulus lanuginosus",1,2010-05-01,-0.62,39.86,707,"gbif"
"2699",1501117435,"Convolvulus lanuginosus",1,2010-05-01,-0.62,39.85,707,"gbif"
"2700",1501117431,"Convolvulus lanuginosus",1,2010-05-01,-0.63,39.84,707,"gbif"
"2701",1501117416,"Convolvulus lanuginosus",1,2010-05-01,-0.61,39.86,707,"gbif"
"2702",1501117361,"Convolvulus lanuginosus",1,2010-05-01,-0.65,39.84,707,"gbif"
"2703",1501120060,"Convolvulus lanuginosus",1,2010-05-03,-0.5,39.55,707,"gbif"
"2704",1501191833,"Convolvulus lanuginosus",1,2010-05-05,-0.45,39.65,707,"gbif"
"2705",1501191831,"Convolvulus lanuginosus",1,2010-05-05,-0.45,39.64,707,"gbif"
"2706",1501176666,"Convolvulus lanuginosus",1,2010-05-05,-0.47,39.65,707,"gbif"
"2707",1501176656,"Convolvulus lanuginosus",1,2010-05-05,-0.46,39.65,707,"gbif"
"2708",1501176655,"Convolvulus lanuginosus",1,2010-05-05,-0.47,39.64,707,"gbif"
"2709",1501170216,"Convolvulus lanuginosus",1,2010-05-05,-0.48,39.63,707,"gbif"
"2710",1501126087,"Convolvulus lanuginosus",1,2010-05-05,-0.48,39.64,707,"gbif"
"2711",1502067712,"Convolvulus lanuginosus",1,2010-05-06,-1.09,38.44,707,"gbif"
"2712",1502067736,"Convolvulus lanuginosus",1,2010-05-07,-0.95,38.3,707,"gbif"
"2713",1501864684,"Convolvulus lanuginosus",1,2010-05-09,-0.63,39.93,707,"gbif"
"2714",1501209876,"Convolvulus lanuginosus",1,2010-05-09,-0.6,39.93,707,"gbif"
"2715",1501209682,"Convolvulus lanuginosus",1,2010-05-09,-0.68,39.92,707,"gbif"
"2716",1501209646,"Convolvulus lanuginosus",1,2010-05-09,-0.69,39.93,707,"gbif"
"2717",1501209394,"Convolvulus lanuginosus",1,2010-05-09,-0.61,39.93,707,"gbif"
"2718",1501204176,"Convolvulus lanuginosus",1,2010-05-09,-0.64,39.93,707,"gbif"
"2719",1501160680,"Convolvulus lanuginosus",1,2010-05-09,-0.61,39.92,707,"gbif"
"2720",1501159677,"Convolvulus lanuginosus",1,2010-05-09,-0.65,39.93,707,"gbif"
"2721",1501159655,"Convolvulus lanuginosus",1,2010-05-09,-0.67,39.93,707,"gbif"
"2722",1501944574,"Convolvulus lanuginosus",1,2010-05-10,-0.4,39.64,707,"gbif"
"2723",1501204688,"Convolvulus lanuginosus",1,2010-05-10,-0.41,39.64,707,"gbif"
"2724",4994401550,"Convolvulus lanuginosus",1,2010-05-11,-4.375833,36.76819,31,"gbif"
"2725",4573700941,"Convolvulus lanuginosus",1,2010-05-12,2.79774,42.76818,501,"gbif"
"2726",1501910852,"Convolvulus lanuginosus",1,2010-05-12,-0.56,39.61,707,"gbif"
"2727",1501910851,"Convolvulus lanuginosus",1,2010-05-12,-0.56,39.6,707,"gbif"
"2728",1501878428,"Convolvulus lanuginosus",1,2010-05-12,-0.61,39.62,707,"gbif"
"2729",1501878426,"Convolvulus lanuginosus",1,2010-05-12,-0.59,39.62,707,"gbif"
"2730",1501212387,"Convolvulus lanuginosus",1,2010-05-12,-0.61,39.63,707,"gbif"
"2731",1501160816,"Convolvulus lanuginosus",1,2010-05-12,-0.55,39.62,707,"gbif"
"2732",1501160797,"Convolvulus lanuginosus",1,2010-05-12,-0.56,39.62,707,"gbif"
"2733",1501114449,"Convolvulus lanuginosus",1,2010-05-14,-0.95,38.58,707,"gbif"
"2734",1501063317,"Convolvulus lanuginosus",1,2010-05-14,-0.95,38.77,707,"gbif"
"2735",2833717199,"Convolvulus lanuginosus",1,2010-05-18,-1.140924,37.615867,10,"gbif"
"2736",1502067760,"Convolvulus lanuginosus",1,2010-05-18,-0.76,38.43,707,"gbif"
"2737",1501275272,"Convolvulus lanuginosus",1,2010-05-18,-1.51,39.48,707,"gbif"
"2738",1501275268,"Convolvulus lanuginosus",1,2010-05-18,-1.51,39.47,707,"gbif"
"2739",1501053551,"Convolvulus lanuginosus",1,2010-05-18,-1.45,39.55,707,"gbif"
"2740",1502067715,"Convolvulus lanuginosus",1,2010-05-19,-1.04,38.35,707,"gbif"
"2741",1502067775,"Convolvulus lanuginosus",1,2010-05-21,-0.76,38.42,707,"gbif"
"2742",4574339574,"Convolvulus lanuginosus",1,2010-05-22,2.73003,42.76236,501,"gbif"
"2743",4573629764,"Convolvulus lanuginosus",1,2010-05-22,2.72506,42.75235,501,"gbif"
"2744",1501114622,"Convolvulus lanuginosus",1,2010-05-22,-0.58,39.43,707,"gbif"
"2745",1501062531,"Convolvulus lanuginosus",1,2010-05-22,-0.26,38.89,707,"gbif"
"2746",4547926434,"Convolvulus lanuginosus",1,2010-05-23,3.00603,42.99038,500,"gbif"
"2747",1502067756,"Convolvulus lanuginosus",1,2010-05-30,-1.05,38.35,707,"gbif"
"2748",3709780526,"Convolvulus lanuginosus",1,2010-06-03,0.22,40.69056,10,"gbif"
"2749",1501133929,"Convolvulus lanuginosus",1,2010-06-03,-0.91,38.26,707,"gbif"
"2750",415617017,"Convolvulus lanuginosus",1,2010-06-05,-5.28,36.47,707,"gbif"
"2751",1502067721,"Convolvulus lanuginosus",1,2010-06-08,-0.75,38.42,707,"gbif"
"2752",1501094941,"Convolvulus lanuginosus",1,2010-06-16,-0.32,38.67,707,"gbif"
"2753",415617003,"Convolvulus lanuginosus",1,2010-06-17,-4.87,36.77,707,"gbif"
"2754",1502067739,"Convolvulus lanuginosus",1,2010-06-28,-0.96,38.38,707,"gbif"
"2755",1502067701,"Convolvulus lanuginosus",1,2010-07-15,-0.72,38.53,707,"gbif"
"2756",1502067737,"Convolvulus lanuginosus",1,2010-07-20,-0.95,38.38,707,"gbif"
"2757",1502067719,"Convolvulus lanuginosus",1,2010-08-26,-0.85,38.37,707,"gbif"
"2758",1502067742,"Convolvulus lanuginosus",1,2010-08-30,-0.9,38.43,707,"gbif"
"2759",1501170023,"Convolvulus lanuginosus",1,2010-09-03,-0.52,40.08,707,"gbif"
"2760",1502067754,"Convolvulus lanuginosus",1,2010-09-19,-0.92,38.47,707,"gbif"
"2761",1501887892,"Convolvulus lanuginosus",1,2010-09-21,-0.53,39.36,707,"gbif"
"2762",1502143803,"Convolvulus lanuginosus",1,2010-10-24,-0.47,39.9,707,"gbif"
"2763",1502143728,"Convolvulus lanuginosus",1,2010-10-24,-0.48,39.9,707,"gbif"
"2764",1502128530,"Convolvulus lanuginosus",1,2010-10-24,-0.46,39.87,707,"gbif"
"2765",1502123520,"Convolvulus lanuginosus",1,2010-10-24,-0.53,39.87,707,"gbif"
"2766",1502122598,"Convolvulus lanuginosus",1,2010-10-24,-0.54,39.88,707,"gbif"
"2767",1502119282,"Convolvulus lanuginosus",1,2010-10-24,-0.47,39.89,707,"gbif"
"2768",1502107295,"Convolvulus lanuginosus",1,2010-10-24,-0.47,39.87,707,"gbif"
"2769",1502106845,"Convolvulus lanuginosus",1,2010-10-24,-0.55,39.89,707,"gbif"
"2770",1502106807,"Convolvulus lanuginosus",1,2010-10-24,-0.56,39.89,707,"gbif"
"2771",1502105633,"Convolvulus lanuginosus",1,2010-10-24,-0.55,39.88,707,"gbif"
"2772",1502101875,"Convolvulus lanuginosus",1,2010-10-24,-0.44,39.88,707,"gbif"
"2773",1502101836,"Convolvulus lanuginosus",1,2010-10-24,-0.45,39.87,707,"gbif"
"2774",1502098617,"Convolvulus lanuginosus",1,2010-10-24,-0.53,39.88,707,"gbif"
"2775",1502111881,"Convolvulus lanuginosus",1,2010-10-28,-0.48,39.83,707,"gbif"
"2776",1502111862,"Convolvulus lanuginosus",1,2010-10-28,-0.48,39.84,707,"gbif"
"2777",1502111708,"Convolvulus lanuginosus",1,2010-10-28,-0.47,39.83,707,"gbif"
"2778",1502100484,"Convolvulus lanuginosus",1,2010-10-28,-0.47,39.82,707,"gbif"
"2779",1502100461,"Convolvulus lanuginosus",1,2010-10-28,-0.49,39.83,707,"gbif"
"2780",1502100430,"Convolvulus lanuginosus",1,2010-10-28,-0.48,39.82,707,"gbif"
"2781",1502067741,"Convolvulus lanuginosus",1,2010-10-29,-0.86,38.38,707,"gbif"
"2782",1502135277,"Convolvulus lanuginosus",1,2010-11-05,-0.46,39.8,707,"gbif"
"2783",1502135249,"Convolvulus lanuginosus",1,2010-11-05,-0.45,39.82,707,"gbif"
"2784",1502135233,"Convolvulus lanuginosus",1,2010-11-05,-0.47,39.8,707,"gbif"
"2785",1502135232,"Convolvulus lanuginosus",1,2010-11-05,-0.46,39.81,707,"gbif"
"2786",1502135204,"Convolvulus lanuginosus",1,2010-11-05,-0.46,39.82,707,"gbif"
"2787",1502135195,"Convolvulus lanuginosus",1,2010-11-05,-0.47,39.81,707,"gbif"
"2788",1502129674,"Convolvulus lanuginosus",1,2010-12-06,-0.56,39.33,707,"gbif"
"2789",1502129622,"Convolvulus lanuginosus",1,2010-12-06,-0.55,39.33,707,"gbif"
"2790",1502101776,"Convolvulus lanuginosus",1,2010-12-06,-0.53,39.33,707,"gbif"
"2791",1502101775,"Convolvulus lanuginosus",1,2010-12-06,-0.52,39.34,707,"gbif"
"2792",1502101767,"Convolvulus lanuginosus",1,2010-12-06,-0.52,39.33,707,"gbif"
"2793",1502101749,"Convolvulus lanuginosus",1,2010-12-06,-0.53,39.32,707,"gbif"
"2794",1502101189,"Convolvulus lanuginosus",1,2010-12-06,-0.51,39.34,707,"gbif"
"2795",1502099285,"Convolvulus lanuginosus",1,2010-12-06,-0.57,39.32,707,"gbif"
"2796",1502099215,"Convolvulus lanuginosus",1,2010-12-06,-0.57,39.31,707,"gbif"
"2797",1502137842,"Convolvulus lanuginosus",1,2010-12-11,-0.57,39.44,707,"gbif"
"2798",1502137840,"Convolvulus lanuginosus",1,2010-12-11,-0.55,39.43,707,"gbif"
"2799",1502111127,"Convolvulus lanuginosus",1,2010-12-11,-0.55,39.44,707,"gbif"
"2800",1502067686,"Convolvulus lanuginosus",1,2010-12-23,-0.8,38.3,707,"gbif"
"2801",1502141210,"Convolvulus lanuginosus",1,2011-01-08,-0.38,40.05,707,"gbif"
"2802",1502140813,"Convolvulus lanuginosus",1,2011-01-08,-0.37,40.04,707,"gbif"
"2803",1502140791,"Convolvulus lanuginosus",1,2011-01-08,-0.38,40.04,707,"gbif"
"2804",1502140535,"Convolvulus lanuginosus",1,2011-01-08,-0.4,40.06,707,"gbif"
"2805",1502119027,"Convolvulus lanuginosus",1,2011-01-08,-0.45,40.07,707,"gbif"
"2806",1502119023,"Convolvulus lanuginosus",1,2011-01-08,-0.44,40.07,707,"gbif"
"2807",1502118587,"Convolvulus lanuginosus",1,2011-01-08,-0.28,39.98,707,"gbif"
"2808",1502109817,"Convolvulus lanuginosus",1,2011-01-08,-0.27,39.99,707,"gbif"
"2809",1502109813,"Convolvulus lanuginosus",1,2011-01-08,-0.28,39.99,707,"gbif"
"2810",1502097408,"Convolvulus lanuginosus",1,2011-01-08,-0.39,40.05,707,"gbif"
"2811",1502248824,"Convolvulus lanuginosus",1,2011-01-14,-0.67,38.34,707,"gbif"
"2812",1502130280,"Convolvulus lanuginosus",1,2011-01-15,-0.5,39.32,707,"gbif"
"2813",1502130277,"Convolvulus lanuginosus",1,2011-01-15,-0.49,39.32,707,"gbif"
"2814",1502122424,"Convolvulus lanuginosus",1,2011-01-15,-0.49,39.31,707,"gbif"
"2815",1502132630,"Convolvulus lanuginosus",1,2011-01-23,-0.62,39.5,707,"gbif"
"2816",1502126382,"Convolvulus lanuginosus",1,2011-01-23,-0.61,39.5,707,"gbif"
"2817",1502114020,"Convolvulus lanuginosus",1,2011-01-23,-0.56,39.5,707,"gbif"
"2818",1502114006,"Convolvulus lanuginosus",1,2011-01-23,-0.56,39.49,707,"gbif"
"2819",1502112141,"Convolvulus lanuginosus",1,2011-01-23,-0.6,39.5,707,"gbif"
"2820",1502098652,"Convolvulus lanuginosus",1,2011-01-23,-0.55,39.5,707,"gbif"
"2821",1502058632,"Convolvulus lanuginosus",1,2011-01-23,-0.32,38.96,707,"gbif"
"2822",1502059000,"Convolvulus lanuginosus",1,2011-02-08,-0.29,39.08,707,"gbif"
"2823",1502127060,"Convolvulus lanuginosus",1,2011-02-16,-0.56,39.58,707,"gbif"
"2824",1502126750,"Convolvulus lanuginosus",1,2011-02-16,-0.55,39.58,707,"gbif"
"2825",1502126619,"Convolvulus lanuginosus",1,2011-02-16,-0.56,39.57,707,"gbif"
"2826",1502130558,"Convolvulus lanuginosus",1,2011-02-20,-0.6,39.15,707,"gbif"
"2827",1502130383,"Convolvulus lanuginosus",1,2011-02-20,-0.59,39.15,707,"gbif"
"2828",1502128872,"Convolvulus lanuginosus",1,2011-02-20,-0.63,39.15,707,"gbif"
"2829",1502128865,"Convolvulus lanuginosus",1,2011-02-20,-0.63,39.14,707,"gbif"
"2830",1502122866,"Convolvulus lanuginosus",1,2011-02-20,-0.62,39.14,707,"gbif"
"2831",1502113943,"Convolvulus lanuginosus",1,2011-02-20,-0.55,39.13,707,"gbif"
"2832",1502113911,"Convolvulus lanuginosus",1,2011-02-20,-0.55,39.14,707,"gbif"
"2833",1502112434,"Convolvulus lanuginosus",1,2011-02-20,-0.59,39.16,707,"gbif"
"2834",1502110409,"Convolvulus lanuginosus",1,2011-02-20,-0.69,39.21,707,"gbif"
"2835",1502110376,"Convolvulus lanuginosus",1,2011-02-20,-0.68,39.21,707,"gbif"
"2836",1502110374,"Convolvulus lanuginosus",1,2011-02-20,-0.68,39.22,707,"gbif"
"2837",1502104397,"Convolvulus lanuginosus",1,2011-02-20,-0.61,39.15,707,"gbif"
"2838",1502104366,"Convolvulus lanuginosus",1,2011-02-20,-0.6,39.16,707,"gbif"
"2839",1502059356,"Convolvulus lanuginosus",1,2011-02-20,-0.31,38.95,707,"gbif"
"2840",1502059140,"Convolvulus lanuginosus",1,2011-02-20,-0.29,38.95,707,"gbif"
"2841",1502138753,"Convolvulus lanuginosus",1,2011-03-02,-0.52,39.62,707,"gbif"
"2842",1502132090,"Convolvulus lanuginosus",1,2011-03-02,-0.52,39.63,707,"gbif"
"2843",1502105863,"Convolvulus lanuginosus",1,2011-03-02,-0.51,39.63,707,"gbif"
"2844",1502105843,"Convolvulus lanuginosus",1,2011-03-02,-0.51,39.64,707,"gbif"
"2845",1502127641,"Convolvulus lanuginosus",1,2011-03-06,-0.31,39.7,707,"gbif"
"2846",1502127632,"Convolvulus lanuginosus",1,2011-03-06,-0.3,39.69,707,"gbif"
"2847",1502127584,"Convolvulus lanuginosus",1,2011-03-06,-0.31,39.69,707,"gbif"
"2848",1502127265,"Convolvulus lanuginosus",1,2011-03-20,-0.2,39.85,707,"gbif"
"2849",1502118620,"Convolvulus lanuginosus",1,2011-03-20,-0.2,39.86,707,"gbif"
"2850",1502248889,"Convolvulus lanuginosus",1,2011-03-30,-0.74,38.42,707,"gbif"
"2851",1502129111,"Convolvulus lanuginosus",1,2011-03-30,-0.59,39.39,707,"gbif"
"2852",1502129089,"Convolvulus lanuginosus",1,2011-03-30,-0.58,39.38,707,"gbif"
"2853",1502123366,"Convolvulus lanuginosus",1,2011-03-30,-0.59,39.38,707,"gbif"
"2854",1502118144,"Convolvulus lanuginosus",1,2011-03-30,-0.62,39.43,707,"gbif"
"2855",1502118102,"Convolvulus lanuginosus",1,2011-03-30,-0.61,39.43,707,"gbif"
"2856",1502116237,"Convolvulus lanuginosus",1,2011-03-30,-0.65,39.41,707,"gbif"
"2857",1502116213,"Convolvulus lanuginosus",1,2011-03-30,-0.64,39.41,707,"gbif"
"2858",1502103554,"Convolvulus lanuginosus",1,2011-03-30,-0.66,39.42,707,"gbif"
"2859",1502103551,"Convolvulus lanuginosus",1,2011-03-30,-0.65,39.42,707,"gbif"
"2860",1502103527,"Convolvulus lanuginosus",1,2011-03-30,-0.64,39.42,707,"gbif"
"2861",1502099632,"Convolvulus lanuginosus",1,2011-03-30,-0.57,39.39,707,"gbif"
"2862",1502099629,"Convolvulus lanuginosus",1,2011-03-30,-0.58,39.39,707,"gbif"
"2863",1502138438,"Convolvulus lanuginosus",1,2011-04-06,-0.62,39.59,707,"gbif"
"2864",1502126171,"Convolvulus lanuginosus",1,2011-04-06,-0.61,39.6,707,"gbif"
"2865",1502125955,"Convolvulus lanuginosus",1,2011-04-06,-0.63,39.57,707,"gbif"
"2866",1502125881,"Convolvulus lanuginosus",1,2011-04-06,-0.63,39.58,707,"gbif"
"2867",1502124573,"Convolvulus lanuginosus",1,2011-04-06,-0.63,39.61,707,"gbif"
"2868",1502111547,"Convolvulus lanuginosus",1,2011-04-06,-0.62,39.61,707,"gbif"
"2869",1502111532,"Convolvulus lanuginosus",1,2011-04-06,-0.61,39.61,707,"gbif"
"2870",4587783236,"Convolvulus lanuginosus",1,2011-04-10,2.73112,42.76325,500,"gbif"
"2871",1502237206,"Convolvulus lanuginosus",1,2011-04-12,0.21,40.45,707,"gbif"
"2872",4547712967,"Convolvulus lanuginosus",1,2011-04-15,2.96995,42.88472,10,"gbif"
"2873",1502132862,"Convolvulus lanuginosus",1,2011-04-16,-0.36,39.89,707,"gbif"
"2874",1502132844,"Convolvulus lanuginosus",1,2011-04-16,-0.36,39.9,707,"gbif"
"2875",1502118564,"Convolvulus lanuginosus",1,2011-04-16,-0.37,39.9,707,"gbif"
"2876",1502113144,"Convolvulus lanuginosus",1,2011-04-16,-0.35,39.9,707,"gbif"
"2877",2592073245,"Convolvulus lanuginosus",1,2011-04-17,0.4,40.47,71,"gbif"
"2878",1502044973,"Convolvulus lanuginosus",1,2011-04-17,-0.27,38.9,707,"gbif"
"2879",1502044943,"Convolvulus lanuginosus",1,2011-04-17,-0.27,38.91,707,"gbif"
"2880",1502318224,"Convolvulus lanuginosus",1,2011-04-22,-0.74,38.73,707,"gbif"
"2881",1502248814,"Convolvulus lanuginosus",1,2011-04-25,-0.83,38.33,707,"gbif"
"2882",1502123702,"Convolvulus lanuginosus",1,2011-04-25,-0.63,39.48,707,"gbif"
"2883",1502118779,"Convolvulus lanuginosus",1,2011-04-25,-0.67,39.46,707,"gbif"
"2884",1502116113,"Convolvulus lanuginosus",1,2011-04-25,-0.67,39.45,707,"gbif"
"2885",1502112066,"Convolvulus lanuginosus",1,2011-04-25,-0.69,39.44,707,"gbif"
"2886",1502111956,"Convolvulus lanuginosus",1,2011-04-25,-0.68,39.46,707,"gbif"
"2887",1502106139,"Convolvulus lanuginosus",1,2011-04-25,-0.68,39.44,707,"gbif"
"2888",1502104263,"Convolvulus lanuginosus",1,2011-04-25,-0.63,39.49,707,"gbif"
"2889",1502102342,"Convolvulus lanuginosus",1,2011-04-25,-0.69,39.46,707,"gbif"
"2890",1502102321,"Convolvulus lanuginosus",1,2011-04-25,-0.69,39.45,707,"gbif"
"2891",1502102126,"Convolvulus lanuginosus",1,2011-04-25,-0.65,39.48,707,"gbif"
"2892",1502121975,"Convolvulus lanuginosus",1,2011-04-27,-0.4,38.96,707,"gbif"
"2893",1502113038,"Convolvulus lanuginosus",1,2011-04-27,-0.41,38.96,707,"gbif"
"2894",1502137487,"Convolvulus lanuginosus",1,2011-04-28,-0.35,39.63,707,"gbif"
"2895",1502131877,"Convolvulus lanuginosus",1,2011-04-28,-0.36,39.63,707,"gbif"
"2896",1502118334,"Convolvulus lanuginosus",1,2011-04-28,-0.35,39.64,707,"gbif"
"2897",1502113687,"Convolvulus lanuginosus",1,2011-04-28,-0.36,39.65,707,"gbif"
"2898",1502102073,"Convolvulus lanuginosus",1,2011-04-28,-0.35,39.65,707,"gbif"
"2899",1502143681,"Convolvulus lanuginosus",1,2011-05-03,-0.59,39.52,707,"gbif"
"2900",1502130004,"Convolvulus lanuginosus",1,2011-05-03,-0.56,39.52,707,"gbif"
"2901",1502129997,"Convolvulus lanuginosus",1,2011-05-03,-0.56,39.51,707,"gbif"
"2902",1502129963,"Convolvulus lanuginosus",1,2011-05-03,-0.57,39.51,707,"gbif"
"2903",1502129961,"Convolvulus lanuginosus",1,2011-05-03,-0.57,39.52,707,"gbif"
"2904",1502123956,"Convolvulus lanuginosus",1,2011-05-03,-0.59,39.51,707,"gbif"
"2905",1502110767,"Convolvulus lanuginosus",1,2011-05-03,-0.59,39.53,707,"gbif"
"2906",3935371757,"Convolvulus lanuginosus",1,2011-05-05,3.01504,42.98176,10,"gbif"
"2907",1502316548,"Convolvulus lanuginosus",1,2011-05-05,-0.83,38.73,707,"gbif"
"2908",1502248812,"Convolvulus lanuginosus",1,2011-05-05,-0.95,38.31,707,"gbif"
"2909",1502110177,"Convolvulus lanuginosus",1,2011-05-06,-0.64,39.96,707,"gbif"
"2910",781075381,"Convolvulus lanuginosus",1,2011-05-07,-4.63,36.7,1,"gbif"
"2911",1502111401,"Convolvulus lanuginosus",1,2011-05-07,-0.32,39.78,707,"gbif"
"2912",1502103270,"Convolvulus lanuginosus",1,2011-05-07,-0.32,39.79,707,"gbif"
"2913",1502103265,"Convolvulus lanuginosus",1,2011-05-07,-0.31,39.79,707,"gbif"
"2914",2844570225,"Convolvulus lanuginosus",1,2011-05-09,-1.131148,37.609947,100,"gbif"
"2915",1502046403,"Convolvulus lanuginosus",1,2011-05-09,-0.32,38.49,707,"gbif"
"2916",1501275376,"Convolvulus lanuginosus",1,2011-05-09,-0.38,38.49,707,"gbif"
"2917",1502248834,"Convolvulus lanuginosus",1,2011-05-11,-0.75,38.51,707,"gbif"
"2918",1502240050,"Convolvulus lanuginosus",1,2011-05-11,-0.62,38.73,707,"gbif"
"2919",1502239920,"Convolvulus lanuginosus",1,2011-05-11,-0.62,38.74,707,"gbif"
"2920",1502239867,"Convolvulus lanuginosus",1,2011-05-11,-0.61,38.73,707,"gbif"
"2921",3713843138,"Convolvulus lanuginosus",1,2011-05-15,-1.93,37.08,1,"gbif"
"2922",1502054919,"Convolvulus lanuginosus",1,2011-05-22,-0.71,38.64,707,"gbif"
"2923",4549577781,"Convolvulus lanuginosus",1,2011-05-24,3.00237,42.89646,10,"gbif"
"2924",1502056617,"Convolvulus lanuginosus",1,2011-05-25,-1.02,38.53,707,"gbif"
"2925",1502057981,"Convolvulus lanuginosus",1,2011-05-31,-0.76,38.76,707,"gbif"
"2926",1502227334,"Convolvulus lanuginosus",1,2011-06-02,-1.18,39.18,707,"gbif"
"2927",1502060076,"Convolvulus lanuginosus",1,2011-06-04,-0.82,38.73,707,"gbif"
"2928",1502224040,"Convolvulus lanuginosus",1,2011-06-13,-0.96,38.1,707,"gbif"
"2929",1502223987,"Convolvulus lanuginosus",1,2011-06-13,-0.95,38.1,707,"gbif"
"2930",1502063328,"Convolvulus lanuginosus",1,2011-06-15,-0.84,38.73,707,"gbif"
"2931",1502063987,"Convolvulus lanuginosus",1,2011-06-16,-0.68,38.64,707,"gbif"
"2932",1502063595,"Convolvulus lanuginosus",1,2011-06-16,-0.79,38.73,707,"gbif"
"2933",1502248768,"Convolvulus lanuginosus",1,2011-06-20,-0.96,38.43,707,"gbif"
"2934",1502067456,"Convolvulus lanuginosus",1,2011-06-22,-0.83,39.14,707,"gbif"
"2935",1502248888,"Convolvulus lanuginosus",1,2011-08-04,-0.7,38.52,707,"gbif"
"2936",1502248848,"Convolvulus lanuginosus",1,2011-08-10,-0.84,38.48,707,"gbif"
"2937",1502248795,"Convolvulus lanuginosus",1,2011-08-18,-0.97,38.37,707,"gbif"
"2938",1502248787,"Convolvulus lanuginosus",1,2011-08-22,-1.05,38.46,707,"gbif"
"2939",1502248744,"Convolvulus lanuginosus",1,2011-08-30,-1.01,38.35,707,"gbif"
"2940",1502328535,"Convolvulus lanuginosus",1,2011-08-31,-1.31,39.57,707,"gbif"
"2941",1502248811,"Convolvulus lanuginosus",1,2011-09-01,-0.86,38.5,707,"gbif"
"2942",1502248794,"Convolvulus lanuginosus",1,2011-09-06,-0.88,38.35,707,"gbif"
"2943",1502248838,"Convolvulus lanuginosus",1,2011-09-09,-0.84,38.49,707,"gbif"
"2944",1502248825,"Convolvulus lanuginosus",1,2011-09-13,-0.75,38.45,707,"gbif"
"2945",1502248802,"Convolvulus lanuginosus",1,2011-09-14,-0.85,38.33,707,"gbif"
"2946",1502248850,"Convolvulus lanuginosus",1,2011-09-19,-0.84,38.33,707,"gbif"
"2947",1502248855,"Convolvulus lanuginosus",1,2011-09-20,-0.87,38.31,707,"gbif"
"2948",1502248841,"Convolvulus lanuginosus",1,2011-09-29,-0.78,38.53,707,"gbif"
"2949",1502248810,"Convolvulus lanuginosus",1,2011-10-15,-0.9,38.38,707,"gbif"
"2950",1502248818,"Convolvulus lanuginosus",1,2011-10-20,-0.97,38.35,707,"gbif"
"2951",1501275448,"Convolvulus lanuginosus",1,2011-10-26,-0.58,39.64,707,"gbif"
"2952",1501275423,"Convolvulus lanuginosus",1,2011-10-26,-0.57,39.64,707,"gbif"
"2953",1501275408,"Convolvulus lanuginosus",1,2011-10-26,-0.58,39.63,707,"gbif"
"2954",1501275397,"Convolvulus lanuginosus",1,2011-10-26,-0.66,39.64,707,"gbif"
"2955",1501275390,"Convolvulus lanuginosus",1,2011-10-26,-0.54,39.64,707,"gbif"
"2956",4040561834,"Convolvulus lanuginosus",1,2011-11-03,-0.61,39.52,707,"gbif"
"2957",1502248793,"Convolvulus lanuginosus",1,2011-11-13,-0.98,38.35,707,"gbif"
"2958",1502248769,"Convolvulus lanuginosus",1,2011-11-18,-0.68,38.37,707,"gbif"
"2959",1501229168,"Convolvulus lanuginosus",1,2011-11-18,-0.44,38.99,707,"gbif"
"2960",1502248798,"Convolvulus lanuginosus",1,2011-11-20,-0.71,38.34,707,"gbif"
"2961",1502248807,"Convolvulus lanuginosus",1,2011-11-24,-0.8,38.35,707,"gbif"
"2962",1501275374,"Convolvulus lanuginosus",1,2011-11-24,-0.75,39.46,707,"gbif"
"2963",1501275349,"Convolvulus lanuginosus",1,2011-11-24,-0.76,39.46,707,"gbif"
"2964",1501275346,"Convolvulus lanuginosus",1,2011-11-24,-0.75,39.47,707,"gbif"
"2965",1501275337,"Convolvulus lanuginosus",1,2011-11-24,-0.76,39.47,707,"gbif"
"2966",1501275313,"Convolvulus lanuginosus",1,2011-11-24,-0.77,39.47,707,"gbif"
"2967",1501275406,"Convolvulus lanuginosus",1,2011-11-30,-0.63,39.5,707,"gbif"
"2968",1501275405,"Convolvulus lanuginosus",1,2011-11-30,-0.63,39.51,707,"gbif"
"2969",1501275402,"Convolvulus lanuginosus",1,2011-11-30,-0.65,39.49,707,"gbif"
"2970",1501275401,"Convolvulus lanuginosus",1,2011-11-30,-0.66,39.49,707,"gbif"
"2971",1501275396,"Convolvulus lanuginosus",1,2011-11-30,-0.65,39.5,707,"gbif"
"2972",1501275365,"Convolvulus lanuginosus",1,2011-11-30,-0.66,39.5,707,"gbif"
"2973",1501275460,"Convolvulus lanuginosus",1,2011-12-03,-0.59,40.11,707,"gbif"
"2974",1501275414,"Convolvulus lanuginosus",1,2011-12-03,-0.58,40.11,707,"gbif"
"2975",1501275465,"Convolvulus lanuginosus",1,2011-12-06,-0.36,39.14,707,"gbif"
"2976",1501275442,"Convolvulus lanuginosus",1,2011-12-06,-0.37,39.14,707,"gbif"
"2977",1501275468,"Convolvulus lanuginosus",1,2011-12-08,-0.52,39.03,707,"gbif"
"2978",1501275452,"Convolvulus lanuginosus",1,2011-12-08,-0.5,39.04,707,"gbif"
"2979",1501275449,"Convolvulus lanuginosus",1,2011-12-08,-0.53,39.04,707,"gbif"
"2980",1501275444,"Convolvulus lanuginosus",1,2011-12-08,-0.53,39.03,707,"gbif"
"2981",1501275435,"Convolvulus lanuginosus",1,2011-12-08,-0.55,39.03,707,"gbif"
"2982",1501275431,"Convolvulus lanuginosus",1,2011-12-08,-0.54,39.03,707,"gbif"
"2983",1501275410,"Convolvulus lanuginosus",1,2011-12-08,-0.5,39.05,707,"gbif"
"2984",1501229597,"Convolvulus lanuginosus",1,2011-12-14,-0.35,38.99,707,"gbif"
"2985",1501275463,"Convolvulus lanuginosus",1,2011-12-18,-0.16,40.02,707,"gbif"
"2986",1501275462,"Convolvulus lanuginosus",1,2011-12-18,-0.16,40.01,707,"gbif"
"2987",1501275433,"Convolvulus lanuginosus",1,2011-12-18,-0.16,40.03,707,"gbif"
"2988",1501229766,"Convolvulus lanuginosus",1,2011-12-19,-0.59,39.29,707,"gbif"
"2989",1501275447,"Convolvulus lanuginosus",1,2012-01-11,-0.53,39.43,707,"gbif"
"2990",1501275432,"Convolvulus lanuginosus",1,2012-01-11,-0.54,39.43,707,"gbif"
"2991",1501275429,"Convolvulus lanuginosus",1,2012-01-11,-0.54,39.42,707,"gbif"
"2992",1501275426,"Convolvulus lanuginosus",1,2012-01-11,-0.58,39.42,707,"gbif"
"2993",1501275418,"Convolvulus lanuginosus",1,2012-01-11,-0.54,39.41,707,"gbif"
"2994",1501275416,"Convolvulus lanuginosus",1,2012-01-11,-0.55,39.41,707,"gbif"
"2995",1501275400,"Convolvulus lanuginosus",1,2012-01-11,-0.53,39.42,707,"gbif"
"2996",1501230459,"Convolvulus lanuginosus",1,2012-01-13,-0.82,39.09,707,"gbif"
"2997",1501275427,"Convolvulus lanuginosus",1,2012-01-15,-0.6,39.24,707,"gbif"
"2998",1501275420,"Convolvulus lanuginosus",1,2012-01-15,-0.6,39.25,707,"gbif"
"2999",1501275417,"Convolvulus lanuginosus",1,2012-01-15,-0.58,39.24,707,"gbif"
"3000",1501275389,"Convolvulus lanuginosus",1,2012-01-15,-0.58,39.23,707,"gbif"
"3001",1501549322,"Convolvulus lanuginosus",1,2012-02-12,-0.7,38.42,707,"gbif"
"3002",1501275467,"Convolvulus lanuginosus",1,2012-03-03,-0.25,39.84,707,"gbif"
"3003",1501275466,"Convolvulus lanuginosus",1,2012-03-03,-0.24,39.84,707,"gbif"
"3004",1501275459,"Convolvulus lanuginosus",1,2012-03-03,-0.25,39.85,707,"gbif"
"3005",1501551479,"Convolvulus lanuginosus",1,2012-03-23,-0.82,38.42,707,"gbif"
"3006",1501232199,"Convolvulus lanuginosus",1,2012-03-23,-0.52,38.98,707,"gbif"
"3007",1501232083,"Convolvulus lanuginosus",1,2012-03-23,-0.54,38.98,707,"gbif"
"3008",1501275454,"Convolvulus lanuginosus",1,2012-03-28,-0.59,38.99,707,"gbif"
"3009",1501275443,"Convolvulus lanuginosus",1,2012-03-28,-0.63,38.99,707,"gbif"
"3010",1501275430,"Convolvulus lanuginosus",1,2012-03-28,-0.59,39,707,"gbif"
"3011",1501275422,"Convolvulus lanuginosus",1,2012-03-28,-0.6,39,707,"gbif"
"3012",1501275421,"Convolvulus lanuginosus",1,2012-03-28,-0.63,39,707,"gbif"
"3013",1501275419,"Convolvulus lanuginosus",1,2012-03-28,-0.62,39,707,"gbif"
"3014",1501275415,"Convolvulus lanuginosus",1,2012-03-28,-0.64,39,707,"gbif"
"3015",1501275413,"Convolvulus lanuginosus",1,2012-03-28,-0.62,38.99,707,"gbif"
"3016",1501275409,"Convolvulus lanuginosus",1,2012-03-28,-0.6,38.99,707,"gbif"
"3017",1501275404,"Convolvulus lanuginosus",1,2012-03-28,-0.64,38.99,707,"gbif"
"3018",1501275395,"Convolvulus lanuginosus",1,2012-03-28,-0.65,39,707,"gbif"
"3019",1501275394,"Convolvulus lanuginosus",1,2012-03-28,-0.64,38.97,707,"gbif"
"3020",1501275393,"Convolvulus lanuginosus",1,2012-03-28,-0.64,38.96,707,"gbif"
"3021",1501275375,"Convolvulus lanuginosus",1,2012-03-28,-0.62,38.98,707,"gbif"
"3022",1501275366,"Convolvulus lanuginosus",1,2012-03-28,-0.63,38.98,707,"gbif"
"3023",781075399,"Convolvulus lanuginosus",1,2012-03-30,-4.58,36.69,1,"gbif"
"3024",1501549818,"Convolvulus lanuginosus",1,2012-04-04,-0.83,38.49,707,"gbif"
"3025",1501275474,"Convolvulus lanuginosus",1,2012-04-05,-0.42,39.82,707,"gbif"
"3026",1501275473,"Convolvulus lanuginosus",1,2012-04-05,-0.42,39.83,707,"gbif"
"3027",1501275458,"Convolvulus lanuginosus",1,2012-04-05,-0.41,39.83,707,"gbif"
"3028",1501275457,"Convolvulus lanuginosus",1,2012-04-10,-0.32,38.85,707,"gbif"
"3029",1501275455,"Convolvulus lanuginosus",1,2012-04-10,-0.43,38.82,707,"gbif"
"3030",1501275451,"Convolvulus lanuginosus",1,2012-04-10,-0.41,38.82,707,"gbif"
"3031",1501275445,"Convolvulus lanuginosus",1,2012-04-10,-0.44,38.83,707,"gbif"
"3032",1501275439,"Convolvulus lanuginosus",1,2012-04-10,-0.34,38.83,707,"gbif"
"3033",1501275399,"Convolvulus lanuginosus",1,2012-04-10,-0.44,38.81,707,"gbif"
"3034",1501275381,"Convolvulus lanuginosus",1,2012-04-10,-0.44,38.82,707,"gbif"
"3035",1501275379,"Convolvulus lanuginosus",1,2012-04-10,-0.45,38.81,707,"gbif"
"3036",1501275377,"Convolvulus lanuginosus",1,2012-04-10,-0.36,38.81,707,"gbif"
"3037",1501275370,"Convolvulus lanuginosus",1,2012-04-10,-0.45,38.82,707,"gbif"
"3038",1501275368,"Convolvulus lanuginosus",1,2012-04-10,-0.37,38.81,707,"gbif"
"3039",1501275364,"Convolvulus lanuginosus",1,2012-04-10,-0.47,38.81,707,"gbif"
"3040",1501275355,"Convolvulus lanuginosus",1,2012-04-10,-0.46,38.8,707,"gbif"
"3041",1501275428,"Convolvulus lanuginosus",1,2012-04-12,-0.66,39.1,707,"gbif"
"3042",1501275424,"Convolvulus lanuginosus",1,2012-04-12,-0.66,39.12,707,"gbif"
"3043",1501275412,"Convolvulus lanuginosus",1,2012-04-12,-0.64,39.08,707,"gbif"
"3044",1501275411,"Convolvulus lanuginosus",1,2012-04-12,-0.64,39.07,707,"gbif"
"3045",1501275407,"Convolvulus lanuginosus",1,2012-04-12,-0.66,39.09,707,"gbif"
"3046",1501275398,"Convolvulus lanuginosus",1,2012-04-12,-0.67,39.13,707,"gbif"
"3047",1501275391,"Convolvulus lanuginosus",1,2012-04-12,-0.65,39.08,707,"gbif"
"3048",1501275385,"Convolvulus lanuginosus",1,2012-04-12,-0.65,39.09,707,"gbif"
"3049",1501275383,"Convolvulus lanuginosus",1,2012-04-12,-0.66,39.13,707,"gbif"
"3050",1501275367,"Convolvulus lanuginosus",1,2012-04-12,-0.67,39.11,707,"gbif"
"3051",1501275354,"Convolvulus lanuginosus",1,2012-04-12,-0.67,39.1,707,"gbif"
"3052",1501275325,"Convolvulus lanuginosus",1,2012-04-12,-0.83,39.11,707,"gbif"
"3053",1501275322,"Convolvulus lanuginosus",1,2012-04-12,-0.81,39.12,707,"gbif"
"3054",1501275319,"Convolvulus lanuginosus",1,2012-04-12,-0.78,39.13,707,"gbif"
"3055",1501275317,"Convolvulus lanuginosus",1,2012-04-12,-0.8,39.11,707,"gbif"
"3056",1501275308,"Convolvulus lanuginosus",1,2012-04-12,-0.77,39.13,707,"gbif"
"3057",1501275301,"Convolvulus lanuginosus",1,2012-04-12,-0.85,39.11,707,"gbif"
"3058",1501275282,"Convolvulus lanuginosus",1,2012-04-12,-0.82,39.12,707,"gbif"
"3059",1501275269,"Convolvulus lanuginosus",1,2012-04-12,-0.84,39.11,707,"gbif"
"3060",2840290869,"Convolvulus lanuginosus",1,2012-04-16,-1.051254,37.616677,100,"gbif"
"3061",1501548257,"Convolvulus lanuginosus",1,2012-04-19,-0.82,38.38,707,"gbif"
"3062",781075400,"Convolvulus lanuginosus",1,2012-04-21,-4.6,36.69,1,"gbif"
"3063",1501547637,"Convolvulus lanuginosus",1,2012-04-23,-0.65,38.34,707,"gbif"
"3064",1501551367,"Convolvulus lanuginosus",1,2012-04-25,-0.81,38.42,707,"gbif"
"3065",1501275479,"Convolvulus lanuginosus",1,2012-04-29,-0.46,39.67,707,"gbif"
"3066",1501275471,"Convolvulus lanuginosus",1,2012-04-29,-0.45,39.66,707,"gbif"
"3067",1501275446,"Convolvulus lanuginosus",1,2012-04-29,-0.44,39.66,707,"gbif"
"3068",1501275438,"Convolvulus lanuginosus",1,2012-04-29,-0.45,39.67,707,"gbif"
"3069",1501275345,"Convolvulus lanuginosus",1,2012-04-30,-0.75,39.45,707,"gbif"
"3070",1501275338,"Convolvulus lanuginosus",1,2012-04-30,-0.76,39.45,707,"gbif"
"3071",1501275327,"Convolvulus lanuginosus",1,2012-04-30,-0.77,39.45,707,"gbif"
"3072",1501275294,"Convolvulus lanuginosus",1,2012-04-30,-0.77,39.46,707,"gbif"
"3073",3713852019,"Convolvulus lanuginosus",1,2012-05-01,-1.88,37.11,707,"gbif"
"3074",1501215189,"Convolvulus lanuginosus",1,2012-05-02,-0.35,39.07,707,"gbif"
"3075",1501214793,"Convolvulus lanuginosus",1,2012-05-02,-0.31,39.09,707,"gbif"
"3076",781075401,"Convolvulus lanuginosus",1,2012-05-04,-3.82,36.75,100,"gbif"
"3077",1501556328,"Convolvulus lanuginosus",1,2012-05-04,-0.82,38.71,707,"gbif"
"3078",1501552546,"Convolvulus lanuginosus",1,2012-05-04,-0.78,38.42,707,"gbif"
"3079",4574052368,"Convolvulus lanuginosus",1,2012-05-05,2.76969,42.77056,405,"gbif"
"3080",4573672967,"Convolvulus lanuginosus",1,2012-05-05,2.7758,42.77058,501,"gbif"
"3081",1501275488,"Convolvulus lanuginosus",1,2012-05-06,-0.27,40.06,707,"gbif"
"3082",1501275483,"Convolvulus lanuginosus",1,2012-05-06,-0.27,40.08,707,"gbif"
"3083",1501275478,"Convolvulus lanuginosus",1,2012-05-06,-0.27,40.09,707,"gbif"
"3084",1501275441,"Convolvulus lanuginosus",1,2012-05-06,-0.26,40.06,707,"gbif"
"3085",1501547269,"Convolvulus lanuginosus",1,2012-05-07,-0.83,38.4,707,"gbif"
"3086",4573885601,"Convolvulus lanuginosus",1,2012-05-08,2.7372,42.76951,501,"gbif"
"3087",4547822485,"Convolvulus lanuginosus",1,2012-05-09,3.03171,42.89634,10,"gbif"
"3088",1501216004,"Convolvulus lanuginosus",1,2012-05-09,-0.34,39.82,707,"gbif"
"3089",1501215788,"Convolvulus lanuginosus",1,2012-05-09,-0.34,39.81,707,"gbif"
"3090",781075411,"Convolvulus lanuginosus",1,2012-05-11,-5.26,36.35,707,"gbif"
"3091",4587774855,"Convolvulus lanuginosus",1,2012-05-13,2.76221,42.79437,500,"gbif"
"3092",3935215812,"Convolvulus lanuginosus",1,2012-05-15,2.76833,42.76511,10,"gbif"
"3093",3935215811,"Convolvulus lanuginosus",1,2012-05-15,2.76528,42.76529,10,"gbif"
"3094",3935209722,"Convolvulus lanuginosus",1,2012-05-15,2.76348,42.7647,10,"gbif"
"3095",1501217127,"Convolvulus lanuginosus",1,2012-05-16,-0.61,38.9,707,"gbif"
"3096",1501216900,"Convolvulus lanuginosus",1,2012-05-16,-0.56,38.94,707,"gbif"
"3097",1501216854,"Convolvulus lanuginosus",1,2012-05-16,-0.57,38.94,707,"gbif"
"3098",1501275378,"Convolvulus lanuginosus",1,2012-05-19,-0.73,38.94,707,"gbif"
"3099",1501275359,"Convolvulus lanuginosus",1,2012-05-19,-0.71,38.95,707,"gbif"
"3100",1501275352,"Convolvulus lanuginosus",1,2012-05-19,-0.73,38.95,707,"gbif"
"3101",1501275347,"Convolvulus lanuginosus",1,2012-05-19,-0.71,38.96,707,"gbif"
"3102",1501275344,"Convolvulus lanuginosus",1,2012-05-19,-0.72,38.94,707,"gbif"
"3103",1501275324,"Convolvulus lanuginosus",1,2012-05-19,-0.8,38.97,707,"gbif"
"3104",1501275321,"Convolvulus lanuginosus",1,2012-05-19,-0.7,38.96,707,"gbif"
"3105",1501275312,"Convolvulus lanuginosus",1,2012-05-19,-0.81,38.96,707,"gbif"
"3106",1501275309,"Convolvulus lanuginosus",1,2012-05-19,-0.86,38.97,707,"gbif"
"3107",1501275307,"Convolvulus lanuginosus",1,2012-05-19,-0.81,38.97,707,"gbif"
"3108",1501275306,"Convolvulus lanuginosus",1,2012-05-19,-0.85,38.96,707,"gbif"
"3109",1501275297,"Convolvulus lanuginosus",1,2012-05-19,-0.87,38.96,707,"gbif"
"3110",1501275296,"Convolvulus lanuginosus",1,2012-05-19,-0.87,38.97,707,"gbif"
"3111",1501275292,"Convolvulus lanuginosus",1,2012-05-19,-0.85,38.95,707,"gbif"
"3112",1501275287,"Convolvulus lanuginosus",1,2012-05-19,-0.85,38.97,707,"gbif"
"3113",1501547141,"Convolvulus lanuginosus",1,2012-05-25,-0.96,38.31,707,"gbif"
"3114",1501549469,"Convolvulus lanuginosus",1,2012-05-26,-0.84,38.5,707,"gbif"
"3115",1501392305,"Convolvulus lanuginosus",1,2012-05-26,-0.33,38.8,707,"gbif"
"3116",1501555702,"Convolvulus lanuginosus",1,2012-06-01,-0.97,38.56,707,"gbif"
"3117",1501551194,"Convolvulus lanuginosus",1,2012-06-06,-0.75,38.52,707,"gbif"
"3118",4547768668,"Convolvulus lanuginosus",1,2012-06-11,2.95942,42.95912,10,"gbif"
"3119",4547231255,"Convolvulus lanuginosus",1,2012-06-11,2.96615,42.95422,10,"gbif"
"3120",4547231026,"Convolvulus lanuginosus",1,2012-06-11,2.96713,42.95475,10,"gbif"
"3121",1501548093,"Convolvulus lanuginosus",1,2012-07-04,-0.84,38.3,707,"gbif"
"3122",1501392327,"Convolvulus lanuginosus",1,2012-07-09,-0.4,39.08,707,"gbif"
"3123",1501392314,"Convolvulus lanuginosus",1,2012-07-09,-0.39,39.08,707,"gbif"
"3124",1501546982,"Convolvulus lanuginosus",1,2012-08-12,-0.42,39,707,"gbif"
"3125",1501546901,"Convolvulus lanuginosus",1,2012-08-12,-0.41,38.99,707,"gbif"
"3126",1501546813,"Convolvulus lanuginosus",1,2012-08-12,-0.42,38.99,707,"gbif"
"3127",1501549609,"Convolvulus lanuginosus",1,2012-08-20,-0.86,38.42,707,"gbif"
"3128",1501551566,"Convolvulus lanuginosus",1,2012-08-23,-0.97,38.39,707,"gbif"
"3129",1501547359,"Convolvulus lanuginosus",1,2012-08-30,-0.9,38.46,707,"gbif"
"3130",1501552405,"Convolvulus lanuginosus",1,2012-09-06,-0.87,38.37,707,"gbif"
"3131",1501555606,"Convolvulus lanuginosus",1,2012-09-13,-0.72,38.68,707,"gbif"
"3132",1501552078,"Convolvulus lanuginosus",1,2012-09-19,-0.75,38.47,707,"gbif"
"3133",1501552030,"Convolvulus lanuginosus",1,2012-09-21,-0.75,38.44,707,"gbif"
"3134",1501552619,"Convolvulus lanuginosus",1,2012-09-25,-0.89,38.37,707,"gbif"
"3135",1501549140,"Convolvulus lanuginosus",1,2012-10-02,-0.86,38.41,707,"gbif"
"3136",1501551711,"Convolvulus lanuginosus",1,2012-10-03,-0.91,38.38,707,"gbif"
"3137",1501505969,"Convolvulus lanuginosus",1,2012-10-06,-0.41,39.74,707,"gbif"
"3138",1501489630,"Convolvulus lanuginosus",1,2012-10-06,-0.4,39.75,707,"gbif"
"3139",1501546378,"Convolvulus lanuginosus",1,2012-10-16,-0.32,38.92,707,"gbif"
"3140",1501546322,"Convolvulus lanuginosus",1,2012-10-16,-0.32,38.93,707,"gbif"
"3141",1501546304,"Convolvulus lanuginosus",1,2012-10-16,-0.31,38.93,707,"gbif"
"3142",1501546216,"Convolvulus lanuginosus",1,2012-10-16,-0.31,38.92,707,"gbif"
"3143",1501512110,"Convolvulus lanuginosus",1,2012-10-18,-0.49,39.68,707,"gbif"
"3144",1501507180,"Convolvulus lanuginosus",1,2012-10-18,-0.49,39.69,707,"gbif"
"3145",1501497197,"Convolvulus lanuginosus",1,2012-10-18,-0.5,39.69,707,"gbif"
"3146",1501542672,"Convolvulus lanuginosus",1,2012-10-24,-0.6,39.71,707,"gbif"
"3147",1501535774,"Convolvulus lanuginosus",1,2012-10-24,-0.58,39.69,707,"gbif"
"3148",1501535771,"Convolvulus lanuginosus",1,2012-10-24,-0.6,39.67,707,"gbif"
"3149",1501535734,"Convolvulus lanuginosus",1,2012-10-24,-0.59,39.69,707,"gbif"
"3150",1501528302,"Convolvulus lanuginosus",1,2012-10-24,-0.61,39.7,707,"gbif"
"3151",1501514786,"Convolvulus lanuginosus",1,2012-10-24,-0.63,39.7,707,"gbif"
"3152",1501539146,"Convolvulus lanuginosus",1,2012-11-05,-0.61,39.47,707,"gbif"
"3153",1501533059,"Convolvulus lanuginosus",1,2012-11-05,-0.63,39.46,707,"gbif"
"3154",1501523630,"Convolvulus lanuginosus",1,2012-11-05,-0.62,39.48,707,"gbif"
"3155",1501521675,"Convolvulus lanuginosus",1,2012-11-05,-0.63,39.47,707,"gbif"
"3156",1501521660,"Convolvulus lanuginosus",1,2012-11-05,-0.62,39.47,707,"gbif"
"3157",1501487091,"Convolvulus lanuginosus",1,2012-11-05,-0.62,39.49,707,"gbif"
"3158",1501531861,"Convolvulus lanuginosus",1,2012-11-10,0.05,38.82,707,"gbif"
"3159",1501531854,"Convolvulus lanuginosus",1,2012-11-10,0.05,38.81,707,"gbif"
"3160",1501531811,"Convolvulus lanuginosus",1,2012-11-10,0.03,38.82,707,"gbif"
"3161",1501531070,"Convolvulus lanuginosus",1,2012-11-10,0.06,38.81,707,"gbif"
"3162",1501528466,"Convolvulus lanuginosus",1,2012-11-10,0.07,38.81,707,"gbif"
"3163",1501514653,"Convolvulus lanuginosus",1,2012-11-10,0.03,38.81,707,"gbif"
"3164",1501533634,"Convolvulus lanuginosus",1,2012-11-16,-0.64,39.36,707,"gbif"
"3165",1501509204,"Convolvulus lanuginosus",1,2012-11-16,-0.66,39.37,707,"gbif"
"3166",1501545618,"Convolvulus lanuginosus",1,2012-11-23,-1.19,39.19,707,"gbif"
"3167",1501542542,"Convolvulus lanuginosus",1,2012-11-27,-0.6,38.8,707,"gbif"
"3168",1501515567,"Convolvulus lanuginosus",1,2012-11-27,-0.62,38.79,707,"gbif"
"3169",1501515565,"Convolvulus lanuginosus",1,2012-11-27,-0.62,38.8,707,"gbif"
"3170",1501515529,"Convolvulus lanuginosus",1,2012-11-27,-0.63,38.79,707,"gbif"
"3171",1501510027,"Convolvulus lanuginosus",1,2012-11-27,-0.65,38.79,707,"gbif"
"3172",1501486928,"Convolvulus lanuginosus",1,2012-11-27,-0.59,38.81,707,"gbif"
"3173",1501526865,"Convolvulus lanuginosus",1,2012-12-02,-0.55,39.68,707,"gbif"
"3174",1501524174,"Convolvulus lanuginosus",1,2012-12-02,-0.54,39.72,707,"gbif"
"3175",1501502988,"Convolvulus lanuginosus",1,2012-12-02,-0.53,39.67,707,"gbif"
"3176",1501499576,"Convolvulus lanuginosus",1,2012-12-02,-0.42,39.7,707,"gbif"
"3177",1501489212,"Convolvulus lanuginosus",1,2012-12-02,-0.43,39.7,707,"gbif"
"3178",1501542058,"Convolvulus lanuginosus",1,2012-12-07,-0.22,39.77,707,"gbif"
"3179",1501537184,"Convolvulus lanuginosus",1,2012-12-07,-0.28,39.79,707,"gbif"
"3180",1501532270,"Convolvulus lanuginosus",1,2012-12-07,-0.3,39.78,707,"gbif"
"3181",1501529092,"Convolvulus lanuginosus",1,2012-12-07,-0.24,39.78,707,"gbif"
"3182",1501508234,"Convolvulus lanuginosus",1,2012-12-07,-0.22,39.78,707,"gbif"
"3183",1501508181,"Convolvulus lanuginosus",1,2012-12-07,-0.23,39.78,707,"gbif"
"3184",1501507551,"Convolvulus lanuginosus",1,2012-12-07,-0.27,39.79,707,"gbif"
"3185",1501489010,"Convolvulus lanuginosus",1,2012-12-07,-0.23,39.77,707,"gbif"
"3186",1501533166,"Convolvulus lanuginosus",1,2012-12-15,-0.59,39.21,707,"gbif"
"3187",1501521224,"Convolvulus lanuginosus",1,2012-12-15,-0.59,39.19,707,"gbif"
"3188",1501519815,"Convolvulus lanuginosus",1,2012-12-15,-0.6,39.19,707,"gbif"
"3189",1501519806,"Convolvulus lanuginosus",1,2012-12-15,-0.61,39.19,707,"gbif"
"3190",1501516126,"Convolvulus lanuginosus",1,2012-12-15,-0.57,39.21,707,"gbif"
"3191",1501500084,"Convolvulus lanuginosus",1,2012-12-15,-0.56,39.2,707,"gbif"
"3192",1501500080,"Convolvulus lanuginosus",1,2012-12-15,-0.61,39.2,707,"gbif"
"3193",1501500063,"Convolvulus lanuginosus",1,2012-12-15,-0.57,39.2,707,"gbif"
"3194",1501500060,"Convolvulus lanuginosus",1,2012-12-15,-0.6,39.2,707,"gbif"
"3195",1501500054,"Convolvulus lanuginosus",1,2012-12-15,-0.59,39.2,707,"gbif"
"3196",1501524469,"Convolvulus lanuginosus",1,2013-01-01,-0.54,39.87,707,"gbif"
"3197",1501520953,"Convolvulus lanuginosus",1,2013-01-01,-0.53,39.86,707,"gbif"
"3198",1501516585,"Convolvulus lanuginosus",1,2013-01-01,-0.53,39.85,707,"gbif"
"3199",1501506814,"Convolvulus lanuginosus",1,2013-01-01,-0.54,39.86,707,"gbif"
"3200",1501494565,"Convolvulus lanuginosus",1,2013-01-19,-0.57,39.41,707,"gbif"
"3201",1501494561,"Convolvulus lanuginosus",1,2013-01-19,-0.58,39.41,707,"gbif"
"3202",1501494547,"Convolvulus lanuginosus",1,2013-01-19,-0.59,39.41,707,"gbif"
"3203",1501530432,"Convolvulus lanuginosus",1,2013-01-20,-0.65,39.67,707,"gbif"
"3204",1501530355,"Convolvulus lanuginosus",1,2013-01-20,-0.65,39.68,707,"gbif"
"3205",1501528702,"Convolvulus lanuginosus",1,2013-01-20,-0.66,39.68,707,"gbif"
"3206",1501528685,"Convolvulus lanuginosus",1,2013-01-20,-0.67,39.68,707,"gbif"
"3207",1501518592,"Convolvulus lanuginosus",1,2013-01-20,-0.62,39.68,707,"gbif"
"3208",1501508039,"Convolvulus lanuginosus",1,2013-01-20,-0.62,39.67,707,"gbif"
"3209",1501495100,"Convolvulus lanuginosus",1,2013-01-20,-0.63,39.68,707,"gbif"
"3210",1501495097,"Convolvulus lanuginosus",1,2013-01-20,-0.63,39.67,707,"gbif"
"3211",1501544974,"Convolvulus lanuginosus",1,2013-01-22,-0.35,38.97,707,"gbif"
"3212",1501537616,"Convolvulus lanuginosus",1,2013-01-22,-0.68,39.51,707,"gbif"
"3213",1501532684,"Convolvulus lanuginosus",1,2013-01-22,-0.67,39.53,707,"gbif"
"3214",1501532675,"Convolvulus lanuginosus",1,2013-01-22,-0.67,39.52,707,"gbif"
"3215",1501532640,"Convolvulus lanuginosus",1,2013-01-22,-0.68,39.52,707,"gbif"
"3216",1501519370,"Convolvulus lanuginosus",1,2013-01-22,-0.67,39.51,707,"gbif"
"3217",1501519018,"Convolvulus lanuginosus",1,2013-01-22,-0.66,39.52,707,"gbif"
"3218",1501517632,"Convolvulus lanuginosus",1,2013-01-22,-0.64,39.53,707,"gbif"
"3219",1501517614,"Convolvulus lanuginosus",1,2013-01-22,-0.66,39.53,707,"gbif"
"3220",1501513096,"Convolvulus lanuginosus",1,2013-01-22,-0.66,39.54,707,"gbif"
"3221",1501593836,"Convolvulus lanuginosus",1,2013-01-25,-0.83,38.34,707,"gbif"
"3222",1501536679,"Convolvulus lanuginosus",1,2013-02-09,-0.44,39.78,707,"gbif"
"3223",1501535451,"Convolvulus lanuginosus",1,2013-02-09,-0.44,39.76,707,"gbif"
"3224",1501535407,"Convolvulus lanuginosus",1,2013-02-09,-0.44,39.77,707,"gbif"
"3225",1501534569,"Convolvulus lanuginosus",1,2013-02-09,-0.43,39.78,707,"gbif"
"3226",1501517150,"Convolvulus lanuginosus",1,2013-02-09,-0.4,39.77,707,"gbif"
"3227",1501512269,"Convolvulus lanuginosus",1,2013-02-09,-0.42,39.8,707,"gbif"
"3228",1501503935,"Convolvulus lanuginosus",1,2013-02-09,-0.45,39.77,707,"gbif"
"3229",1501503739,"Convolvulus lanuginosus",1,2013-02-09,-0.45,39.78,707,"gbif"
"3230",1501486100,"Convolvulus lanuginosus",1,2013-02-09,-0.42,39.79,707,"gbif"
"3231",1501485825,"Convolvulus lanuginosus",1,2013-02-09,-0.43,39.76,707,"gbif"
"3232",1501485316,"Convolvulus lanuginosus",1,2013-02-09,-0.45,39.79,707,"gbif"
"3233",1501485268,"Convolvulus lanuginosus",1,2013-02-09,-0.44,39.79,707,"gbif"
"3234",1501591157,"Convolvulus lanuginosus",1,2013-02-13,-1.01,38.33,707,"gbif"
"3235",4573427039,"Convolvulus lanuginosus",1,2013-02-23,2.71581,42.76943,200,"gbif"
"3236",1501532158,"Convolvulus lanuginosus",1,2013-02-24,-0.31,39.14,707,"gbif"
"3237",1501529169,"Convolvulus lanuginosus",1,2013-02-24,-0.31,39.13,707,"gbif"
"3238",1501516298,"Convolvulus lanuginosus",1,2013-02-24,-0.32,39.14,707,"gbif"
"3239",1501513707,"Convolvulus lanuginosus",1,2013-02-24,-0.32,39.13,707,"gbif"
"3240",1501511108,"Convolvulus lanuginosus",1,2013-02-24,-0.3,39.14,707,"gbif"
"3241",1501509877,"Convolvulus lanuginosus",1,2013-02-24,-0.33,39.15,707,"gbif"
"3242",1501485872,"Convolvulus lanuginosus",1,2013-03-03,-0.34,39.05,707,"gbif"
"3243",1501485337,"Convolvulus lanuginosus",1,2013-03-03,-0.31,39.05,707,"gbif"
"3244",1501485296,"Convolvulus lanuginosus",1,2013-03-03,-0.32,39.05,707,"gbif"
"3245",1501482919,"Convolvulus lanuginosus",1,2013-03-03,-0.34,39.03,707,"gbif"
"3246",1501482894,"Convolvulus lanuginosus",1,2013-03-03,-0.35,39.04,707,"gbif"
"3247",1501482891,"Convolvulus lanuginosus",1,2013-03-03,-0.34,39.04,707,"gbif"
"3248",1501482874,"Convolvulus lanuginosus",1,2013-03-03,-0.35,39.05,707,"gbif"
"3249",4041088964,"Convolvulus lanuginosus",1,2013-03-07,-0.47,39.63,707,"gbif"
"3250",4040686803,"Convolvulus lanuginosus",1,2013-03-07,-0.49,39.62,707,"gbif"
"3251",4040666884,"Convolvulus lanuginosus",1,2013-03-07,-0.48,39.61,707,"gbif"
"3252",4040657468,"Convolvulus lanuginosus",1,2013-03-07,-0.47,39.61,707,"gbif"
"3253",4040992933,"Convolvulus lanuginosus",1,2013-03-10,-0.22,39.02,707,"gbif"
"3254",4040953138,"Convolvulus lanuginosus",1,2013-03-10,-0.25,39.02,707,"gbif"
"3255",4040949765,"Convolvulus lanuginosus",1,2013-03-15,-0.64,39.39,707,"gbif"
"3256",4040671759,"Convolvulus lanuginosus",1,2013-03-15,-0.63,39.38,707,"gbif"
"3257",4040641604,"Convolvulus lanuginosus",1,2013-03-15,-0.64,39.38,707,"gbif"
"3258",4040984519,"Convolvulus lanuginosus",1,2013-03-17,-0.82,39.39,707,"gbif"
"3259",4040672388,"Convolvulus lanuginosus",1,2013-03-18,-0.89,38.01,707,"gbif"
"3260",4040984638,"Convolvulus lanuginosus",1,2013-03-22,-0.48,39.8,707,"gbif"
"3261",4040658594,"Convolvulus lanuginosus",1,2013-03-22,-0.48,39.79,707,"gbif"
"3262",4040952044,"Convolvulus lanuginosus",1,2013-03-28,-0.51,38.93,707,"gbif"
"3263",4040918995,"Convolvulus lanuginosus",1,2013-03-28,-0.55,38.95,707,"gbif"
"3264",4040904177,"Convolvulus lanuginosus",1,2013-03-28,-0.55,38.96,707,"gbif"
"3265",4040966529,"Convolvulus lanuginosus",1,2013-03-30,-0.46,39.22,707,"gbif"
"3266",4040661714,"Convolvulus lanuginosus",1,2013-03-30,-0.47,39.25,707,"gbif"
"3267",4041009119,"Convolvulus lanuginosus",1,2013-04-03,-0.32,38.8,707,"gbif"
"3268",4041003799,"Convolvulus lanuginosus",1,2013-04-03,-0.25,38.82,707,"gbif"
"3269",4040674739,"Convolvulus lanuginosus",1,2013-04-03,-0.22,38.81,707,"gbif"
"3270",4040641059,"Convolvulus lanuginosus",1,2013-04-03,-0.29,38.81,707,"gbif"
"3271",4040966741,"Convolvulus lanuginosus",1,2013-04-07,-0.32,39.97,707,"gbif"
"3272",4040959468,"Convolvulus lanuginosus",1,2013-04-07,-0.28,39.96,707,"gbif"
"3273",4040951869,"Convolvulus lanuginosus",1,2013-04-07,-0.3,39.97,707,"gbif"
"3274",4040666905,"Convolvulus lanuginosus",1,2013-04-07,-0.34,39.95,707,"gbif"
"3275",4040660443,"Convolvulus lanuginosus",1,2013-04-07,-0.31,39.97,707,"gbif"
"3276",4040658651,"Convolvulus lanuginosus",1,2013-04-07,-0.25,39.96,707,"gbif"
"3277",4040654698,"Convolvulus lanuginosus",1,2013-04-07,-0.25,39.97,707,"gbif"
"3278",4040651614,"Convolvulus lanuginosus",1,2013-04-07,-0.28,39.97,707,"gbif"
"3279",4040637489,"Convolvulus lanuginosus",1,2013-04-07,-0.34,39.96,707,"gbif"
"3280",4040981877,"Convolvulus lanuginosus",1,2013-04-10,-0.7,39.34,707,"gbif"
"3281",4573560331,"Convolvulus lanuginosus",1,2013-04-13,2.7158,42.77168,200,"gbif"
"3282",4041093092,"Convolvulus lanuginosus",1,2013-04-13,-0.76,38.86,707,"gbif"
"3283",4041092924,"Convolvulus lanuginosus",1,2013-04-13,-0.76,38.87,707,"gbif"
"3284",4040951845,"Convolvulus lanuginosus",1,2013-04-13,-0.72,38.89,707,"gbif"
"3285",4040934685,"Convolvulus lanuginosus",1,2013-04-13,-0.78,38.86,707,"gbif"
"3286",4040672213,"Convolvulus lanuginosus",1,2013-04-13,-0.75,38.89,707,"gbif"
"3287",4040660583,"Convolvulus lanuginosus",1,2013-04-13,-0.73,38.89,707,"gbif"
"3288",1501601339,"Convolvulus lanuginosus",1,2013-04-16,-0.38,39.01,707,"gbif"
"3289",1501422821,"Convolvulus lanuginosus",1,2013-04-16,-0.55,39.31,707,"gbif"
"3290",1501422739,"Convolvulus lanuginosus",1,2013-04-16,-0.54,39.31,707,"gbif"
"3291",1501421153,"Convolvulus lanuginosus",1,2013-04-16,-0.55,39.3,707,"gbif"
"3292",4548815781,"Convolvulus lanuginosus",1,2013-04-17,3.09608,43.12641,10,"gbif"
"3293",4548495538,"Convolvulus lanuginosus",1,2013-04-17,3.10185,43.13473,10,"gbif"
"3294",4548465777,"Convolvulus lanuginosus",1,2013-04-17,3.09619,43.12628,10,"gbif"
"3295",4548017578,"Convolvulus lanuginosus",1,2013-04-17,3.09643,43.12646,10,"gbif"
"3296",1501600903,"Convolvulus lanuginosus",1,2013-04-17,-0.32,38.89,707,"gbif"
"3297",910445920,"Convolvulus lanuginosus",1,2013-04-23,-4.58,36.59,707,"gbif"
"3298",1501424036,"Convolvulus lanuginosus",1,2013-04-23,-0.23,39.87,707,"gbif"
"3299",3935427682,"Convolvulus lanuginosus",1,2013-04-26,3.00549,42.99265,10,"gbif"
"3300",3935261815,"Convolvulus lanuginosus",1,2013-04-26,3.01383,42.99148,10,"gbif"
"3301",4573561519,"Convolvulus lanuginosus",1,2013-04-27,2.81043,42.8079,501,"gbif"
"3302",4573532147,"Convolvulus lanuginosus",1,2013-04-27,2.80219,42.79883,501,"gbif"
"3303",4040982544,"Convolvulus lanuginosus",1,2013-04-27,-0.63,39.65,707,"gbif"
"3304",4040652133,"Convolvulus lanuginosus",1,2013-04-27,-0.71,39.72,707,"gbif"
"3305",4040638282,"Convolvulus lanuginosus",1,2013-04-27,-0.72,39.72,707,"gbif"
"3306",4040624928,"Convolvulus lanuginosus",1,2013-04-27,-0.63,39.64,707,"gbif"
"3307",1501554269,"Convolvulus lanuginosus",1,2013-04-27,-0.81,38.73,707,"gbif"
"3308",2477189926,"Convolvulus lanuginosus",1,2013-04-29,5.8081,43.23897,50,"gbif"
"3309",4512375452,"Convolvulus lanuginosus",1,2013-05-01,3.069007,43.088452,4,"gbif"
"3310",4041033366,"Convolvulus lanuginosus",1,2013-05-01,-1.11,39.36,707,"gbif"
"3311",4041008955,"Convolvulus lanuginosus",1,2013-05-01,-1.1,39.27,707,"gbif"
"3312",4040652968,"Convolvulus lanuginosus",1,2013-05-01,-1.1,39.28,707,"gbif"
"3313",4573817525,"Convolvulus lanuginosus",1,2013-05-02,2.74931,42.79878,501,"gbif"
"3314",4573584885,"Convolvulus lanuginosus",1,2013-05-02,2.73708,42.79875,501,"gbif"
"3315",4573569624,"Convolvulus lanuginosus",1,2013-05-02,2.80132,42.80788,501,"gbif"
"3316",4040981911,"Convolvulus lanuginosus",1,2013-05-04,-0.64,39.51,707,"gbif"
"3317",4040930881,"Convolvulus lanuginosus",1,2013-05-04,-0.66,39.51,707,"gbif"
"3318",4040637755,"Convolvulus lanuginosus",1,2013-05-04,-0.61,39.51,707,"gbif"
"3319",4040975043,"Convolvulus lanuginosus",1,2013-05-05,-0.94,39.19,707,"gbif"
"3320",4040917284,"Convolvulus lanuginosus",1,2013-05-05,-0.97,39.23,707,"gbif"
"3321",4040653004,"Convolvulus lanuginosus",1,2013-05-05,-0.81,39.34,707,"gbif"
"3322",1501661952,"Convolvulus lanuginosus",1,2013-05-05,-0.94,39.24,707,"gbif"
"3323",1501661945,"Convolvulus lanuginosus",1,2013-05-05,-0.96,39.23,707,"gbif"
"3324",1501661943,"Convolvulus lanuginosus",1,2013-05-05,-0.94,39.22,707,"gbif"
"3325",1501661941,"Convolvulus lanuginosus",1,2013-05-05,-0.93,39.24,707,"gbif"
"3326",1501661917,"Convolvulus lanuginosus",1,2013-05-05,-0.93,39.19,707,"gbif"
"3327",1501661916,"Convolvulus lanuginosus",1,2013-05-05,-0.97,39.22,707,"gbif"
"3328",1501661907,"Convolvulus lanuginosus",1,2013-05-05,-0.94,39.23,707,"gbif"
"3329",2477233056,"Convolvulus lanuginosus",1,2013-05-07,5.79954,43.23943,50,"gbif"
"3330",2477218564,"Convolvulus lanuginosus",1,2013-05-07,5.79916,43.23921,50,"gbif"
"3331",2477181269,"Convolvulus lanuginosus",1,2013-05-07,5.8186,43.22446,50,"gbif"
"3332",2477153823,"Convolvulus lanuginosus",1,2013-05-07,5.81927,43.22376,50,"gbif"
"3333",2477129764,"Convolvulus lanuginosus",1,2013-05-07,5.81879,43.22399,50,"gbif"
"3334",2477129762,"Convolvulus lanuginosus",1,2013-05-07,5.81891,43.22429,50,"gbif"
"3335",2476894794,"Convolvulus lanuginosus",1,2013-05-07,5.81901,43.2238,50,"gbif"
"3336",1501425389,"Convolvulus lanuginosus",1,2013-05-07,-0.24,39.85,707,"gbif"
"3337",1501425285,"Convolvulus lanuginosus",1,2013-05-07,-0.25,39.87,707,"gbif"
"3338",1501662006,"Convolvulus lanuginosus",1,2013-05-08,-0.51,39.76,707,"gbif"
"3339",1501661975,"Convolvulus lanuginosus",1,2013-05-12,-0.86,39.39,707,"gbif"
"3340",1501661966,"Convolvulus lanuginosus",1,2013-05-12,-0.89,39.41,707,"gbif"
"3341",1501661963,"Convolvulus lanuginosus",1,2013-05-12,-0.88,39.41,707,"gbif"
"3342",1501661940,"Convolvulus lanuginosus",1,2013-05-12,-0.86,39.4,707,"gbif"
"3343",1501661938,"Convolvulus lanuginosus",1,2013-05-12,-0.9,39.41,707,"gbif"
"3344",1501661934,"Convolvulus lanuginosus",1,2013-05-12,-0.87,39.41,707,"gbif"
"3345",1501661926,"Convolvulus lanuginosus",1,2013-05-12,-0.87,39.4,707,"gbif"
"3346",1501661923,"Convolvulus lanuginosus",1,2013-05-12,-0.85,39.4,707,"gbif"
"3347",1501661919,"Convolvulus lanuginosus",1,2013-05-12,-0.93,39.41,707,"gbif"
"3348",1501661904,"Convolvulus lanuginosus",1,2013-05-12,-0.92,39.41,707,"gbif"
"3349",1501661899,"Convolvulus lanuginosus",1,2013-05-12,-0.93,39.4,707,"gbif"
"3350",1501662002,"Convolvulus lanuginosus",1,2013-05-14,-0.61,39.44,707,"gbif"
"3351",1501661986,"Convolvulus lanuginosus",1,2013-05-14,-0.59,39.43,707,"gbif"
"3352",1501661965,"Convolvulus lanuginosus",1,2013-05-14,-0.6,39.43,707,"gbif"
"3353",1501598996,"Convolvulus lanuginosus",1,2013-05-14,-0.28,39.09,707,"gbif"
"3354",2833624856,"Convolvulus lanuginosus",1,2013-05-15,0.588556,40.627861,100,"gbif"
"3355",1501575285,"Convolvulus lanuginosus",1,2013-05-16,-1.05,39.07,707,"gbif"
"3356",910445946,"Convolvulus lanuginosus",1,2013-05-17,-4.75,36.93,707,"gbif"
"3357",910445940,"Convolvulus lanuginosus",1,2013-05-17,-4.76,36.95,707,"gbif"
"3358",1501661998,"Convolvulus lanuginosus",1,2013-05-20,-0.72,39.23,707,"gbif"
"3359",1501661995,"Convolvulus lanuginosus",1,2013-05-20,-0.77,39.24,707,"gbif"
"3360",1501661983,"Convolvulus lanuginosus",1,2013-05-20,-0.75,39.24,707,"gbif"
"3361",1501661959,"Convolvulus lanuginosus",1,2013-05-20,-0.76,39.24,707,"gbif"
"3362",1501661955,"Convolvulus lanuginosus",1,2013-05-20,-0.78,39.24,707,"gbif"
"3363",1501661948,"Convolvulus lanuginosus",1,2013-05-20,-0.83,39.21,707,"gbif"
"3364",1501661942,"Convolvulus lanuginosus",1,2013-05-20,-0.71,39.23,707,"gbif"
"3365",1501661933,"Convolvulus lanuginosus",1,2013-05-20,-0.74,39.22,707,"gbif"
"3366",1501661932,"Convolvulus lanuginosus",1,2013-05-20,-0.75,39.23,707,"gbif"
"3367",1501661928,"Convolvulus lanuginosus",1,2013-05-20,-0.74,39.23,707,"gbif"
"3368",1501661925,"Convolvulus lanuginosus",1,2013-05-20,-0.84,39.23,707,"gbif"
"3369",1501661915,"Convolvulus lanuginosus",1,2013-05-20,-0.8,39.22,707,"gbif"
"3370",1501661910,"Convolvulus lanuginosus",1,2013-05-20,-0.83,39.22,707,"gbif"
"3371",1501661906,"Convolvulus lanuginosus",1,2013-05-20,-0.82,39.22,707,"gbif"
"3372",1501428446,"Convolvulus lanuginosus",1,2013-05-20,-0.75,39.21,707,"gbif"
"3373",1501428402,"Convolvulus lanuginosus",1,2013-05-20,-0.75,39.22,707,"gbif"
"3374",1501428340,"Convolvulus lanuginosus",1,2013-05-20,-0.77,39.23,707,"gbif"
"3375",1501428287,"Convolvulus lanuginosus",1,2013-05-20,-0.83,39.23,707,"gbif"
"3376",1501428243,"Convolvulus lanuginosus",1,2013-05-20,-0.82,39.23,707,"gbif"
"3377",1501427785,"Convolvulus lanuginosus",1,2013-05-20,-0.78,39.23,707,"gbif"
"3378",1501427775,"Convolvulus lanuginosus",1,2013-05-20,-0.79,39.23,707,"gbif"
"3379",1501426741,"Convolvulus lanuginosus",1,2013-05-20,-0.82,39.27,707,"gbif"
"3380",1501435443,"Convolvulus lanuginosus",1,2013-05-21,-0.84,39.2,707,"gbif"
"3381",1501435353,"Convolvulus lanuginosus",1,2013-05-21,-0.85,39.21,707,"gbif"
"3382",1501435335,"Convolvulus lanuginosus",1,2013-05-21,-0.85,39.2,707,"gbif"
"3383",1501434897,"Convolvulus lanuginosus",1,2013-05-21,-0.75,39.2,707,"gbif"
"3384",1501434696,"Convolvulus lanuginosus",1,2013-05-21,-0.75,39.19,707,"gbif"
"3385",1501434409,"Convolvulus lanuginosus",1,2013-05-21,-0.74,39.19,707,"gbif"
"3386",1501434976,"Convolvulus lanuginosus",1,2013-05-22,-0.72,39.2,707,"gbif"
"3387",1501434023,"Convolvulus lanuginosus",1,2013-05-22,-0.74,39.2,707,"gbif"
"3388",1501433821,"Convolvulus lanuginosus",1,2013-05-22,-0.76,39.19,707,"gbif"
"3389",1501433597,"Convolvulus lanuginosus",1,2013-05-22,-0.8,39.23,707,"gbif"
"3390",1501433239,"Convolvulus lanuginosus",1,2013-05-22,-0.76,39.23,707,"gbif"
"3391",1501432618,"Convolvulus lanuginosus",1,2013-05-22,-0.74,39.21,707,"gbif"
"3392",1501432359,"Convolvulus lanuginosus",1,2013-05-22,-0.76,39.22,707,"gbif"
"3393",1501432331,"Convolvulus lanuginosus",1,2013-05-22,-0.76,39.21,707,"gbif"
"3394",1501431661,"Convolvulus lanuginosus",1,2013-05-22,-0.79,39.22,707,"gbif"
"3395",2476974801,"Convolvulus lanuginosus",1,2013-05-23,5.8078,43.23875,50,"gbif"
"3396",1501436581,"Convolvulus lanuginosus",1,2013-05-23,-0.8,39.27,707,"gbif"
"3397",1501436238,"Convolvulus lanuginosus",1,2013-05-23,-0.79,39.26,707,"gbif"
"3398",1501436048,"Convolvulus lanuginosus",1,2013-05-23,-0.79,39.25,707,"gbif"
"3399",1501434364,"Convolvulus lanuginosus",1,2013-05-23,-0.83,39.19,707,"gbif"
"3400",2477207770,"Convolvulus lanuginosus",1,2013-05-24,5.7921,43.24104,50,"gbif"
"3401",2477190341,"Convolvulus lanuginosus",1,2013-05-24,5.79151,43.2403,50,"gbif"
"3402",2477130673,"Convolvulus lanuginosus",1,2013-05-24,5.79241,43.24005,50,"gbif"
"3403",2476896671,"Convolvulus lanuginosus",1,2013-05-24,5.79545,43.24261,50,"gbif"
"3404",1501662020,"Convolvulus lanuginosus",1,2013-05-26,-0.3,40.09,707,"gbif"
"3405",1501662019,"Convolvulus lanuginosus",1,2013-05-26,-0.3,40.1,707,"gbif"
"3406",1501662010,"Convolvulus lanuginosus",1,2013-05-26,-0.32,40.07,707,"gbif"
"3407",1501661996,"Convolvulus lanuginosus",1,2013-05-26,-0.3,40.11,707,"gbif"
"3408",1501661980,"Convolvulus lanuginosus",1,2013-05-26,-0.24,40.13,707,"gbif"
"3409",1501661974,"Convolvulus lanuginosus",1,2013-05-26,-0.22,40.13,707,"gbif"
"3410",1501661973,"Convolvulus lanuginosus",1,2013-05-26,-0.32,40.08,707,"gbif"
"3411",1501661972,"Convolvulus lanuginosus",1,2013-05-26,-0.24,40.14,707,"gbif"
"3412",1501661962,"Convolvulus lanuginosus",1,2013-05-26,-0.33,40.07,707,"gbif"
"3413",1501661961,"Convolvulus lanuginosus",1,2013-05-26,-0.31,40.07,707,"gbif"
"3414",2477239062,"Convolvulus lanuginosus",1,2013-05-28,5.80115,43.23567,50,"gbif"
"3415",2476982417,"Convolvulus lanuginosus",1,2013-05-28,5.81712,43.22726,50,"gbif"
"3416",2476896070,"Convolvulus lanuginosus",1,2013-05-28,5.80131,43.23547,50,"gbif"
"3417",1501661981,"Convolvulus lanuginosus",1,2013-05-28,-0.9,39.52,707,"gbif"
"3418",1501661976,"Convolvulus lanuginosus",1,2013-05-28,-0.9,39.46,707,"gbif"
"3419",1501661970,"Convolvulus lanuginosus",1,2013-05-28,-0.89,39.46,707,"gbif"
"3420",1501661968,"Convolvulus lanuginosus",1,2013-05-28,-0.9,39.51,707,"gbif"
"3421",1501661964,"Convolvulus lanuginosus",1,2013-05-28,-0.9,39.47,707,"gbif"
"3422",1501661957,"Convolvulus lanuginosus",1,2013-05-28,-0.89,39.51,707,"gbif"
"3423",1501661956,"Convolvulus lanuginosus",1,2013-05-28,-0.91,39.46,707,"gbif"
"3424",1501661935,"Convolvulus lanuginosus",1,2013-05-28,-0.9,39.49,707,"gbif"
"3425",1501661931,"Convolvulus lanuginosus",1,2013-05-28,-0.91,39.52,707,"gbif"
"3426",1501661930,"Convolvulus lanuginosus",1,2013-05-28,-0.95,39.55,707,"gbif"
"3427",1501661929,"Convolvulus lanuginosus",1,2013-05-28,-0.89,39.5,707,"gbif"
"3428",1501661921,"Convolvulus lanuginosus",1,2013-05-28,-0.9,39.5,707,"gbif"
"3429",1501661902,"Convolvulus lanuginosus",1,2013-05-28,-0.95,39.56,707,"gbif"
"3430",1501437485,"Convolvulus lanuginosus",1,2013-05-28,-0.11,38.7,707,"gbif"
"3431",4853715572,"Convolvulus lanuginosus",1,2013-05-29,-0.93,39.31,707,"gbif"
"3432",2840632678,"Convolvulus lanuginosus",1,2013-05-29,-1.488529,38.038577,10,"gbif"
"3433",1501554999,"Convolvulus lanuginosus",1,2013-05-29,-0.99,38.52,707,"gbif"
"3434",2477045246,"Convolvulus lanuginosus",1,2013-05-31,5.80785,43.23902,50,"gbif"
"3435",1501661971,"Convolvulus lanuginosus",1,2013-05-31,-0.54,38.64,707,"gbif"
"3436",1501661947,"Convolvulus lanuginosus",1,2013-05-31,-0.52,38.65,707,"gbif"
"3437",1501661946,"Convolvulus lanuginosus",1,2013-05-31,-0.52,38.64,707,"gbif"
"3438",1501592584,"Convolvulus lanuginosus",1,2013-06-04,-0.92,38.41,707,"gbif"
"3439",1501574826,"Convolvulus lanuginosus",1,2013-06-04,-1.13,39.17,707,"gbif"
"3440",1501554935,"Convolvulus lanuginosus",1,2013-06-05,-1,38.52,707,"gbif"
"3441",4853791001,"Convolvulus lanuginosus",1,2013-06-06,-0.62,39.29,707,"gbif"
"3442",4853738516,"Convolvulus lanuginosus",1,2013-06-06,-0.63,39.29,707,"gbif"
"3443",4853796012,"Convolvulus lanuginosus",1,2013-06-07,-0.6,39.85,707,"gbif"
"3444",1501661901,"Convolvulus lanuginosus",1,2013-06-08,-1.09,39.54,707,"gbif"
"3445",1501661900,"Convolvulus lanuginosus",1,2013-06-08,-1.09,39.53,707,"gbif"
"3446",1501601123,"Convolvulus lanuginosus",1,2013-06-08,-0.67,38.85,707,"gbif"
"3447",4853790980,"Convolvulus lanuginosus",1,2013-06-11,-0.59,39.86,707,"gbif"
"3448",1501598304,"Convolvulus lanuginosus",1,2013-06-13,-0.66,38.78,707,"gbif"
"3449",1501598296,"Convolvulus lanuginosus",1,2013-06-13,-0.68,38.78,707,"gbif"
"3450",1501592817,"Convolvulus lanuginosus",1,2013-06-14,-0.91,38.47,707,"gbif"
"3451",4853796035,"Convolvulus lanuginosus",1,2013-06-17,-0.71,39.86,707,"gbif"
"3452",1501440190,"Convolvulus lanuginosus",1,2013-06-18,-1.04,39.59,707,"gbif"
"3453",1501440011,"Convolvulus lanuginosus",1,2013-06-18,-1.04,39.58,707,"gbif"
"3454",2843414055,"Convolvulus lanuginosus",1,2013-06-19,-1.586959,38.397997,10,"gbif"
"3455",1501661991,"Convolvulus lanuginosus",1,2013-06-19,-0.28,38.7,707,"gbif"
"3456",1501661967,"Convolvulus lanuginosus",1,2013-06-19,-0.29,38.7,707,"gbif"
"3457",1501661960,"Convolvulus lanuginosus",1,2013-06-19,-0.28,38.69,707,"gbif"
"3458",1501661951,"Convolvulus lanuginosus",1,2013-06-19,-0.3,38.7,707,"gbif"
"3459",1501661949,"Convolvulus lanuginosus",1,2013-06-19,-0.32,38.7,707,"gbif"
"3460",1501594947,"Convolvulus lanuginosus",1,2013-06-20,-0.8,38.47,707,"gbif"
"3461",1501574866,"Convolvulus lanuginosus",1,2013-06-20,-1.13,39.15,707,"gbif"
"3462",1501592273,"Convolvulus lanuginosus",1,2013-06-26,-0.93,38.28,707,"gbif"
"3463",1501662024,"Convolvulus lanuginosus",1,2013-06-29,-0.48,40.01,707,"gbif"
"3464",1501661958,"Convolvulus lanuginosus",1,2013-06-29,-0.46,40.01,707,"gbif"
"3465",1501600124,"Convolvulus lanuginosus",1,2013-07-18,-0.74,38.78,707,"gbif"
"3466",1501600106,"Convolvulus lanuginosus",1,2013-07-18,-0.74,38.77,707,"gbif"
"3467",1501600100,"Convolvulus lanuginosus",1,2013-07-18,-0.74,38.76,707,"gbif"
"3468",1501600642,"Convolvulus lanuginosus",1,2013-08-04,-0.32,38.98,707,"gbif"
"3469",1501593957,"Convolvulus lanuginosus",1,2013-08-05,-0.83,38.48,707,"gbif"
"3470",1501593428,"Convolvulus lanuginosus",1,2013-08-07,-0.86,38.45,707,"gbif"
"3471",1501600661,"Convolvulus lanuginosus",1,2013-08-14,-0.3,38.98,707,"gbif"
"3472",1501591627,"Convolvulus lanuginosus",1,2013-08-25,-0.94,38.29,707,"gbif"
"3473",1501591757,"Convolvulus lanuginosus",1,2013-08-26,-0.93,38.46,707,"gbif"
"3474",1501592138,"Convolvulus lanuginosus",1,2013-08-29,-0.94,38.44,707,"gbif"
"3475",1501590762,"Convolvulus lanuginosus",1,2013-09-03,-0.77,38.5,707,"gbif"
"3476",1501661984,"Convolvulus lanuginosus",1,2013-09-11,-0.58,39.83,707,"gbif"
"3477",1501661979,"Convolvulus lanuginosus",1,2013-09-11,-0.56,39.83,707,"gbif"
"3478",1501661954,"Convolvulus lanuginosus",1,2013-09-11,-0.58,39.82,707,"gbif"
"3479",1501594072,"Convolvulus lanuginosus",1,2013-10-11,-0.82,38.4,707,"gbif"
"3480",1501591297,"Convolvulus lanuginosus",1,2013-10-26,-0.99,38.34,707,"gbif"
"3481",1501590802,"Convolvulus lanuginosus",1,2013-10-27,-0.95,38.44,707,"gbif"
"3482",1501594585,"Convolvulus lanuginosus",1,2013-10-28,-0.82,38.49,707,"gbif"
"3483",1501595574,"Convolvulus lanuginosus",1,2013-11-07,-0.78,38.5,707,"gbif"
"3484",1501592683,"Convolvulus lanuginosus",1,2013-11-08,-0.91,38.43,707,"gbif"
"3485",1501593118,"Convolvulus lanuginosus",1,2013-11-11,-0.89,38.44,707,"gbif"
"3486",1501593012,"Convolvulus lanuginosus",1,2013-11-13,-0.9,38.45,707,"gbif"
"3487",1501594212,"Convolvulus lanuginosus",1,2013-11-14,-0.82,38.44,707,"gbif"
"3488",1501599921,"Convolvulus lanuginosus",1,2013-11-22,-0.83,39.52,707,"gbif"
"3489",1501591538,"Convolvulus lanuginosus",1,2013-12-04,-0.97,38.42,707,"gbif"
"3490",1501595986,"Convolvulus lanuginosus",1,2013-12-07,-0.76,38.34,707,"gbif"
"3491",1501616296,"Convolvulus lanuginosus",1,2013-12-08,-0.39,38.84,707,"gbif"
"3492",1501616590,"Convolvulus lanuginosus",1,2013-12-15,-0.29,38.94,707,"gbif"
"3493",1501616741,"Convolvulus lanuginosus",1,2013-12-18,-0.32,38.87,707,"gbif"
"3494",1501616675,"Convolvulus lanuginosus",1,2013-12-18,-0.33,38.87,707,"gbif"
"3495",1501616952,"Convolvulus lanuginosus",1,2013-12-24,-0.32,38.95,707,"gbif"
"3496",1501617009,"Convolvulus lanuginosus",1,2013-12-28,-0.29,38.98,707,"gbif"
"3497",1501617441,"Convolvulus lanuginosus",1,2013-12-31,-0.3,38.99,707,"gbif"
"3498",1501617582,"Convolvulus lanuginosus",1,2014-01-06,-0.29,38.97,707,"gbif"
"3499",1501624622,"Convolvulus lanuginosus",1,2014-01-07,-0.79,38.32,707,"gbif"
"3500",1501617867,"Convolvulus lanuginosus",1,2014-01-13,-0.32,38.99,707,"gbif"
"3501",1501617861,"Convolvulus lanuginosus",1,2014-01-13,-0.32,39,707,"gbif"
"3502",1501631774,"Convolvulus lanuginosus",1,2014-01-20,-0.93,38.39,707,"gbif"
"3503",1501624581,"Convolvulus lanuginosus",1,2014-01-21,-0.84,38.32,707,"gbif"
"3504",1501624608,"Convolvulus lanuginosus",1,2014-01-23,-0.74,38.45,707,"gbif"
"3505",1501624603,"Convolvulus lanuginosus",1,2014-01-30,-0.84,38.31,707,"gbif"
"3506",1501624591,"Convolvulus lanuginosus",1,2014-02-04,-0.75,38.34,707,"gbif"
"3507",1501661992,"Convolvulus lanuginosus",1,2014-02-09,-0.41,39.07,707,"gbif"
"3508",1501624596,"Convolvulus lanuginosus",1,2014-02-14,-0.86,38.32,707,"gbif"
"3509",1501618547,"Convolvulus lanuginosus",1,2014-02-14,-0.58,38.92,707,"gbif"
"3510",1501789938,"Convolvulus lanuginosus",1,2014-02-19,-0.58,39.02,707,"gbif"
"3511",1501789690,"Convolvulus lanuginosus",1,2014-02-19,-0.58,39.03,707,"gbif"
"3512",1501789636,"Convolvulus lanuginosus",1,2014-02-19,-0.58,39.04,707,"gbif"
"3513",1501789242,"Convolvulus lanuginosus",1,2014-02-19,-0.57,39.02,707,"gbif"
"3514",1501789091,"Convolvulus lanuginosus",1,2014-02-19,-0.59,39.04,707,"gbif"
"3515",1501618903,"Convolvulus lanuginosus",1,2014-02-19,-0.54,38.94,707,"gbif"
"3516",1501618866,"Convolvulus lanuginosus",1,2014-02-19,-0.55,38.94,707,"gbif"
"3517",1501624584,"Convolvulus lanuginosus",1,2014-02-21,-0.88,38.3,707,"gbif"
"3518",1501619071,"Convolvulus lanuginosus",1,2014-02-23,-0.5,38.96,707,"gbif"
"3519",1501618997,"Convolvulus lanuginosus",1,2014-02-23,-0.5,38.95,707,"gbif"
"3520",1501791414,"Convolvulus lanuginosus",1,2014-02-27,-0.74,38.99,707,"gbif"
"3521",1501791208,"Convolvulus lanuginosus",1,2014-02-27,-0.73,38.99,707,"gbif"
"3522",1501791006,"Convolvulus lanuginosus",1,2014-02-27,-0.72,39,707,"gbif"
"3523",1501790855,"Convolvulus lanuginosus",1,2014-02-27,-0.71,39,707,"gbif"
"3524",1501790527,"Convolvulus lanuginosus",1,2014-02-27,-0.72,39.01,707,"gbif"
"3525",1501790325,"Convolvulus lanuginosus",1,2014-02-27,-0.7,39,707,"gbif"
"3526",1501624614,"Convolvulus lanuginosus",1,2014-02-27,-0.9,38.34,707,"gbif"
"3527",1501624611,"Convolvulus lanuginosus",1,2014-03-04,-0.91,38.39,707,"gbif"
"3528",1501794364,"Convolvulus lanuginosus",1,2014-03-08,-0.24,38.94,707,"gbif"
"3529",1501794262,"Convolvulus lanuginosus",1,2014-03-08,-0.25,38.95,707,"gbif"
"3530",1501794150,"Convolvulus lanuginosus",1,2014-03-08,-0.26,38.97,707,"gbif"
"3531",1501794036,"Convolvulus lanuginosus",1,2014-03-08,-0.26,38.96,707,"gbif"
"3532",1501793877,"Convolvulus lanuginosus",1,2014-03-08,-0.27,38.96,707,"gbif"
"3533",1501793738,"Convolvulus lanuginosus",1,2014-03-08,-0.28,38.97,707,"gbif"
"3534",1501793209,"Convolvulus lanuginosus",1,2014-03-08,-0.27,38.97,707,"gbif"
"3535",1501619395,"Convolvulus lanuginosus",1,2014-03-09,-0.34,38.95,707,"gbif"
"3536",1501619377,"Convolvulus lanuginosus",1,2014-03-09,-0.33,38.95,707,"gbif"
"3537",1501624627,"Convolvulus lanuginosus",1,2014-03-10,-0.87,38.35,707,"gbif"
"3538",1501624601,"Convolvulus lanuginosus",1,2014-03-12,-0.86,38.31,707,"gbif"
"3539",1501794582,"Convolvulus lanuginosus",1,2014-03-17,-0.94,38.11,707,"gbif"
"3540",1501794480,"Convolvulus lanuginosus",1,2014-03-17,-0.96,38.11,707,"gbif"
"3541",1501796519,"Convolvulus lanuginosus",1,2014-03-22,-0.63,38.91,707,"gbif"
"3542",1501796336,"Convolvulus lanuginosus",1,2014-03-22,-0.63,38.92,707,"gbif"
"3543",1501796138,"Convolvulus lanuginosus",1,2014-03-22,-0.64,38.92,707,"gbif"
"3544",1501795517,"Convolvulus lanuginosus",1,2014-03-22,-0.64,38.93,707,"gbif"
"3545",1501624590,"Convolvulus lanuginosus",1,2014-03-27,-0.87,38.29,707,"gbif"
"3546",1501796994,"Convolvulus lanuginosus",1,2014-03-28,-0.58,39.6,707,"gbif"
"3547",1501624580,"Convolvulus lanuginosus",1,2014-03-29,-0.92,38.44,707,"gbif"
"3548",1501457347,"Convolvulus lanuginosus",1,2014-04-01,-0.22,38.96,707,"gbif"
"3549",1501457305,"Convolvulus lanuginosus",1,2014-04-01,-0.21,38.96,707,"gbif"
"3550",4573879963,"Convolvulus lanuginosus",1,2014-04-02,2.97817,42.8686,410,"gbif"
"3551",4573420263,"Convolvulus lanuginosus",1,2014-04-09,2.62712,42.78268,200,"gbif"
"3552",4438803453,"Convolvulus lanuginosus",1,2014-04-12,5.737047,43.229721,300,"gbif"
"3553",1501806677,"Convolvulus lanuginosus",1,2014-04-17,-0.61,38.93,707,"gbif"
"3554",1501806483,"Convolvulus lanuginosus",1,2014-04-17,-0.62,38.92,707,"gbif"
"3555",1501806272,"Convolvulus lanuginosus",1,2014-04-17,-0.6,38.91,707,"gbif"
"3556",1501806084,"Convolvulus lanuginosus",1,2014-04-17,-0.61,38.91,707,"gbif"
"3557",1501805344,"Convolvulus lanuginosus",1,2014-04-17,-0.61,38.92,707,"gbif"
"3558",1501808033,"Convolvulus lanuginosus",1,2014-04-18,-0.76,39.28,707,"gbif"
"3559",1501807878,"Convolvulus lanuginosus",1,2014-04-18,-0.72,39.28,707,"gbif"
"3560",1501807612,"Convolvulus lanuginosus",1,2014-04-18,-0.72,39.3,707,"gbif"
"3561",1501807550,"Convolvulus lanuginosus",1,2014-04-18,-0.73,39.28,707,"gbif"
"3562",1501807401,"Convolvulus lanuginosus",1,2014-04-18,-0.71,39.3,707,"gbif"
"3563",1501807280,"Convolvulus lanuginosus",1,2014-04-18,-0.71,39.31,707,"gbif"
"3564",1501806842,"Convolvulus lanuginosus",1,2014-04-18,-0.7,39.32,707,"gbif"
"3565",1501620070,"Convolvulus lanuginosus",1,2014-04-19,-0.28,39,707,"gbif"
"3566",4589434336,"Convolvulus lanuginosus",1,2014-04-24,3.04843,43.09026,500,"gbif"
"3567",1501814322,"Convolvulus lanuginosus",1,2014-04-28,-0.58,39.81,707,"gbif"
"3568",1501814151,"Convolvulus lanuginosus",1,2014-04-28,-0.62,39.79,707,"gbif"
"3569",1501813977,"Convolvulus lanuginosus",1,2014-04-28,-0.61,39.79,707,"gbif"
"3570",1501813754,"Convolvulus lanuginosus",1,2014-04-28,-0.6,39.8,707,"gbif"
"3571",1501813630,"Convolvulus lanuginosus",1,2014-04-28,-0.6,39.78,707,"gbif"
"3572",1501813221,"Convolvulus lanuginosus",1,2014-04-28,-0.59,39.78,707,"gbif"
"3573",1501813103,"Convolvulus lanuginosus",1,2014-04-28,-0.55,39.79,707,"gbif"
"3574",1501813005,"Convolvulus lanuginosus",1,2014-04-28,-0.53,39.76,707,"gbif"
"3575",1501812829,"Convolvulus lanuginosus",1,2014-04-28,-0.55,39.78,707,"gbif"
"3576",1501812761,"Convolvulus lanuginosus",1,2014-04-28,-0.54,39.76,707,"gbif"
"3577",1099344222,"Convolvulus lanuginosus",1,2014-05-02,-4.83,36.83,250,"gbif"
"3578",4573903248,"Convolvulus lanuginosus",1,2014-05-03,2.80959,42.76793,501,"gbif"
"3579",4573362477,"Convolvulus lanuginosus",1,2014-05-03,2.81056,42.76287,501,"gbif"
"3580",1501816023,"Convolvulus lanuginosus",1,2014-05-10,-0.97,39.43,707,"gbif"
"3581",1501815965,"Convolvulus lanuginosus",1,2014-05-10,-0.96,39.42,707,"gbif"
"3582",1501815697,"Convolvulus lanuginosus",1,2014-05-10,-0.96,39.4,707,"gbif"
"3583",1501815522,"Convolvulus lanuginosus",1,2014-05-10,-0.97,39.4,707,"gbif"
"3584",1501815263,"Convolvulus lanuginosus",1,2014-05-10,-0.96,39.41,707,"gbif"
"3585",1501815089,"Convolvulus lanuginosus",1,2014-05-10,-0.97,39.41,707,"gbif"
"3586",1501814864,"Convolvulus lanuginosus",1,2014-05-10,-0.97,39.42,707,"gbif"
"3587",1501814758,"Convolvulus lanuginosus",1,2014-05-10,-0.96,39.43,707,"gbif"
"3588",1501814497,"Convolvulus lanuginosus",1,2014-05-10,-0.95,39.43,707,"gbif"
"3589",1501462215,"Convolvulus lanuginosus",1,2014-05-12,-0.89,39.63,707,"gbif"
"3590",1501462055,"Convolvulus lanuginosus",1,2014-05-12,-0.9,39.63,707,"gbif"
"3591",1501467968,"Convolvulus lanuginosus",1,2014-05-13,-0.93,39.59,707,"gbif"
"3592",1501463435,"Convolvulus lanuginosus",1,2014-05-13,-0.89,39.58,707,"gbif"
"3593",1501463241,"Convolvulus lanuginosus",1,2014-05-13,-0.99,39.59,707,"gbif"
"3594",1501466232,"Convolvulus lanuginosus",1,2014-05-14,-0.93,39.63,707,"gbif"
"3595",1501465827,"Convolvulus lanuginosus",1,2014-05-14,-0.96,39.63,707,"gbif"
"3596",1501464744,"Convolvulus lanuginosus",1,2014-05-14,-0.87,39.61,707,"gbif"
"3597",1501464042,"Convolvulus lanuginosus",1,2014-05-14,-0.98,39.61,707,"gbif"
"3598",1501464039,"Convolvulus lanuginosus",1,2014-05-14,-0.92,39.58,707,"gbif"
"3599",1501464011,"Convolvulus lanuginosus",1,2014-05-14,-0.97,39.62,707,"gbif"
"3600",1501463998,"Convolvulus lanuginosus",1,2014-05-14,-0.91,39.57,707,"gbif"
"3601",1501624592,"Convolvulus lanuginosus",1,2014-05-15,-0.94,38.4,707,"gbif"
"3602",1501469923,"Convolvulus lanuginosus",1,2014-05-15,-0.94,39.59,707,"gbif"
"3603",1501469858,"Convolvulus lanuginosus",1,2014-05-15,-0.94,39.58,707,"gbif"
"3604",1501469779,"Convolvulus lanuginosus",1,2014-05-15,-0.96,39.58,707,"gbif"
"3605",1501469716,"Convolvulus lanuginosus",1,2014-05-15,-0.96,39.57,707,"gbif"
"3606",1099343492,"Convolvulus lanuginosus",1,2014-05-15,-4.54,36.61,707,"gbif"
"3607",4853796021,"Convolvulus lanuginosus",1,2014-05-21,-0.85,39.31,707,"gbif"
"3608",4853738498,"Convolvulus lanuginosus",1,2014-05-21,-0.77,39.29,707,"gbif"
"3609",1501469762,"Convolvulus lanuginosus",1,2014-05-21,-0.94,39.6,707,"gbif"
"3610",4547601358,"Convolvulus lanuginosus",1,2014-05-22,3.05306,42.92264,10,"gbif"
"3611",1501818848,"Convolvulus lanuginosus",1,2014-05-23,-0.04,38.67,707,"gbif"
"3612",1501624586,"Convolvulus lanuginosus",1,2014-05-24,-1,38.44,707,"gbif"
"3613",2832498243,"Convolvulus lanuginosus",1,2014-05-31,0.043373,42.217995,10,"gbif"
"3614",1501624616,"Convolvulus lanuginosus",1,2014-05-31,-1.02,38.47,707,"gbif"
"3615",1501826785,"Convolvulus lanuginosus",1,2014-06-01,-0.58,38.81,707,"gbif"
"3616",1501826604,"Convolvulus lanuginosus",1,2014-06-01,-0.64,38.86,707,"gbif"
"3617",1501826474,"Convolvulus lanuginosus",1,2014-06-01,-0.65,38.86,707,"gbif"
"3618",1501826300,"Convolvulus lanuginosus",1,2014-06-01,-0.63,38.82,707,"gbif"
"3619",1501826130,"Convolvulus lanuginosus",1,2014-06-01,-0.71,38.81,707,"gbif"
"3620",1501825874,"Convolvulus lanuginosus",1,2014-06-01,-0.69,38.83,707,"gbif"
"3621",1501825681,"Convolvulus lanuginosus",1,2014-06-01,-0.7,38.83,707,"gbif"
"3622",1501825500,"Convolvulus lanuginosus",1,2014-06-01,-0.71,38.82,707,"gbif"
"3623",1501825334,"Convolvulus lanuginosus",1,2014-06-01,-0.6,38.81,707,"gbif"
"3624",1501624612,"Convolvulus lanuginosus",1,2014-06-01,-0.97,38.46,707,"gbif"
"3625",1501835023,"Convolvulus lanuginosus",1,2014-06-21,-0.92,38.87,707,"gbif"
"3626",1501834818,"Convolvulus lanuginosus",1,2014-06-21,-0.92,38.89,707,"gbif"
"3627",1501834650,"Convolvulus lanuginosus",1,2014-06-21,-0.92,38.88,707,"gbif"
"3628",1501834549,"Convolvulus lanuginosus",1,2014-06-21,-0.9,38.87,707,"gbif"
"3629",1501834364,"Convolvulus lanuginosus",1,2014-06-21,-0.86,38.85,707,"gbif"
"3630",1501834216,"Convolvulus lanuginosus",1,2014-06-21,-0.87,38.87,707,"gbif"
"3631",1501834083,"Convolvulus lanuginosus",1,2014-06-21,-0.86,38.87,707,"gbif"
"3632",1501833979,"Convolvulus lanuginosus",1,2014-06-21,-0.86,38.86,707,"gbif"
"3633",1501833819,"Convolvulus lanuginosus",1,2014-06-21,-0.9,38.85,707,"gbif"
"3634",1501833657,"Convolvulus lanuginosus",1,2014-06-21,-0.89,38.86,707,"gbif"
"3635",1501833518,"Convolvulus lanuginosus",1,2014-06-21,-0.9,38.86,707,"gbif"
"3636",1501833343,"Convolvulus lanuginosus",1,2014-06-21,-0.93,38.85,707,"gbif"
"3637",1501833124,"Convolvulus lanuginosus",1,2014-06-21,-0.89,38.85,707,"gbif"
"3638",1501624604,"Convolvulus lanuginosus",1,2014-06-24,-0.92,38.37,707,"gbif"
"3639",1501624599,"Convolvulus lanuginosus",1,2014-06-26,-0.91,38.3,707,"gbif"
"3640",1501614771,"Convolvulus lanuginosus",1,2014-07-11,-1.02,38.65,707,"gbif"
"3641",1501615092,"Convolvulus lanuginosus",1,2014-07-12,-0.84,38.72,707,"gbif"
"3642",1501624605,"Convolvulus lanuginosus",1,2014-07-23,-0.88,38.39,707,"gbif"
"3643",1501624600,"Convolvulus lanuginosus",1,2014-07-26,-1.06,38.45,707,"gbif"
"3644",4040944615,"Convolvulus lanuginosus",1,2014-09-20,-1,39.45,707,"gbif"
"3645",4040921210,"Convolvulus lanuginosus",1,2014-09-20,-1.02,39.47,707,"gbif"
"3646",4040887805,"Convolvulus lanuginosus",1,2014-09-20,-1.02,39.46,707,"gbif"
"3647",4040887335,"Convolvulus lanuginosus",1,2014-09-20,-0.98,39.44,707,"gbif"
"3648",4040615867,"Convolvulus lanuginosus",1,2014-09-20,-1.03,39.46,707,"gbif"
"3649",4040609902,"Convolvulus lanuginosus",1,2014-09-20,-1.01,39.45,707,"gbif"
"3650",4040600515,"Convolvulus lanuginosus",1,2014-09-20,-1.03,39.47,707,"gbif"
"3651",1501624606,"Convolvulus lanuginosus",1,2014-09-26,-0.84,38.34,707,"gbif"
"3652",4041084852,"Convolvulus lanuginosus",1,2014-10-01,-0.66,39.78,707,"gbif"
"3653",4040944583,"Convolvulus lanuginosus",1,2014-10-01,-0.6,39.77,707,"gbif"
"3654",4040928079,"Convolvulus lanuginosus",1,2014-10-01,-0.61,39.77,707,"gbif"
"3655",4040923949,"Convolvulus lanuginosus",1,2014-10-01,-0.62,39.78,707,"gbif"
"3656",4040574919,"Convolvulus lanuginosus",1,2014-10-01,-0.67,39.78,707,"gbif"
"3657",4040921555,"Convolvulus lanuginosus",1,2014-10-03,-0.56,39.97,707,"gbif"
"3658",4040614309,"Convolvulus lanuginosus",1,2014-10-03,-0.56,39.96,707,"gbif"
"3659",1501624594,"Convolvulus lanuginosus",1,2014-10-09,-0.94,38.32,707,"gbif"
"3660",1501624613,"Convolvulus lanuginosus",1,2014-10-16,-0.9,38.39,707,"gbif"
"3661",1501624609,"Convolvulus lanuginosus",1,2014-10-23,-0.88,38.34,707,"gbif"
"3662",1501624583,"Convolvulus lanuginosus",1,2014-10-26,-0.88,38.33,707,"gbif"
"3663",1501624625,"Convolvulus lanuginosus",1,2014-10-27,-0.97,38.48,707,"gbif"
"3664",1501624628,"Convolvulus lanuginosus",1,2014-10-28,-0.91,38.29,707,"gbif"
"3665",1501624623,"Convolvulus lanuginosus",1,2014-10-31,-0.8,38.49,707,"gbif"
"3666",1501624620,"Convolvulus lanuginosus",1,2014-11-05,-0.99,38.42,707,"gbif"
"3667",1501624607,"Convolvulus lanuginosus",1,2014-11-07,-0.75,38.35,707,"gbif"
"3668",4040947709,"Convolvulus lanuginosus",1,2014-11-08,-0.73,39.12,707,"gbif"
"3669",4040937368,"Convolvulus lanuginosus",1,2014-11-08,-0.74,39.13,707,"gbif"
"3670",4040623311,"Convolvulus lanuginosus",1,2014-11-08,-0.74,39.12,707,"gbif"
"3671",4040621734,"Convolvulus lanuginosus",1,2014-11-08,-0.74,39.11,707,"gbif"
"3672",4040611137,"Convolvulus lanuginosus",1,2014-11-08,-0.75,39.13,707,"gbif"
"3673",4040608805,"Convolvulus lanuginosus",1,2014-11-08,-0.72,39.12,707,"gbif"
"3674",1501624654,"Convolvulus lanuginosus",1,2014-11-08,-0.95,38.36,707,"gbif"
"3675",1501624626,"Convolvulus lanuginosus",1,2014-11-09,-0.99,38.38,707,"gbif"
"3676",1501624637,"Convolvulus lanuginosus",1,2014-11-13,-0.96,38.42,707,"gbif"
"3677",1501624617,"Convolvulus lanuginosus",1,2014-11-19,-0.9,38.36,707,"gbif"
"3678",4040988312,"Convolvulus lanuginosus",1,2014-12-27,0.26,40.37,707,"gbif"
"3679",4040972513,"Convolvulus lanuginosus",1,2014-12-27,0.21,40.41,707,"gbif"
"3680",4040924061,"Convolvulus lanuginosus",1,2014-12-27,0.25,40.39,707,"gbif"
"3681",4040873545,"Convolvulus lanuginosus",1,2014-12-27,0.25,40.36,707,"gbif"
"3682",4040632621,"Convolvulus lanuginosus",1,2014-12-27,0.24,40.41,707,"gbif"
"3683",4040615966,"Convolvulus lanuginosus",1,2014-12-27,0.26,40.39,707,"gbif"
"3684",4040608770,"Convolvulus lanuginosus",1,2014-12-27,0.22,40.41,707,"gbif"
"3685",4040590099,"Convolvulus lanuginosus",1,2014-12-27,0.27,40.37,707,"gbif"
"3686",1501778256,"Convolvulus lanuginosus",1,2015-01-11,-0.28,38.98,707,"gbif"
"3687",4040574268,"Convolvulus lanuginosus",1,2015-01-13,-0.89,38.33,707,"gbif"
"3688",4040595020,"Convolvulus lanuginosus",1,2015-02-02,-1.04,38.41,707,"gbif"
"3689",4040602626,"Convolvulus lanuginosus",1,2015-03-14,-0.99,38.32,707,"gbif"
"3690",4040588769,"Convolvulus lanuginosus",1,2015-03-15,-0.89,38.29,707,"gbif"
"3691",4040595023,"Convolvulus lanuginosus",1,2015-03-20,-0.79,38.29,707,"gbif"
"3692",4040910851,"Convolvulus lanuginosus",1,2015-03-28,-0.94,38.63,707,"gbif"
"3693",4040908293,"Convolvulus lanuginosus",1,2015-03-28,-0.94,38.62,707,"gbif"
"3694",1501776943,"Convolvulus lanuginosus",1,2015-04-03,-0.27,38.86,707,"gbif"
"3695",1501776870,"Convolvulus lanuginosus",1,2015-04-03,-0.29,38.86,707,"gbif"
"3696",1501780027,"Convolvulus lanuginosus",1,2015-04-05,-0.54,38.82,707,"gbif"
"3697",1501779909,"Convolvulus lanuginosus",1,2015-04-05,-0.53,38.82,707,"gbif"
"3698",1501778629,"Convolvulus lanuginosus",1,2015-04-05,-0.56,38.81,707,"gbif"
"3699",1501777362,"Convolvulus lanuginosus",1,2015-04-05,-0.56,38.82,707,"gbif"
"3700",4040924186,"Convolvulus lanuginosus",1,2015-04-09,-0.47,38.99,707,"gbif"
"3701",4040874082,"Convolvulus lanuginosus",1,2015-04-09,-0.47,38.94,707,"gbif"
"3702",4040626503,"Convolvulus lanuginosus",1,2015-04-09,-0.44,39,707,"gbif"
"3703",4040598277,"Convolvulus lanuginosus",1,2015-04-09,-0.48,38.94,707,"gbif"
"3704",4040599522,"Convolvulus lanuginosus",1,2015-04-10,-0.87,38.28,707,"gbif"
"3705",1501635948,"Convolvulus lanuginosus",1,2015-04-14,-0.36,39.08,707,"gbif"
"3706",1501627632,"Convolvulus lanuginosus",1,2015-04-14,-0.37,39.08,707,"gbif"
"3707",1501608562,"Convolvulus lanuginosus",1,2015-04-14,-0.39,39.09,707,"gbif"
"3708",4040881869,"Convolvulus lanuginosus",1,2015-04-17,-1.08,38.35,707,"gbif"
"3709",1501636980,"Convolvulus lanuginosus",1,2015-04-21,-0.37,39.04,707,"gbif"
"3710",1501636479,"Convolvulus lanuginosus",1,2015-04-21,-0.37,39.05,707,"gbif"
"3711",1501636299,"Convolvulus lanuginosus",1,2015-04-21,-0.37,39.06,707,"gbif"
"3712",1501636134,"Convolvulus lanuginosus",1,2015-04-21,-0.38,39.06,707,"gbif"
"3713",4040932000,"Convolvulus lanuginosus",1,2015-04-22,-1.07,38.43,707,"gbif"
"3714",2836081820,"Convolvulus lanuginosus",1,2015-04-23,-3.99123,36.855284,25,"gbif"
"3715",1501632824,"Convolvulus lanuginosus",1,2015-04-23,-0.83,38.71,707,"gbif"
"3716",1501565025,"Convolvulus lanuginosus",1,2015-04-23,-1.09,39.22,707,"gbif"
"3717",3713857528,"Convolvulus lanuginosus",1,2015-04-26,-2.5,36.86,707,"gbif"
"3718",1501634582,"Convolvulus lanuginosus",1,2015-04-28,-0.52,38.36,707,"gbif"
"3719",4587989331,"Convolvulus lanuginosus",1,2015-04-30,3.05905,42.92009,10,"gbif"
"3720",4548584806,"Convolvulus lanuginosus",1,2015-04-30,3.00275,43.06782,10,"gbif"
"3721",4548478962,"Convolvulus lanuginosus",1,2015-04-30,3.00314,43.06459,10,"gbif"
"3722",4548329562,"Convolvulus lanuginosus",1,2015-04-30,3.00336,43.06546,10,"gbif"
"3723",4548315209,"Convolvulus lanuginosus",1,2015-04-30,3.00244,43.06416,10,"gbif"
"3724",4548295087,"Convolvulus lanuginosus",1,2015-04-30,3.00345,43.0652,10,"gbif"
"3725",4548238888,"Convolvulus lanuginosus",1,2015-04-30,3.00209,43.06447,10,"gbif"
"3726",4548010454,"Convolvulus lanuginosus",1,2015-04-30,3.00323,43.06487,10,"gbif"
"3727",4548010360,"Convolvulus lanuginosus",1,2015-04-30,3.00189,43.06485,10,"gbif"
"3728",1501566452,"Convolvulus lanuginosus",1,2015-05-04,-0.17,40.54,707,"gbif"
"3729",1501632926,"Convolvulus lanuginosus",1,2015-05-08,-0.81,38.57,707,"gbif"
"3730",4587802987,"Convolvulus lanuginosus",1,2015-05-14,3.01986,43.02087,10,"gbif"
"3731",4040904384,"Convolvulus lanuginosus",1,2015-05-19,-0.99,38.41,707,"gbif"
"3732",4573431544,"Convolvulus lanuginosus",1,2015-05-20,2.76168,42.76278,501,"gbif"
"3733",3940972885,"Convolvulus lanuginosus",1,2015-05-20,3.0031,42.99423,500,"gbif"
"3734",3940972342,"Convolvulus lanuginosus",1,2015-05-20,3.0076,42.99266,10,"gbif"
"3735",3940964948,"Convolvulus lanuginosus",1,2015-05-20,3.00669,42.99251,500,"gbif"
"3736",4040956783,"Convolvulus lanuginosus",1,2015-05-21,-0.95,39.11,707,"gbif"
"3737",4040924156,"Convolvulus lanuginosus",1,2015-05-21,-0.97,39.13,707,"gbif"
"3738",4040920318,"Convolvulus lanuginosus",1,2015-05-21,-0.94,39.11,707,"gbif"
"3739",4040873914,"Convolvulus lanuginosus",1,2015-05-21,-0.98,39.13,707,"gbif"
"3740",4040858909,"Convolvulus lanuginosus",1,2015-05-21,-0.95,39.1,707,"gbif"
"3741",4040624019,"Convolvulus lanuginosus",1,2015-05-21,-0.97,39.12,707,"gbif"
"3742",4040622346,"Convolvulus lanuginosus",1,2015-05-21,-0.94,39.1,707,"gbif"
"3743",4040598692,"Convolvulus lanuginosus",1,2015-05-21,-0.86,38.47,707,"gbif"
"3744",1501586909,"Convolvulus lanuginosus",1,2015-05-25,-1.12,39.25,707,"gbif"
"3745",4040588770,"Convolvulus lanuginosus",1,2015-05-29,-0.74,38.5,707,"gbif"
"3746",1501777523,"Convolvulus lanuginosus",1,2015-05-29,-0.31,38.88,707,"gbif"
"3747",1265271007,"Convolvulus lanuginosus",1,2015-05-29,-4.85,36.84,415,"gbif"
"3748",4040590937,"Convolvulus lanuginosus",1,2015-06-04,-1.03,38.48,707,"gbif"
"3749",4040599520,"Convolvulus lanuginosus",1,2015-06-05,-0.99,38.5,707,"gbif"
"3750",4040588767,"Convolvulus lanuginosus",1,2015-06-05,-1,38.5,707,"gbif"
"3751",1501779576,"Convolvulus lanuginosus",1,2015-06-10,-0.3,38.89,707,"gbif"
"3752",4040595022,"Convolvulus lanuginosus",1,2015-06-28,-0.9,38.29,707,"gbif"
"3753",4040934023,"Convolvulus lanuginosus",1,2015-07-02,-0.98,38.44,707,"gbif"
"3754",1501635346,"Convolvulus lanuginosus",1,2015-07-03,-1,38.51,707,"gbif"
"3755",4040934022,"Convolvulus lanuginosus",1,2015-07-06,-1.05,38.47,707,"gbif"
"3756",1501636764,"Convolvulus lanuginosus",1,2015-07-09,-1.01,38.65,707,"gbif"
"3757",4040692887,"Convolvulus lanuginosus",1,2015-08-13,-0.47,38.96,707,"gbif"
"3758",4041047769,"Convolvulus lanuginosus",1,2015-08-14,-0.51,38.94,707,"gbif"
"3759",4040932001,"Convolvulus lanuginosus",1,2015-08-14,-0.98,38.43,707,"gbif"
"3760",4040697643,"Convolvulus lanuginosus",1,2015-08-14,-0.51,38.95,707,"gbif"
"3761",4041007096,"Convolvulus lanuginosus",1,2015-08-15,-0.52,38.94,707,"gbif"
"3762",4040595021,"Convolvulus lanuginosus",1,2015-08-16,-0.97,38.43,707,"gbif"
"3763",4040881872,"Convolvulus lanuginosus",1,2015-08-27,-0.86,38.48,707,"gbif"
"3764",4040574267,"Convolvulus lanuginosus",1,2015-08-28,-0.95,38.47,707,"gbif"
"3765",4040596440,"Convolvulus lanuginosus",1,2015-09-09,-0.99,38.4,707,"gbif"
"3766",4040598690,"Convolvulus lanuginosus",1,2015-09-16,-0.98,38.4,707,"gbif"
"3767",4040904386,"Convolvulus lanuginosus",1,2015-09-17,-0.88,38.31,707,"gbif"
"3768",4040934025,"Convolvulus lanuginosus",1,2015-09-18,-0.84,38.29,707,"gbif"
"3769",4040599521,"Convolvulus lanuginosus",1,2015-09-23,-0.94,38.43,707,"gbif"
"3770",4040602627,"Convolvulus lanuginosus",1,2015-09-24,-0.96,38.41,707,"gbif"
"3771",4040911260,"Convolvulus lanuginosus",1,2015-09-27,-0.71,39.07,707,"gbif"
"3772",4040638687,"Convolvulus lanuginosus",1,2015-09-27,-0.79,39.06,707,"gbif"
"3773",4040627154,"Convolvulus lanuginosus",1,2015-09-27,-0.8,39.06,707,"gbif"
"3774",4040627122,"Convolvulus lanuginosus",1,2015-09-27,-0.75,39.08,707,"gbif"
"3775",4040626634,"Convolvulus lanuginosus",1,2015-09-27,-0.79,39.07,707,"gbif"
"3776",4040600786,"Convolvulus lanuginosus",1,2015-09-27,-0.74,39.08,707,"gbif"
"3777",4040589459,"Convolvulus lanuginosus",1,2015-09-27,-0.71,39.08,707,"gbif"
"3778",4040590939,"Convolvulus lanuginosus",1,2015-10-09,-0.9,38.35,707,"gbif"
"3779",4040932002,"Convolvulus lanuginosus",1,2015-10-11,-0.93,38.47,707,"gbif"
"3780",4041080186,"Convolvulus lanuginosus",1,2015-10-16,-0.89,38.3,707,"gbif"
"3781",4040588768,"Convolvulus lanuginosus",1,2015-10-17,-0.96,38.39,707,"gbif"
"3782",4040936279,"Convolvulus lanuginosus",1,2015-10-24,-0.85,39.74,707,"gbif"
"3783",4040935852,"Convolvulus lanuginosus",1,2015-10-24,-0.88,39.74,707,"gbif"
"3784",4040927336,"Convolvulus lanuginosus",1,2015-10-24,-0.86,39.74,707,"gbif"
"3785",4040923989,"Convolvulus lanuginosus",1,2015-10-24,-0.85,39.73,707,"gbif"
"3786",4040623941,"Convolvulus lanuginosus",1,2015-10-24,-0.84,39.73,707,"gbif"
"3787",4040596177,"Convolvulus lanuginosus",1,2015-10-24,-0.86,39.73,707,"gbif"
"3788",4040598691,"Convolvulus lanuginosus",1,2015-10-27,-0.94,38.46,707,"gbif"
"3789",4040590938,"Convolvulus lanuginosus",1,2015-11-02,-0.97,38.47,707,"gbif"
"3790",4040596441,"Convolvulus lanuginosus",1,2015-11-05,-0.68,38.5,707,"gbif"
"3791",4040692874,"Convolvulus lanuginosus",1,2015-11-07,-0.33,38.93,707,"gbif"
"3792",4040692860,"Convolvulus lanuginosus",1,2015-11-10,-0.51,38.83,707,"gbif"
"3793",4040692855,"Convolvulus lanuginosus",1,2015-11-10,-0.52,38.83,707,"gbif"
"3794",4040938695,"Convolvulus lanuginosus",1,2015-11-11,-0.84,39.47,707,"gbif"
"3795",4040957126,"Convolvulus lanuginosus",1,2015-11-14,-0.4,39.92,707,"gbif"
"3796",4040908099,"Convolvulus lanuginosus",1,2015-11-14,-0.4,39.93,707,"gbif"
"3797",4040948383,"Convolvulus lanuginosus",1,2015-11-15,-0.32,39.9,707,"gbif"
"3798",4040946237,"Convolvulus lanuginosus",1,2015-11-15,-0.27,39.9,707,"gbif"
"3799",4040935785,"Convolvulus lanuginosus",1,2015-11-15,-0.21,39.9,707,"gbif"
"3800",4040911846,"Convolvulus lanuginosus",1,2015-11-15,-0.28,39.9,707,"gbif"
"3801",4040630736,"Convolvulus lanuginosus",1,2015-11-15,-0.3,39.9,707,"gbif"
"3802",4040630621,"Convolvulus lanuginosus",1,2015-11-15,-0.26,39.9,707,"gbif"
"3803",4040626683,"Convolvulus lanuginosus",1,2015-11-15,-0.21,39.89,707,"gbif"
"3804",4040603036,"Convolvulus lanuginosus",1,2015-11-15,-0.29,39.9,707,"gbif"
"3805",4040589191,"Convolvulus lanuginosus",1,2015-11-15,-0.29,39.89,707,"gbif"
"3806",4040589171,"Convolvulus lanuginosus",1,2015-11-15,-0.27,39.89,707,"gbif"
"3807",4040589166,"Convolvulus lanuginosus",1,2015-11-15,-0.26,39.89,707,"gbif"
"3808",4040904385,"Convolvulus lanuginosus",1,2015-11-16,-0.95,38.32,707,"gbif"
"3809",4040946447,"Convolvulus lanuginosus",1,2015-11-18,-0.75,39.43,707,"gbif"
"3810",4040946421,"Convolvulus lanuginosus",1,2015-11-18,-0.75,39.44,707,"gbif"
"3811",4040924763,"Convolvulus lanuginosus",1,2015-11-18,-0.74,39.44,707,"gbif"
"3812",4040628860,"Convolvulus lanuginosus",1,2015-11-18,-0.74,39.43,707,"gbif"
"3813",4040612443,"Convolvulus lanuginosus",1,2015-11-18,-0.73,39.44,707,"gbif"
"3814",4040596915,"Convolvulus lanuginosus",1,2015-11-18,-0.74,39.42,707,"gbif"
"3815",4040590940,"Convolvulus lanuginosus",1,2015-11-23,-0.77,38.34,707,"gbif"
"3816",4040602628,"Convolvulus lanuginosus",1,2015-11-30,-0.69,38.42,707,"gbif"
"3817",4041034361,"Convolvulus lanuginosus",1,2015-12-01,-0.33,38.98,707,"gbif"
"3818",4041082004,"Convolvulus lanuginosus",1,2015-12-26,-0.21,39.87,707,"gbif"
"3819",4040625706,"Convolvulus lanuginosus",1,2015-12-26,-0.2,39.87,707,"gbif"
"3820",4040925187,"Convolvulus lanuginosus",1,2016-01-09,-0.28,39.83,707,"gbif"
"3821",4040593092,"Convolvulus lanuginosus",1,2016-01-09,-0.28,39.84,707,"gbif"
"3822",4040912720,"Convolvulus lanuginosus",1,2016-01-29,-0.84,38.36,707,"gbif"
"3823",4040581214,"Convolvulus lanuginosus",1,2016-02-10,-0.99,38.39,707,"gbif"
"3824",4040946881,"Convolvulus lanuginosus",1,2016-03-12,-0.27,38.88,707,"gbif"
"3825",4040905274,"Convolvulus lanuginosus",1,2016-03-12,-0.29,38.88,707,"gbif"
"3826",4040613539,"Convolvulus lanuginosus",1,2016-03-12,-0.26,38.88,707,"gbif"
"3827",4040905279,"Convolvulus lanuginosus",1,2016-03-15,-0.52,38.82,707,"gbif"
"3828",4040616408,"Convolvulus lanuginosus",1,2016-03-15,-0.51,38.82,707,"gbif"
"3829",4040582905,"Convolvulus lanuginosus",1,2016-03-16,-0.91,38.32,707,"gbif"
"3830",4040933504,"Convolvulus lanuginosus",1,2016-03-18,-0.65,38.39,707,"gbif"
"3831",4040683707,"Convolvulus lanuginosus",1,2016-03-18,-0.06,38.56,707,"gbif"
"3832",4040594481,"Convolvulus lanuginosus",1,2016-03-23,-1.01,38.37,707,"gbif"
"3833",2835143654,"Convolvulus lanuginosus",1,2016-04-09,-3.966909,36.830792,10,"gbif"
"3834",1501758143,"Convolvulus lanuginosus",1,2016-04-12,-0.75,38.73,707,"gbif"
"3835",4040897033,"Convolvulus lanuginosus",1,2016-04-15,-0.78,39.27,707,"gbif"
"3836",4040919545,"Convolvulus lanuginosus",1,2016-04-16,-0.78,39.12,707,"gbif"
"3837",4040919533,"Convolvulus lanuginosus",1,2016-04-16,-0.87,39.11,707,"gbif"
"3838",4040618014,"Convolvulus lanuginosus",1,2016-04-16,-0.85,39.1,707,"gbif"
"3839",4040605469,"Convolvulus lanuginosus",1,2016-04-16,-0.89,39.12,707,"gbif"
"3840",4040605458,"Convolvulus lanuginosus",1,2016-04-16,-0.88,39.12,707,"gbif"
"3841",4040604101,"Convolvulus lanuginosus",1,2016-04-16,-0.88,39.11,707,"gbif"
"3842",4041038452,"Convolvulus lanuginosus",1,2016-04-22,-0.29,39.02,707,"gbif"
"3843",4040961392,"Convolvulus lanuginosus",1,2016-04-24,0.42,40.52,707,"gbif"
"3844",1501754568,"Convolvulus lanuginosus",1,2016-04-24,-0.51,39.33,707,"gbif"
"3845",4041083649,"Convolvulus lanuginosus",1,2016-04-25,-0.69,38.33,707,"gbif"
"3846",4040919774,"Convolvulus lanuginosus",1,2016-04-25,-0.67,38.32,707,"gbif"
"3847",4040616913,"Convolvulus lanuginosus",1,2016-04-25,-0.68,38.33,707,"gbif"
"3848",4040616886,"Convolvulus lanuginosus",1,2016-04-25,-0.68,38.32,707,"gbif"
"3849",1501735188,"Convolvulus lanuginosus",1,2016-04-26,-0.74,38.28,707,"gbif"
"3850",1501733433,"Convolvulus lanuginosus",1,2016-04-26,-0.78,38.28,707,"gbif"
"3851",1501733296,"Convolvulus lanuginosus",1,2016-04-26,-0.7,38.32,707,"gbif"
"3852",1501733060,"Convolvulus lanuginosus",1,2016-04-26,-0.7,38.31,707,"gbif"
"3853",2465093916,"Convolvulus lanuginosus",1,2016-04-29,0.57608,41.88311,20,"gbif"
"3854",4040963564,"Convolvulus lanuginosus",1,2016-04-30,-0.57,38.54,707,"gbif"
"3855",4040961496,"Convolvulus lanuginosus",1,2016-04-30,-0.57,38.53,707,"gbif"
"3856",4040961463,"Convolvulus lanuginosus",1,2016-04-30,-0.6,38.55,707,"gbif"
"3857",4040945846,"Convolvulus lanuginosus",1,2016-04-30,-0.57,38.51,707,"gbif"
"3858",4040885782,"Convolvulus lanuginosus",1,2016-04-30,-0.56,38.5,707,"gbif"
"3859",4040629650,"Convolvulus lanuginosus",1,2016-04-30,-0.56,38.52,707,"gbif"
"3860",4040629556,"Convolvulus lanuginosus",1,2016-04-30,-0.58,38.55,707,"gbif"
"3861",4040616940,"Convolvulus lanuginosus",1,2016-04-30,-0.59,38.59,707,"gbif"
"3862",4040612067,"Convolvulus lanuginosus",1,2016-04-30,-0.58,38.59,707,"gbif"
"3863",4040605763,"Convolvulus lanuginosus",1,2016-04-30,-0.58,38.56,707,"gbif"
"3864",2469123002,"Convolvulus lanuginosus",1,2016-05-03,3.10438,43.12871,500,"gbif"
"3865",2469082556,"Convolvulus lanuginosus",1,2016-05-03,3.0921,43.12872,500,"gbif"
"3866",1501781826,"Convolvulus lanuginosus",1,2016-05-03,-0.71,38.88,707,"gbif"
"3867",1501781581,"Convolvulus lanuginosus",1,2016-05-03,-0.72,38.88,707,"gbif"
"3868",1501781353,"Convolvulus lanuginosus",1,2016-05-03,-0.73,38.88,707,"gbif"
"3869",2469079919,"Convolvulus lanuginosus",1,2016-05-04,3.05505,42.9129,500,"gbif"
"3870",4041083821,"Convolvulus lanuginosus",1,2016-05-07,-0.89,38.56,707,"gbif"
"3871",4040964144,"Convolvulus lanuginosus",1,2016-05-07,-0.86,38.56,707,"gbif"
"3872",4040963648,"Convolvulus lanuginosus",1,2016-05-07,-0.85,38.58,707,"gbif"
"3873",4040630711,"Convolvulus lanuginosus",1,2016-05-07,-0.86,38.54,707,"gbif"
"3874",4040629747,"Convolvulus lanuginosus",1,2016-05-07,-0.86,38.55,707,"gbif"
"3875",4040628402,"Convolvulus lanuginosus",1,2016-05-07,-0.84,38.54,707,"gbif"
"3876",1501781146,"Convolvulus lanuginosus",1,2016-05-10,-0.79,38.89,707,"gbif"
"3877",1501780963,"Convolvulus lanuginosus",1,2016-05-10,-0.8,38.89,707,"gbif"
"3878",4587981588,"Convolvulus lanuginosus",1,2016-05-12,3.00131,43.00499,500,"gbif"
"3879",4040629817,"Convolvulus lanuginosus",1,2016-05-18,-1.2,39.05,707,"gbif"
"3880",1501758007,"Convolvulus lanuginosus",1,2016-05-19,-0.92,38.54,707,"gbif"
"3881",4548062552,"Convolvulus lanuginosus",1,2016-05-21,3.00155,43.06614,10,"gbif"
"3882",4548058727,"Convolvulus lanuginosus",1,2016-05-21,3.00316,43.06415,10,"gbif"
"3883",4548052495,"Convolvulus lanuginosus",1,2016-05-21,3.0057,43.06806,10,"gbif"
"3884",4548052441,"Convolvulus lanuginosus",1,2016-05-21,3.00215,43.06537,10,"gbif"
"3885",4548052432,"Convolvulus lanuginosus",1,2016-05-21,3.00351,43.06381,10,"gbif"
"3886",3935468996,"Convolvulus lanuginosus",1,2016-05-21,3.0038,43.06363,10,"gbif"
"3887",3935468967,"Convolvulus lanuginosus",1,2016-05-21,3.00481,43.06807,10,"gbif"
"3888",3935425882,"Convolvulus lanuginosus",1,2016-05-21,3.00267,43.06408,10,"gbif"
"3889",4438853811,"Convolvulus lanuginosus",1,2016-05-23,0.903625,41.909597,27,"gbif"
"3890",4853790989,"Convolvulus lanuginosus",1,2016-05-24,-0.64,39.24,707,"gbif"
"3891",1501758113,"Convolvulus lanuginosus",1,2016-05-25,-0.82,38.72,707,"gbif"
"3892",4549501615,"Convolvulus lanuginosus",1,2016-05-26,2.94842,42.86579,10,"gbif"
"3893",1501752184,"Convolvulus lanuginosus",1,2016-06-10,-0.56,39.39,707,"gbif"
"3894",1501783256,"Convolvulus lanuginosus",1,2016-06-14,-0.17,38.59,707,"gbif"
"3895",1501783097,"Convolvulus lanuginosus",1,2016-06-14,-0.17,38.58,707,"gbif"
"3896",1501782921,"Convolvulus lanuginosus",1,2016-06-14,-0.18,38.59,707,"gbif"
"3897",4040587080,"Convolvulus lanuginosus",1,2016-10-26,-0.94,38.47,707,"gbif"
"3898",4547913093,"Convolvulus lanuginosus",1,2016-10-27,3.05701,42.91092,500,"gbif"
"3899",1501761170,"Convolvulus lanuginosus",1,2016-10-30,-0.59,39.31,707,"gbif"
"3900",4040909812,"Convolvulus lanuginosus",1,2016-11-07,-0.9,38.4,707,"gbif"
"3901",4040881400,"Convolvulus lanuginosus",1,2016-11-27,-0.83,38.27,707,"gbif"
"3902",4040961893,"Convolvulus lanuginosus",1,2016-12-21,-0.65,39.13,707,"gbif"
"3903",4040606072,"Convolvulus lanuginosus",1,2016-12-21,-0.62,39.12,707,"gbif"
"3904",4041084072,"Convolvulus lanuginosus",1,2016-12-26,-0.62,39.32,707,"gbif"
"3905",4040961918,"Convolvulus lanuginosus",1,2016-12-26,-0.64,39.33,707,"gbif"
"3906",4040946180,"Convolvulus lanuginosus",1,2016-12-26,-0.6,39.32,707,"gbif"
"3907",4040628698,"Convolvulus lanuginosus",1,2016-12-26,-0.63,39.32,707,"gbif"
"3908",4040627333,"Convolvulus lanuginosus",1,2016-12-26,-0.63,39.33,707,"gbif"
"3909",4040590387,"Convolvulus lanuginosus",1,2016-12-29,-1,38.39,707,"gbif"
"3910",4040931507,"Convolvulus lanuginosus",1,2016-12-31,-0.73,38.42,707,"gbif"
"3911",4040594683,"Convolvulus lanuginosus",1,2017-02-03,-0.86,38.3,707,"gbif"
"3912",4040931680,"Convolvulus lanuginosus",1,2017-02-06,-0.98,38.48,707,"gbif"
"3913",4040906555,"Convolvulus lanuginosus",1,2017-03-28,-0.39,39.07,707,"gbif"
"3914",4040593874,"Convolvulus lanuginosus",1,2017-03-28,-0.39,39.06,707,"gbif"
"3915",3355070309,"Convolvulus lanuginosus",1,2017-04-01,0.006867,40.040101,8,"gbif"
"3916",4568048544,"Convolvulus lanuginosus",1,2017-04-02,3.00389,42.89706,10,"gbif"
"3917",3873564548,"Convolvulus lanuginosus",1,2017-04-14,0.896092,41.908618,4,"gbif"
"3918",2469114046,"Convolvulus lanuginosus",1,2017-04-18,2.96939,42.95787,500,"gbif"
"3919",4040720185,"Convolvulus lanuginosus",1,2017-04-22,-0.32,39.1,707,"gbif"
"3920",4040443179,"Convolvulus lanuginosus",1,2017-04-23,-0.8,38.72,707,"gbif"
"3921",4587979367,"Convolvulus lanuginosus",1,2017-04-28,2.87196,43.01791,500,"gbif"
"3922",4587972791,"Convolvulus lanuginosus",1,2017-04-28,2.87468,43.03262,10,"gbif"
"3923",1668798183,"Convolvulus lanuginosus",1,2017-04-30,0.001483,40.041699,6,"gbif"
"3924",3031911710,"Convolvulus lanuginosus",1,2017-05-05,-2.609518,36.897582,61,"gbif"
"3925",4988517165,"Convolvulus lanuginosus",1,2017-05-10,0.01,40.49,707,"gbif"
"3926",4544945159,"Convolvulus lanuginosus",1,2017-05-11,2.95372,42.90448,10,"gbif"
"3927",4588144911,"Convolvulus lanuginosus",1,2017-05-15,3.07626,43.09145,10,"gbif"
"3928",4588096228,"Convolvulus lanuginosus",1,2017-05-15,3.07623,43.09076,10,"gbif"
"3929",4040468309,"Convolvulus lanuginosus",1,2017-05-15,-0.75,38.75,707,"gbif"
"3930",5004416546,"Convolvulus lanuginosus",1,2017-05-16,-3.53306,37.05194,20,"gbif"
"3931",2476707058,"Convolvulus lanuginosus",1,2017-05-16,2.75357,42.78444,1,"gbif"
"3932",4040820413,"Convolvulus lanuginosus",1,2017-05-19,-0.76,38.74,707,"gbif"
"3933",2469097212,"Convolvulus lanuginosus",1,2017-05-19,3.00612,42.98486,500,"gbif"
"3934",2469080055,"Convolvulus lanuginosus",1,2017-05-19,3.00613,42.99385,500,"gbif"
"3935",4041016505,"Convolvulus lanuginosus",1,2017-05-22,-1.14,39.25,707,"gbif"
"3936",4040782389,"Convolvulus lanuginosus",1,2017-05-22,-1.14,39.24,707,"gbif"
"3937",4040476440,"Convolvulus lanuginosus",1,2017-05-22,-1.05,39.22,707,"gbif"
"3938",4040808555,"Convolvulus lanuginosus",1,2017-05-23,-0.77,38.73,707,"gbif"
"3939",4040805616,"Convolvulus lanuginosus",1,2017-05-23,-1.17,39.26,707,"gbif"
"3940",4040782760,"Convolvulus lanuginosus",1,2017-05-24,-1.08,39.28,707,"gbif"
"3941",4040763748,"Convolvulus lanuginosus",1,2017-05-24,-1.16,39.24,707,"gbif"
"3942",4040468788,"Convolvulus lanuginosus",1,2017-05-24,-1.04,39.25,707,"gbif"
"3943",4040468706,"Convolvulus lanuginosus",1,2017-05-25,-0.81,38.72,707,"gbif"
"3944",3954822090,"Convolvulus lanuginosus",1,2017-05-28,-0.406885,39.70056,19,"gbif"
"3945",4040751793,"Convolvulus lanuginosus",1,2017-05-29,-1.17,39.17,707,"gbif"
"3946",2469121899,"Convolvulus lanuginosus",1,2017-09-22,3.1044,43.1377,500,"gbif"
"3947",4040933690,"Convolvulus lanuginosus",1,2017-12-02,-0.92,38.39,707,"gbif"
"3948",4040881566,"Convolvulus lanuginosus",1,2017-12-03,-0.98,38.39,707,"gbif"
"3949",4040633904,"Convolvulus lanuginosus",1,2018-01-02,-0.72,38.41,707,"gbif"
"3950",4040950513,"Convolvulus lanuginosus",1,2018-01-12,-1.03,38.46,707,"gbif"
"3951",4040643800,"Convolvulus lanuginosus",1,2018-02-14,-0.69,38.47,707,"gbif"
"3952",4040645167,"Convolvulus lanuginosus",1,2018-03-22,-0.77,38.51,707,"gbif"
"3953",2833233184,"Convolvulus lanuginosus",1,2018-04-09,-4.416189,36.768764,100,"gbif"
"3954",4040955671,"Convolvulus lanuginosus",1,2018-04-10,-0.53,38.21,707,"gbif"
"3955",4040900456,"Convolvulus lanuginosus",1,2018-04-10,-0.54,38.2,707,"gbif"
"3956",4040900444,"Convolvulus lanuginosus",1,2018-04-10,-0.55,38.2,707,"gbif"
"3957",4040620517,"Convolvulus lanuginosus",1,2018-04-10,-0.54,38.21,707,"gbif"
"3958",4040635089,"Convolvulus lanuginosus",1,2018-04-13,-0.73,38.44,707,"gbif"
"3959",4573779947,"Convolvulus lanuginosus",1,2018-04-16,2.92962,42.85531,200,"gbif"
"3960",4040960586,"Convolvulus lanuginosus",1,2018-04-17,0.01,38.76,707,"gbif"
"3961",4040936661,"Convolvulus lanuginosus",1,2018-04-17,0,38.76,707,"gbif"
"3962",4040620587,"Convolvulus lanuginosus",1,2018-04-17,0.01,38.77,707,"gbif"
"3963",4510080361,"Convolvulus lanuginosus",1,2018-04-18,-2.122433,36.84148,15,"gbif"
"3964",4041085596,"Convolvulus lanuginosus",1,2018-04-24,-0.04,38.71,707,"gbif"
"3965",4041085561,"Convolvulus lanuginosus",1,2018-04-24,-0.05,38.7,707,"gbif"
"3966",4040970445,"Convolvulus lanuginosus",1,2018-04-24,-0.67,38.51,707,"gbif"
"3967",4040960623,"Convolvulus lanuginosus",1,2018-04-24,-0.06,38.71,707,"gbif"
"3968",4040629100,"Convolvulus lanuginosus",1,2018-04-24,-0.06,38.7,707,"gbif"
"3969",4040627846,"Convolvulus lanuginosus",1,2018-04-24,-0.05,38.71,707,"gbif"
"3970",4573651452,"Convolvulus lanuginosus",1,2018-04-26,2.71275,42.77167,501,"gbif"
"3971",2645113831,"Convolvulus lanuginosus",1,2018-04-30,-0.244461,39.189589,17,"gbif"
"3972",4040960777,"Convolvulus lanuginosus",1,2018-05-08,0.33,40.34,707,"gbif"
"3973",4040634517,"Convolvulus lanuginosus",1,2018-05-08,0.32,40.34,707,"gbif"
"3974",4040631166,"Convolvulus lanuginosus",1,2018-05-08,0.33,40.33,707,"gbif"
"3975",4040497894,"Convolvulus lanuginosus",1,2018-05-09,0.28,40.61,707,"gbif"
"3976",2643499420,"Convolvulus lanuginosus",1,2018-05-15,1.374641,41.347941,24,"gbif"
"3977",4550863377,"Convolvulus lanuginosus",1,2018-05-20,3.09027,43.13666,500,"gbif"
"3978",4040529620,"Convolvulus lanuginosus",1,2018-05-22,0.14,38.81,707,"gbif"
"3979",3939840725,"Convolvulus lanuginosus",1,2018-05-22,3.01139,42.99016,10,"gbif"
"3980",3939797214,"Convolvulus lanuginosus",1,2018-05-22,3.01046,42.99084,10,"gbif"
"3981",3939788201,"Convolvulus lanuginosus",1,2018-05-22,3.01088,42.99063,10,"gbif"
"3982",2469129656,"Convolvulus lanuginosus",1,2018-05-25,2.90831,42.86791,500,"gbif"
"3983",4040880963,"Convolvulus lanuginosus",1,2018-05-27,-0.79,38.72,707,"gbif"
"3984",3957579735,"Convolvulus lanuginosus",1,2018-05-27,-4.317379,37.255889,10,"gbif"
"3985",3955517454,"Convolvulus lanuginosus",1,2018-05-27,-4.386507,36.725446,10,"gbif"
"3986",2840595886,"Convolvulus lanuginosus",1,2018-05-29,-2.100981,37.693151,10,"gbif"
"3987",2833072955,"Convolvulus lanuginosus",1,2018-05-30,3.059557,42.918117,100,"gbif"
"3988",4040639573,"Convolvulus lanuginosus",1,2018-06-01,-0.68,38.49,707,"gbif"
"3989",2843250773,"Convolvulus lanuginosus",1,2018-06-03,3.104473,43.132252,25,"gbif"
"3990",2521357088,"Convolvulus lanuginosus",1,2018-06-21,-2.8804,36.9693,70.71,"gbif"
"3991",3939787428,"Convolvulus lanuginosus",1,2018-07-05,3.00688,42.98792,10,"gbif"
"3992",3939742637,"Convolvulus lanuginosus",1,2018-07-05,3.00643,42.9889,10,"gbif"
"3993",4588029675,"Convolvulus lanuginosus",1,2018-09-04,3.11091,43.14576,10,"gbif"
"3994",4040646808,"Convolvulus lanuginosus",1,2018-09-07,-0.93,38.37,707,"gbif"
"3995",4040925981,"Convolvulus lanuginosus",1,2018-11-16,-0.9,38.47,707,"gbif"
"3996",4041058794,"Convolvulus lanuginosus",1,2018-12-08,-0.41,39.86,707,"gbif"
"3997",4040755292,"Convolvulus lanuginosus",1,2018-12-08,-0.46,39.85,707,"gbif"
"3998",4040745417,"Convolvulus lanuginosus",1,2018-12-08,-0.45,39.85,707,"gbif"
"3999",4040737882,"Convolvulus lanuginosus",1,2018-12-08,-0.46,39.84,707,"gbif"
"4000",4040642640,"Convolvulus lanuginosus",1,2018-12-18,-1.01,38.41,707,"gbif"
"4001",3942710322,"Convolvulus lanuginosus",1,2018-12-29,3.00335,42.89648,10,"gbif"
"4002",4040470769,"Convolvulus lanuginosus",1,2019-01-25,-0.71,38.43,707,"gbif"
"4003",4040940670,"Convolvulus lanuginosus",1,2019-02-19,-0.26,39.77,707,"gbif"
"4004",4040692375,"Convolvulus lanuginosus",1,2019-02-19,-0.25,39.77,707,"gbif"
"4005",4040670984,"Convolvulus lanuginosus",1,2019-02-19,-0.24,39.77,707,"gbif"
"4006",4040741121,"Convolvulus lanuginosus",1,2019-03-03,-0.58,39.91,707,"gbif"
"4007",4040486973,"Convolvulus lanuginosus",1,2019-03-07,-0.89,38.42,707,"gbif"
"4008",4040958983,"Convolvulus lanuginosus",1,2019-03-11,-0.68,39.5,707,"gbif"
"4009",4040678017,"Convolvulus lanuginosus",1,2019-03-11,-0.63,39.52,707,"gbif"
"4010",4040671206,"Convolvulus lanuginosus",1,2019-03-11,-0.67,39.5,707,"gbif"
"4011",4040669607,"Convolvulus lanuginosus",1,2019-03-11,-0.64,39.52,707,"gbif"
"4012",4040665433,"Convolvulus lanuginosus",1,2019-03-11,-0.63,39.53,707,"gbif"
"4013",3477656039,"Convolvulus lanuginosus",1,2019-03-29,3.01835,42.89493,500,"gbif"
"4014",4041014145,"Convolvulus lanuginosus",1,2019-03-30,-0.79,39.36,707,"gbif"
"4015",4040753388,"Convolvulus lanuginosus",1,2019-03-30,-0.78,39.37,707,"gbif"
"4016",3952023188,"Convolvulus lanuginosus",1,2019-03-30,-0.49861,39.539395,6,"gbif"
"4017",4040958935,"Convolvulus lanuginosus",1,2019-04-03,-0.28,38.96,707,"gbif"
"4018",4040940331,"Convolvulus lanuginosus",1,2019-04-03,-0.27,38.95,707,"gbif"
"4019",4040692563,"Convolvulus lanuginosus",1,2019-04-03,-0.28,38.95,707,"gbif"
"4020",5051923332,"Convolvulus lanuginosus",1,2019-04-05,-4.6,36.58,1,"gbif"
"4021",4041019491,"Convolvulus lanuginosus",1,2019-04-09,0.4,40.49,707,"gbif"
"4022",4041006688,"Convolvulus lanuginosus",1,2019-04-09,0.37,40.49,707,"gbif"
"4023",4041001809,"Convolvulus lanuginosus",1,2019-04-09,0.37,40.5,707,"gbif"
"4024",4040973755,"Convolvulus lanuginosus",1,2019-04-09,0.39,40.49,707,"gbif"
"4025",4040691480,"Convolvulus lanuginosus",1,2019-04-09,0.36,40.5,707,"gbif"
"4026",4040683582,"Convolvulus lanuginosus",1,2019-04-09,0.4,40.48,707,"gbif"
"4027",4040663485,"Convolvulus lanuginosus",1,2019-04-09,0.36,40.49,707,"gbif"
"4028",2643533278,"Convolvulus lanuginosus",1,2019-04-10,5.4231,43.313827,5,"gbif"
"4029",3952021054,"Convolvulus lanuginosus",1,2019-04-12,-1.094757,37.915157,124,"gbif"
"4030",4041056074,"Convolvulus lanuginosus",1,2019-04-16,-0.82,38.89,707,"gbif"
"4031",4040744613,"Convolvulus lanuginosus",1,2019-04-16,-0.8,38.9,707,"gbif"
"4032",4041068249,"Convolvulus lanuginosus",1,2019-04-24,-0.6,39.52,707,"gbif"
"4033",4040737730,"Convolvulus lanuginosus",1,2019-04-24,-0.6,39.51,707,"gbif"
"4034",3957937260,"Convolvulus lanuginosus",1,2019-04-24,-0.515247,39.887479,10,"gbif"
"4035",3953507438,"Convolvulus lanuginosus",1,2019-04-25,0.273157,40.318531,8,"gbif"
"4036",2974261128,"Convolvulus lanuginosus",1,2019-04-25,0.86768,41.431262,4,"gbif"
"4037",4919502233,"Convolvulus lanuginosus",1,2019-04-27,0.76466,41.87347,488,"gbif"
"4038",3940840885,"Convolvulus lanuginosus",1,2019-04-29,3.00284,42.89637,10,"gbif"
"4039",3957534679,"Convolvulus lanuginosus",1,2019-04-30,5.666867,43.186576,12,"gbif"
"4040",3956475685,"Convolvulus lanuginosus",1,2019-04-30,5.656808,43.188339,32,"gbif"
"4041",4041102921,"Convolvulus lanuginosus",1,2019-05-01,-0.92,38.57,707,"gbif"
"4042",4041101559,"Convolvulus lanuginosus",1,2019-05-01,-0.99,38.56,707,"gbif"
"4043",4041075741,"Convolvulus lanuginosus",1,2019-05-01,-1.01,38.51,707,"gbif"
"4044",4041063931,"Convolvulus lanuginosus",1,2019-05-01,-1.02,38.51,707,"gbif"
"4045",4040774840,"Convolvulus lanuginosus",1,2019-05-01,-1,38.53,707,"gbif"
"4046",4040757311,"Convolvulus lanuginosus",1,2019-05-01,-0.97,38.57,707,"gbif"
"4047",4040752493,"Convolvulus lanuginosus",1,2019-05-01,-0.93,38.57,707,"gbif"
"4048",4040746733,"Convolvulus lanuginosus",1,2019-05-01,-0.93,38.56,707,"gbif"
"4049",4040746270,"Convolvulus lanuginosus",1,2019-05-01,-0.99,38.55,707,"gbif"
"4050",3477651471,"Convolvulus lanuginosus",1,2019-05-01,3.00612,42.89493,500,"gbif"
"4051",3477616802,"Convolvulus lanuginosus",1,2019-05-01,3.01837,42.98486,500,"gbif"
"4052",3952121334,"Convolvulus lanuginosus",1,2019-05-02,5.615702,43.222607,30,"gbif"
"4053",4587952821,"Convolvulus lanuginosus",1,2019-05-05,3.05118,43.08865,10,"gbif"
"4054",4041074861,"Convolvulus lanuginosus",1,2019-05-06,0.31,40.32,707,"gbif"
"4055",4040760716,"Convolvulus lanuginosus",1,2019-05-06,0.33,40.31,707,"gbif"
"4056",4040752350,"Convolvulus lanuginosus",1,2019-05-06,0.33,40.32,707,"gbif"
"4057",4040656423,"Convolvulus lanuginosus",1,2019-05-06,0.32,40.31,707,"gbif"
"4058",4040993874,"Convolvulus lanuginosus",1,2019-05-07,0.28,40.31,707,"gbif"
"4059",4040976044,"Convolvulus lanuginosus",1,2019-05-07,0.35,40.3,707,"gbif"
"4060",4040912360,"Convolvulus lanuginosus",1,2019-05-07,0.3,40.33,707,"gbif"
"4061",4040867807,"Convolvulus lanuginosus",1,2019-05-07,0.28,40.32,707,"gbif"
"4062",4040586643,"Convolvulus lanuginosus",1,2019-05-07,0.37,40.36,707,"gbif"
"4063",4040584533,"Convolvulus lanuginosus",1,2019-05-07,0.29,40.33,707,"gbif"
"4064",4040582528,"Convolvulus lanuginosus",1,2019-05-07,0.3,40.31,707,"gbif"
"4065",4040575938,"Convolvulus lanuginosus",1,2019-05-07,0.3,40.32,707,"gbif"
"4066",4040573327,"Convolvulus lanuginosus",1,2019-05-07,0.29,40.31,707,"gbif"
"4067",4040965346,"Convolvulus lanuginosus",1,2019-05-08,0.35,40.31,707,"gbif"
"4068",4040648710,"Convolvulus lanuginosus",1,2019-05-08,0.34,40.35,707,"gbif"
"4069",1500722371,"Convolvulus lanuginosus",1,2019-05-08,0.33,40.36,707,"gbif"
"4070",4040941855,"Convolvulus lanuginosus",1,2019-05-09,-1.02,38.66,707,"gbif"
"4071",3951973072,"Convolvulus lanuginosus",1,2019-05-09,1.935701,41.372859,10,"gbif"
"4072",4041064132,"Convolvulus lanuginosus",1,2019-05-12,-0.93,39.68,707,"gbif"
"4073",4040795576,"Convolvulus lanuginosus",1,2019-05-12,-0.88,39.71,707,"gbif"
"4074",4040771192,"Convolvulus lanuginosus",1,2019-05-12,-0.87,39.72,707,"gbif"
"4075",4040770783,"Convolvulus lanuginosus",1,2019-05-12,-0.92,39.7,707,"gbif"
"4076",4040759547,"Convolvulus lanuginosus",1,2019-05-12,-0.89,39.71,707,"gbif"
"4077",4040746052,"Convolvulus lanuginosus",1,2019-05-12,-0.93,39.7,707,"gbif"
"4078",4040965403,"Convolvulus lanuginosus",1,2019-05-13,-0.97,38.62,707,"gbif"
"4079",4040662741,"Convolvulus lanuginosus",1,2019-05-13,-1.11,39.2,707,"gbif"
"4080",2644872206,"Convolvulus lanuginosus",1,2019-05-13,-1.126419,37.932076,5,"gbif"
"4081",4040800557,"Convolvulus lanuginosus",1,2019-05-16,-0.31,39.04,707,"gbif"
"4082",3477660258,"Convolvulus lanuginosus",1,2019-05-16,3.05506,42.92189,500,"gbif"
"4083",4589455274,"Convolvulus lanuginosus",1,2019-05-22,3.00173,43.06907,10,"gbif"
"4084",4589192232,"Convolvulus lanuginosus",1,2019-05-22,3.00294,43.06376,10,"gbif"
"4085",4041101821,"Convolvulus lanuginosus",1,2019-05-22,-1.21,39.06,707,"gbif"
"4086",4041100119,"Convolvulus lanuginosus",1,2019-05-22,-1.25,39.08,707,"gbif"
"4087",4041073418,"Convolvulus lanuginosus",1,2019-05-22,-1.25,39.07,707,"gbif"
"4088",4041067763,"Convolvulus lanuginosus",1,2019-05-22,-1.26,39.08,707,"gbif"
"4089",4041067396,"Convolvulus lanuginosus",1,2019-05-22,-0.84,38.95,707,"gbif"
"4090",4041059271,"Convolvulus lanuginosus",1,2019-05-22,-1.2,39.06,707,"gbif"
"4091",4041059073,"Convolvulus lanuginosus",1,2019-05-22,-1.23,39.07,707,"gbif"
"4092",4040812431,"Convolvulus lanuginosus",1,2019-05-22,-1.24,39.1,707,"gbif"
"4093",4040774621,"Convolvulus lanuginosus",1,2019-05-22,-0.82,38.96,707,"gbif"
"4094",4040770622,"Convolvulus lanuginosus",1,2019-05-22,-1.2,39.07,707,"gbif"
"4095",4040762475,"Convolvulus lanuginosus",1,2019-05-22,-1.23,39.08,707,"gbif"
"4096",4040750571,"Convolvulus lanuginosus",1,2019-05-22,-1.17,39.11,707,"gbif"
"4097",4040731201,"Convolvulus lanuginosus",1,2019-05-22,-1.18,39.1,707,"gbif"
"4098",4040446744,"Convolvulus lanuginosus",1,2019-05-22,-1.2,39.09,707,"gbif"
"4099",3957583707,"Convolvulus lanuginosus",1,2019-05-23,3.002854,43.064008,4,"gbif"
"4100",2838110548,"Convolvulus lanuginosus",1,2019-05-24,-3.20328,36.800763,10,"gbif"
"4101",4041068137,"Convolvulus lanuginosus",1,2019-05-26,-0.73,39.01,707,"gbif"
"4102",4041052664,"Convolvulus lanuginosus",1,2019-05-26,-0.79,38.99,707,"gbif"
"4103",4041013646,"Convolvulus lanuginosus",1,2019-05-26,-0.74,39,707,"gbif"
"4104",4040774745,"Convolvulus lanuginosus",1,2019-05-26,-0.82,39,707,"gbif"
"4105",4040770721,"Convolvulus lanuginosus",1,2019-05-26,-0.85,39.01,707,"gbif"
"4106",4040759597,"Convolvulus lanuginosus",1,2019-05-26,-0.75,39,707,"gbif"
"4107",4040759429,"Convolvulus lanuginosus",1,2019-05-26,-0.85,39,707,"gbif"
"4108",4040752783,"Convolvulus lanuginosus",1,2019-05-26,-0.86,39.03,707,"gbif"
"4109",4040745746,"Convolvulus lanuginosus",1,2019-05-26,-0.77,39,707,"gbif"
"4110",4040438476,"Convolvulus lanuginosus",1,2019-05-26,-0.86,39.02,707,"gbif"
"4111",2844592962,"Convolvulus lanuginosus",1,2019-05-29,2.731467,43.171467,25,"gbif"
"4112",4041089999,"Convolvulus lanuginosus",1,2019-05-30,-1.14,39.61,707,"gbif"
"4113",4041020213,"Convolvulus lanuginosus",1,2019-05-30,-1.13,39.6,707,"gbif"
"4114",4041006900,"Convolvulus lanuginosus",1,2019-05-30,-1.14,39.6,707,"gbif"
"4115",4041006886,"Convolvulus lanuginosus",1,2019-05-30,-1.15,39.6,707,"gbif"
"4116",4041006198,"Convolvulus lanuginosus",1,2019-05-30,-1.17,39.6,707,"gbif"
"4117",4040991128,"Convolvulus lanuginosus",1,2019-05-30,-1.13,39.62,707,"gbif"
"4118",4040980555,"Convolvulus lanuginosus",1,2019-05-30,-1.12,39.61,707,"gbif"
"4119",4040973778,"Convolvulus lanuginosus",1,2019-05-30,-1.17,39.61,707,"gbif"
"4120",4040691332,"Convolvulus lanuginosus",1,2019-05-30,-1.12,39.6,707,"gbif"
"4121",4040683341,"Convolvulus lanuginosus",1,2019-05-30,-1.12,39.62,707,"gbif"
"4122",4040677633,"Convolvulus lanuginosus",1,2019-05-30,-1.15,39.61,707,"gbif"
"4123",4040665316,"Convolvulus lanuginosus",1,2019-05-30,-1.13,39.61,707,"gbif"
"4124",4040665159,"Convolvulus lanuginosus",1,2019-05-30,-1.14,39.62,707,"gbif"
"4125",4040992132,"Convolvulus lanuginosus",1,2019-05-31,-1.01,38.66,707,"gbif"
"4126",4040648824,"Convolvulus lanuginosus",1,2019-06-03,-0.74,38.66,707,"gbif"
"4127",2813052310,"Convolvulus lanuginosus",1,2019-06-03,1.83111,41.58806,200,"gbif"
"4128",4040655670,"Convolvulus lanuginosus",1,2019-06-04,-1,38.63,707,"gbif"
"4129",4040812383,"Convolvulus lanuginosus",1,2019-06-05,-0.96,39.77,707,"gbif"
"4130",4040455823,"Convolvulus lanuginosus",1,2019-06-05,-0.95,39.79,707,"gbif"
"4131",4040440058,"Convolvulus lanuginosus",1,2019-06-05,-0.95,39.78,707,"gbif"
"4132",3956633312,"Convolvulus lanuginosus",1,2019-06-05,2.921585,42.639083,10,"gbif"
"4133",4545122164,"Convolvulus lanuginosus",1,2019-06-06,3.01218,42.99418,10,"gbif"
"4134",4545121787,"Convolvulus lanuginosus",1,2019-06-06,3.01163,42.99436,10,"gbif"
"4135",4544991984,"Convolvulus lanuginosus",1,2019-06-06,3.00423,43.00339,10,"gbif"
"4136",4544972215,"Convolvulus lanuginosus",1,2019-06-06,3.01193,42.99452,10,"gbif"
"4137",4040914073,"Convolvulus lanuginosus",1,2019-06-08,0.27,40.27,707,"gbif"
"4138",4040912425,"Convolvulus lanuginosus",1,2019-06-08,0.28,40.29,707,"gbif"
"4139",4040855396,"Convolvulus lanuginosus",1,2019-06-08,0.28,40.28,707,"gbif"
"4140",4040655738,"Convolvulus lanuginosus",1,2019-06-08,-0.53,39.37,707,"gbif"
"4141",4040583865,"Convolvulus lanuginosus",1,2019-06-08,0.29,40.3,707,"gbif"
"4142",4040580814,"Convolvulus lanuginosus",1,2019-06-08,0.28,40.27,707,"gbif"
"4143",1502224349,"Convolvulus lanuginosus",1,2019-06-08,0.28,40.26,707,"gbif"
"4144",1500743161,"Convolvulus lanuginosus",1,2019-06-08,0.29,40.28,707,"gbif"
"4145",1500416575,"Convolvulus lanuginosus",1,2019-06-08,0.29,40.29,707,"gbif"
"4146",1500411018,"Convolvulus lanuginosus",1,2019-06-08,0.27,40.26,707,"gbif"
"4147",3477660250,"Convolvulus lanuginosus",1,2019-06-13,3.01838,42.99385,500,"gbif"
"4148",3355512340,"Convolvulus lanuginosus",1,2019-06-18,-0.542807,39.885923,6,"gbif"
"4149",3355467333,"Convolvulus lanuginosus",1,2019-06-18,-0.542792,39.885945,5,"gbif"
"4150",4041055630,"Convolvulus lanuginosus",1,2019-09-17,-0.08,40.31,707,"gbif"
"4151",4040743674,"Convolvulus lanuginosus",1,2019-09-17,-0.05,40.31,707,"gbif"
"4152",4040743667,"Convolvulus lanuginosus",1,2019-09-17,-0.08,40.3,707,"gbif"
"4153",4040743654,"Convolvulus lanuginosus",1,2019-09-17,-0.06,40.3,707,"gbif"
"4154",4040729184,"Convolvulus lanuginosus",1,2019-09-17,-0.06,40.31,707,"gbif"
"4155",4040795618,"Convolvulus lanuginosus",1,2019-09-18,-0.87,38.84,707,"gbif"
"4156",4040795583,"Convolvulus lanuginosus",1,2019-09-18,-0.87,38.85,707,"gbif"
"4157",4040812656,"Convolvulus lanuginosus",1,2019-10-02,-0.68,39.4,707,"gbif"
"4158",4040795641,"Convolvulus lanuginosus",1,2019-10-02,-0.67,39.4,707,"gbif"
"4159",4040787566,"Convolvulus lanuginosus",1,2019-10-02,-0.61,39.4,707,"gbif"
"4160",4040466703,"Convolvulus lanuginosus",1,2019-10-02,-0.61,39.41,707,"gbif"
"4161",4041064229,"Convolvulus lanuginosus",1,2019-10-16,-0.65,38.89,707,"gbif"
"4162",4040747050,"Convolvulus lanuginosus",1,2019-10-16,-0.67,38.89,707,"gbif"
"4163",4041056221,"Convolvulus lanuginosus",1,2019-11-01,-0.72,38.99,707,"gbif"
"4164",4041013860,"Convolvulus lanuginosus",1,2019-11-01,-0.72,38.98,707,"gbif"
"4165",4040999102,"Convolvulus lanuginosus",1,2019-11-01,-0.71,38.99,707,"gbif"
"4166",4040999025,"Convolvulus lanuginosus",1,2019-11-01,-0.79,38.96,707,"gbif"
"4167",4040774598,"Convolvulus lanuginosus",1,2019-11-01,-0.78,38.97,707,"gbif"
"4168",4040742423,"Convolvulus lanuginosus",1,2019-11-01,-0.73,38.98,707,"gbif"
"4169",4041042253,"Convolvulus lanuginosus",1,2019-11-09,0.04,38.79,707,"gbif"
"4170",4040456327,"Convolvulus lanuginosus",1,2019-11-09,0.08,38.77,707,"gbif"
"4171",4041101954,"Convolvulus lanuginosus",1,2019-11-10,0.16,38.82,707,"gbif"
"4172",4041039527,"Convolvulus lanuginosus",1,2019-11-21,-1.03,38.35,707,"gbif"
"4173",4040772343,"Convolvulus lanuginosus",1,2019-11-23,-0.37,39.64,707,"gbif"
"4174",4040765615,"Convolvulus lanuginosus",1,2019-11-30,-0.92,38.32,707,"gbif"
"4175",4549745110,"Convolvulus lanuginosus",1,2019-12-20,3.05723,42.91086,10,"gbif"
"4176",2574031769,"Convolvulus lanuginosus",1,2020-02-22,3.00579,42.980614,4,"gbif"
"4177",4041098063,"Convolvulus lanuginosus",1,2020-03-08,-0.49,38.97,707,"gbif"
"4178",4041049679,"Convolvulus lanuginosus",1,2020-03-08,-0.49,38.96,707,"gbif"
"4179",4041039524,"Convolvulus lanuginosus",1,2020-04-08,-0.86,38.46,707,"gbif"
"4180",3958379402,"Convolvulus lanuginosus",1,2020-04-18,0.77594,41.241944,27,"gbif"
"4181",4040473863,"Convolvulus lanuginosus",1,2020-04-20,-0.93,38.38,707,"gbif"
"4182",4040486974,"Convolvulus lanuginosus",1,2020-04-22,-0.94,38.38,707,"gbif"
"4183",4040472968,"Convolvulus lanuginosus",1,2020-04-23,-0.47,38.67,707,"gbif"
"4184",4040470774,"Convolvulus lanuginosus",1,2020-04-29,-0.97,38.41,707,"gbif"
"4185",4040481740,"Convolvulus lanuginosus",1,2020-04-30,-0.99,38.48,707,"gbif"
"4186",4041047515,"Convolvulus lanuginosus",1,2020-05-06,-0.76,38.72,707,"gbif"
"4187",3952940873,"Convolvulus lanuginosus",1,2020-05-06,-3.616249,37.025187,65,"gbif"
"4188",3953149743,"Convolvulus lanuginosus",1,2020-05-09,1.867542,41.431287,24,"gbif"
"4189",3957050620,"Convolvulus lanuginosus",1,2020-05-13,-0.523885,39.599888,73,"gbif"
"4190",4573728290,"Convolvulus lanuginosus",1,2020-05-17,2.7857,42.7898,501,"gbif"
"4191",4573344701,"Convolvulus lanuginosus",1,2020-05-17,2.7738,42.78982,501,"gbif"
"4192",3956871216,"Convolvulus lanuginosus",1,2020-05-17,1.092302,41.312701,5,"gbif"
"4193",3491389085,"Convolvulus lanuginosus",1,2020-05-18,5.72512,43.2035,10,"gbif"
"4194",4573345915,"Convolvulus lanuginosus",1,2020-05-19,2.75299,42.78051,501,"gbif"
"4195",4040730692,"Convolvulus lanuginosus",1,2020-05-23,-0.92,39.48,707,"gbif"
"4196",3491502231,"Convolvulus lanuginosus",1,2020-05-23,3.05651,42.91073,10,"gbif"
"4197",2974523847,"Convolvulus lanuginosus",1,2020-05-23,0.926098,41.450467,8,"gbif"
"4198",4040681017,"Convolvulus lanuginosus",1,2020-05-25,-0.57,38.66,707,"gbif"
"4199",2974548190,"Convolvulus lanuginosus",1,2020-05-25,0.593186,41.870271,48,"gbif"
"4200",4041047892,"Convolvulus lanuginosus",1,2020-05-27,-0.23,39.19,707,"gbif"
"4201",4041068325,"Convolvulus lanuginosus",1,2020-05-28,-0.29,39.03,707,"gbif"
"4202",4041055782,"Convolvulus lanuginosus",1,2020-05-28,-0.26,39.01,707,"gbif"
"4203",4040730375,"Convolvulus lanuginosus",1,2020-05-28,-0.24,39.05,707,"gbif"
"4204",4040730018,"Convolvulus lanuginosus",1,2020-05-28,-0.26,39.04,707,"gbif"
"4205",4040729616,"Convolvulus lanuginosus",1,2020-05-28,-0.26,39.05,707,"gbif"
"4206",4040755399,"Convolvulus lanuginosus",1,2020-05-29,-0.87,38.46,707,"gbif"
"4207",4041068421,"Convolvulus lanuginosus",1,2020-05-30,-0.85,39.18,707,"gbif"
"4208",4041056687,"Convolvulus lanuginosus",1,2020-05-30,-0.88,39.14,707,"gbif"
"4209",4041056654,"Convolvulus lanuginosus",1,2020-05-30,-0.82,39.16,707,"gbif"
"4210",4040984164,"Convolvulus lanuginosus",1,2020-05-30,-0.82,39.15,707,"gbif"
"4211",4040969195,"Convolvulus lanuginosus",1,2020-05-30,-0.88,39.18,707,"gbif"
"4212",4040738805,"Convolvulus lanuginosus",1,2020-05-30,-0.85,39.14,707,"gbif"
"4213",4040725584,"Convolvulus lanuginosus",1,2020-05-30,-0.83,39.16,707,"gbif"
"4214",4040713939,"Convolvulus lanuginosus",1,2020-05-30,-0.83,39.17,707,"gbif"
"4215",4040712583,"Convolvulus lanuginosus",1,2020-05-30,-0.87,39.14,707,"gbif"
"4216",4041102488,"Convolvulus lanuginosus",1,2020-06-01,-1.12,39.24,707,"gbif"
"4217",4041075930,"Convolvulus lanuginosus",1,2020-06-01,-1.13,39.25,707,"gbif"
"4218",4040802603,"Convolvulus lanuginosus",1,2020-06-01,-0.89,38.46,707,"gbif"
"4219",4040794416,"Convolvulus lanuginosus",1,2020-06-01,-1.15,39.24,707,"gbif"
"4220",4040756707,"Convolvulus lanuginosus",1,2020-06-01,-1.11,39.24,707,"gbif"
"4221",4040481741,"Convolvulus lanuginosus",1,2020-06-02,-0.88,38.41,707,"gbif"
"4222",4040804437,"Convolvulus lanuginosus",1,2020-06-03,-0.87,38.47,707,"gbif"
"4223",4040711612,"Convolvulus lanuginosus",1,2020-06-04,-0.97,39.21,707,"gbif"
"4224",4573783610,"Convolvulus lanuginosus",1,2020-06-05,2.73796,42.75359,501,"gbif"
"4225",4040765616,"Convolvulus lanuginosus",1,2020-06-05,-0.95,38.37,707,"gbif"
"4226",2850690466,"Convolvulus lanuginosus",1,2020-06-09,5.208582,43.331055,22,"gbif"
"4227",3943029384,"Convolvulus lanuginosus",1,2020-06-11,3.09183,43.1349,876,"gbif"
"4228",4040772775,"Convolvulus lanuginosus",1,2020-06-16,-0.27,38.69,707,"gbif"
"4229",4041058593,"Convolvulus lanuginosus",1,2020-09-15,-0.4,39.9,707,"gbif"
"4230",4041049608,"Convolvulus lanuginosus",1,2020-09-15,-0.42,39.89,707,"gbif"
"4231",4041026616,"Convolvulus lanuginosus",1,2020-09-15,-0.42,39.9,707,"gbif"
"4232",4040739441,"Convolvulus lanuginosus",1,2020-09-15,-0.39,39.9,707,"gbif"
"4233",4040729585,"Convolvulus lanuginosus",1,2020-09-15,-0.39,39.91,707,"gbif"
"4234",4040728626,"Convolvulus lanuginosus",1,2020-09-15,-0.39,39.89,707,"gbif"
"4235",4040726289,"Convolvulus lanuginosus",1,2020-09-15,-0.41,39.89,707,"gbif"
"4236",4040723377,"Convolvulus lanuginosus",1,2020-09-15,-0.41,39.9,707,"gbif"
"4237",4040715712,"Convolvulus lanuginosus",1,2020-09-15,-0.4,39.89,707,"gbif"
"4238",4040802001,"Convolvulus lanuginosus",1,2020-11-08,-1.02,39.54,707,"gbif"
"4239",4040512457,"Convolvulus lanuginosus",1,2020-11-08,-1.03,39.54,707,"gbif"
"4240",4040487759,"Convolvulus lanuginosus",1,2020-11-08,-1.02,39.56,707,"gbif"
"4241",4040485828,"Convolvulus lanuginosus",1,2020-11-08,-1.04,39.54,707,"gbif"
"4242",4040784074,"Convolvulus lanuginosus",1,2020-12-31,-0.81,38.31,707,"gbif"
"4243",4040832501,"Convolvulus lanuginosus",1,2021-01-28,-0.24,39.79,707,"gbif"
"4244",4040509571,"Convolvulus lanuginosus",1,2021-01-28,-0.25,39.78,707,"gbif"
"4245",4040855106,"Convolvulus lanuginosus",1,2021-02-11,-0.33,38.88,707,"gbif"
"4246",4040512405,"Convolvulus lanuginosus",1,2021-02-11,-0.33,38.89,707,"gbif"
"4247",3492258148,"Convolvulus lanuginosus",1,2021-02-21,5.74776,43.22897,10,"gbif"
"4248",4041060431,"Convolvulus lanuginosus",1,2021-03-06,-0.41,38.84,707,"gbif"
"4249",3949077741,"Convolvulus lanuginosus",1,2021-03-21,-0.005341,40.03721,19,"gbif"
"4250",5051908780,"Convolvulus lanuginosus",1,2021-03-23,-4.63,36.58,100,"gbif"
"4251",4040862779,"Convolvulus lanuginosus",1,2021-03-24,-0.18,38.84,707,"gbif"
"4252",4040548963,"Convolvulus lanuginosus",1,2021-03-24,-0.17,38.84,707,"gbif"
"4253",4040547692,"Convolvulus lanuginosus",1,2021-03-24,-0.17,38.83,707,"gbif"
"4254",4040532764,"Convolvulus lanuginosus",1,2021-03-24,-0.18,38.83,707,"gbif"
"4255",4040818204,"Convolvulus lanuginosus",1,2021-03-28,-0.59,38.94,707,"gbif"
"4256",4040782131,"Convolvulus lanuginosus",1,2021-03-28,-0.59,38.95,707,"gbif"
"4257",3873278425,"Convolvulus lanuginosus",1,2021-04-01,-2.918252,36.895997,13,"gbif"
"4258",3956791342,"Convolvulus lanuginosus",1,2021-04-03,-0.908546,37.798347,25,"gbif"
"4259",3949218704,"Convolvulus lanuginosus",1,2021-04-04,0.62029,40.814972,24,"gbif"
"4260",3079856623,"Convolvulus lanuginosus",1,2021-04-04,-5.656874,36.540216,3,"gbif"
"4261",3958836084,"Convolvulus lanuginosus",1,2021-04-05,-0.525099,39.552325,65,"gbif"
"4262",3949104369,"Convolvulus lanuginosus",1,2021-04-10,0.619772,40.814852,12,"gbif"
"4263",4041051722,"Convolvulus lanuginosus",1,2021-04-11,-0.36,38.98,707,"gbif"
"4264",4040817698,"Convolvulus lanuginosus",1,2021-04-11,-0.39,38.96,707,"gbif"
"4265",4040501037,"Convolvulus lanuginosus",1,2021-04-11,-0.37,38.97,707,"gbif"
"4266",4040496785,"Convolvulus lanuginosus",1,2021-04-11,-0.39,38.97,707,"gbif"
"4267",4040818223,"Convolvulus lanuginosus",1,2021-04-13,-0.41,38.53,707,"gbif"
"4268",4040769147,"Convolvulus lanuginosus",1,2021-04-13,-0.41,38.52,707,"gbif"
"4269",3957399062,"Convolvulus lanuginosus",1,2021-04-13,-4.436802,36.731792,27,"gbif"
"4270",3355058476,"Convolvulus lanuginosus",1,2021-04-14,0.488847,41.038932,16,"gbif"
"4271",3090673891,"Convolvulus lanuginosus",1,2021-04-14,0.573138,40.958836,8,"gbif"
"4272",4088349723,"Convolvulus lanuginosus",1,2021-04-15,5.79996,43.24539,250,"gbif"
"4273",3949686802,"Convolvulus lanuginosus",1,2021-04-20,2.768362,42.788442,11,"gbif"
"4274",3958490584,"Convolvulus lanuginosus",1,2021-04-22,2.766016,42.765571,6,"gbif"
"4275",5087141338,"Convolvulus lanuginosus",1,2021-04-23,2.639451,43.037431,31,"gbif"
"4276",5087056294,"Convolvulus lanuginosus",1,2021-04-23,3.058086,42.912737,8,"gbif"
"4277",4041060509,"Convolvulus lanuginosus",1,2021-04-23,-0.38,39.66,707,"gbif"
"4278",4040816127,"Convolvulus lanuginosus",1,2021-04-23,-0.37,39.66,707,"gbif"
"4279",4040815404,"Convolvulus lanuginosus",1,2021-04-23,-0.36,39.66,707,"gbif"
"4280",3949113755,"Convolvulus lanuginosus",1,2021-04-23,-0.471085,39.66144,8,"gbif"
"4281",4040501775,"Convolvulus lanuginosus",1,2021-04-25,-0.29,39.83,707,"gbif"
"4282",3956085201,"Convolvulus lanuginosus",1,2021-04-25,-0.595651,39.318405,10,"gbif"
"4283",3955231204,"Convolvulus lanuginosus",1,2021-04-25,2.755845,42.790689,8,"gbif"
"4284",3954500896,"Convolvulus lanuginosus",1,2021-04-25,5.18188,43.334597,8,"gbif"
"4285",3956885702,"Convolvulus lanuginosus",1,2021-04-26,2.77239,42.786245,10,"gbif"
"4286",3954163644,"Convolvulus lanuginosus",1,2021-04-26,0.182101,40.461585,35,"gbif"
"4287",4040899555,"Convolvulus lanuginosus",1,2021-04-27,-0.37,39.81,707,"gbif"
"4288",4040864273,"Convolvulus lanuginosus",1,2021-04-27,-0.59,39.75,707,"gbif"
"4289",4040862285,"Convolvulus lanuginosus",1,2021-04-27,-0.59,39.76,707,"gbif"
"4290",4040564726,"Convolvulus lanuginosus",1,2021-04-27,-0.58,39.76,707,"gbif"
"4291",4040562982,"Convolvulus lanuginosus",1,2021-04-27,-0.58,39.77,707,"gbif"
"4292",4040562914,"Convolvulus lanuginosus",1,2021-04-27,-0.59,39.77,707,"gbif"
"4293",3954145655,"Convolvulus lanuginosus",1,2021-04-27,-0.454,39.667505,16,"gbif"
"4294",3956949122,"Convolvulus lanuginosus",1,2021-04-28,3.070424,43.098257,16,"gbif"
"4295",4040899461,"Convolvulus lanuginosus",1,2021-04-30,-0.97,39.09,707,"gbif"
"4296",4040846848,"Convolvulus lanuginosus",1,2021-04-30,-1.01,39.08,707,"gbif"
"4297",4040845882,"Convolvulus lanuginosus",1,2021-04-30,-1.03,39.1,707,"gbif"
"4298",4040800015,"Convolvulus lanuginosus",1,2021-04-30,-1.02,39.08,707,"gbif"
"4299",4040562827,"Convolvulus lanuginosus",1,2021-04-30,-1.02,39.1,707,"gbif"
"4300",4040556612,"Convolvulus lanuginosus",1,2021-04-30,-0.98,39.09,707,"gbif"
"4301",4040545894,"Convolvulus lanuginosus",1,2021-04-30,-1.01,39.1,707,"gbif"
"4302",3959242382,"Convolvulus lanuginosus",1,2021-04-30,1.907283,41.260732,11,"gbif"
"4303",4041076620,"Convolvulus lanuginosus",1,2021-05-02,-0.93,38.53,707,"gbif"
"4304",4040899647,"Convolvulus lanuginosus",1,2021-05-02,-0.94,38.52,707,"gbif"
"4305",3112803905,"Convolvulus lanuginosus",1,2021-05-03,5.729531,43.146191,76,"gbif"
"4306",3954574981,"Convolvulus lanuginosus",1,2021-05-05,0.611867,41.125889,5,"gbif"
"4307",3949133768,"Convolvulus lanuginosus",1,2021-05-05,3.010267,42.984057,48,"gbif"
"4308",3491571272,"Convolvulus lanuginosus",1,2021-05-05,3.01033,42.98403,10,"gbif"
"4309",4040915382,"Convolvulus lanuginosus",1,2021-05-06,-0.88,38.92,707,"gbif"
"4310",4040890340,"Convolvulus lanuginosus",1,2021-05-06,-0.79,38.9,707,"gbif"
"4311",4040877977,"Convolvulus lanuginosus",1,2021-05-06,-0.86,38.92,707,"gbif"
"4312",4040577793,"Convolvulus lanuginosus",1,2021-05-06,-0.81,38.91,707,"gbif"
"4313",4040556668,"Convolvulus lanuginosus",1,2021-05-06,-0.86,38.91,707,"gbif"
"4314",4040549118,"Convolvulus lanuginosus",1,2021-05-06,-0.87,38.92,707,"gbif"
"4315",4040535278,"Convolvulus lanuginosus",1,2021-05-06,-0.87,38.93,707,"gbif"
"4316",3959912905,"Convolvulus lanuginosus",1,2021-05-06,2.765098,42.764884,14,"gbif"
"4317",3954887727,"Convolvulus lanuginosus",1,2021-05-06,2.768071,42.765222,15,"gbif"
"4318",4040856737,"Convolvulus lanuginosus",1,2021-05-08,-0.31,38.96,707,"gbif"
"4319",3956362528,"Convolvulus lanuginosus",1,2021-05-08,0.582563,40.816657,15,"gbif"
"4320",3492262745,"Convolvulus lanuginosus",1,2021-05-08,5.7033,43.15622,10,"gbif"
"4321",3949269521,"Convolvulus lanuginosus",1,2021-05-09,0.879095,41.278647,16,"gbif"
"4322",3949707182,"Convolvulus lanuginosus",1,2021-05-11,-0.502542,39.703443,16,"gbif"
"4323",3949138996,"Convolvulus lanuginosus",1,2021-05-11,3.03545,42.899059,32,"gbif"
"4324",3949712135,"Convolvulus lanuginosus",1,2021-05-13,3.20801,42.056583,6,"gbif"
"4325",3949154476,"Convolvulus lanuginosus",1,2021-05-14,0.009909,38.656279,64,"gbif"
"4326",4040840394,"Convolvulus lanuginosus",1,2021-05-18,-1.17,39.94,707,"gbif"
"4327",4040549636,"Convolvulus lanuginosus",1,2021-05-18,-1.16,39.95,707,"gbif"
"4328",4040549032,"Convolvulus lanuginosus",1,2021-05-18,-1.14,39.95,707,"gbif"
"4329",4040546516,"Convolvulus lanuginosus",1,2021-05-18,-1.17,39.95,707,"gbif"
"4330",3959760976,"Convolvulus lanuginosus",1,2021-05-18,0.181717,40.461601,65,"gbif"
"4331",3949165440,"Convolvulus lanuginosus",1,2021-05-18,-0.326164,39.650623,16,"gbif"
"4332",3957256659,"Convolvulus lanuginosus",1,2021-05-19,2.790985,42.76649,46,"gbif"
"4333",3935237262,"Convolvulus lanuginosus",1,2021-05-19,3.14073,43.17038,5,"gbif"
"4334",3118454583,"Convolvulus lanuginosus",1,2021-05-19,-2.620788,36.869929,31,"gbif"
"4335",3955215905,"Convolvulus lanuginosus",1,2021-05-20,3.05166,42.925683,5,"gbif"
"4336",3124830569,"Convolvulus lanuginosus",1,2021-05-21,1.87649,41.412864,6,"gbif"
"4337",3124633584,"Convolvulus lanuginosus",1,2021-05-21,1.708633,41.593728,9,"gbif"
"4338",3959375389,"Convolvulus lanuginosus",1,2021-05-22,1.894868,41.576144,24,"gbif"
"4339",3954043651,"Convolvulus lanuginosus",1,2021-05-22,-0.388311,39.488948,20,"gbif"
"4340",3949663762,"Convolvulus lanuginosus",1,2021-05-24,1.897095,41.40676,2,"gbif"
"4341",4041077260,"Convolvulus lanuginosus",1,2021-05-25,-1.22,39.1,707,"gbif"
"4342",4041070119,"Convolvulus lanuginosus",1,2021-05-25,-1.21,39.11,707,"gbif"
"4343",4040864063,"Convolvulus lanuginosus",1,2021-05-25,-1.2,39.11,707,"gbif"
"4344",4040847058,"Convolvulus lanuginosus",1,2021-05-25,-1.2,39.1,707,"gbif"
"4345",4040571391,"Convolvulus lanuginosus",1,2021-05-25,-1.21,39.1,707,"gbif"
"4346",4040557369,"Convolvulus lanuginosus",1,2021-05-25,-1.22,39.11,707,"gbif"
"4347",3959150927,"Convolvulus lanuginosus",1,2021-05-25,3.055784,42.90973,19,"gbif"
"4348",3955157965,"Convolvulus lanuginosus",1,2021-06-01,0.532534,41.056531,32,"gbif"
"4349",4846751422,"Convolvulus lanuginosus",1,2021-06-04,1.471127,41.336656,6,"gbif"
"4350",3956233165,"Convolvulus lanuginosus",1,2021-06-22,-0.820502,38.468607,11,"gbif"
"4351",4040877016,"Convolvulus lanuginosus",1,2021-06-29,-1.01,39.51,707,"gbif"
"4352",4040841026,"Convolvulus lanuginosus",1,2021-06-29,-1.03,39.51,707,"gbif"
"4353",4040547244,"Convolvulus lanuginosus",1,2021-06-29,-1.02,39.51,707,"gbif"
"4354",4040577542,"Convolvulus lanuginosus",1,2021-08-28,-0.47,40.05,707,"gbif"
"4355",4040579051,"Convolvulus lanuginosus",1,2021-09-19,-0.64,39.1,707,"gbif"
"4356",4040577829,"Convolvulus lanuginosus",1,2021-09-19,-0.65,39.1,707,"gbif"
"4357",4040894764,"Convolvulus lanuginosus",1,2021-10-20,-0.46,39.7,707,"gbif"
"4358",4040891881,"Convolvulus lanuginosus",1,2021-10-20,-0.48,39.69,707,"gbif"
"4359",4040578496,"Convolvulus lanuginosus",1,2021-12-12,-0.62,39.27,707,"gbif"
"4360",4040572358,"Convolvulus lanuginosus",1,2021-12-12,-0.61,39.27,707,"gbif"
"4361",3992112665,"Convolvulus lanuginosus",1,2022-01-18,5.73936,43.19337,10,"gbif"
"4362",3992111593,"Convolvulus lanuginosus",1,2022-01-18,5.73649,43.19218,10,"gbif"
"4363",3992109812,"Convolvulus lanuginosus",1,2022-01-18,5.73491,43.19186,10,"gbif"
"4364",3992108595,"Convolvulus lanuginosus",1,2022-01-18,5.73692,43.19654,10,"gbif"
"4365",3992104389,"Convolvulus lanuginosus",1,2022-01-18,5.73759,43.19485,10,"gbif"
"4366",3992103200,"Convolvulus lanuginosus",1,2022-01-18,5.73368,43.19131,10,"gbif"
"4367",3955481053,"Convolvulus lanuginosus",1,2022-02-25,-0.512958,39.881642,64,"gbif"
"4368",3992100427,"Convolvulus lanuginosus",1,2022-02-26,5.18235,43.33528,10,"gbif"
"4369",4041062995,"Convolvulus lanuginosus",1,2022-03-18,-0.9,38.37,707,"gbif"
"4370",4041100332,"Convolvulus lanuginosus",1,2022-03-20,-0.95,38.29,707,"gbif"
"4371",3954068749,"Convolvulus lanuginosus",1,2022-03-28,0.557388,41.289147,7,"gbif"
"4372",3958725145,"Convolvulus lanuginosus",1,2022-04-08,1.831552,41.593083,7,"gbif"
"4373",4453895500,"Convolvulus lanuginosus",1,2022-04-14,0.552922,40.640962,4,"gbif"
"4374",4988512382,"Convolvulus lanuginosus",1,2022-04-15,-0.61,39.23,707,"gbif"
"4375",4988512380,"Convolvulus lanuginosus",1,2022-04-15,-0.77,38.94,707,"gbif"
"4376",4988510957,"Convolvulus lanuginosus",1,2022-04-15,-0.58,39.22,707,"gbif"
"4377",4988510955,"Convolvulus lanuginosus",1,2022-04-15,-0.76,38.95,707,"gbif"
"4378",4988508976,"Convolvulus lanuginosus",1,2022-04-15,-0.62,39.23,707,"gbif"
"4379",4988489965,"Convolvulus lanuginosus",1,2022-04-15,-0.48,38.81,707,"gbif"
"4380",4988485932,"Convolvulus lanuginosus",1,2022-04-15,-0.86,38.95,707,"gbif"
"4381",4988484467,"Convolvulus lanuginosus",1,2022-04-15,-0.91,39.54,707,"gbif"
"4382",3872942562,"Convolvulus lanuginosus",1,2022-04-15,1.978887,41.433373,5,"gbif"
"4383",3998800142,"Convolvulus lanuginosus",1,2022-04-18,2.731694,42.761984,9,"gbif"
"4384",3959772888,"Convolvulus lanuginosus",1,2022-04-18,0.558897,41.233039,26,"gbif"
"4385",3952724284,"Convolvulus lanuginosus",1,2022-04-18,3.096649,43.140349,17,"gbif"
"4386",3760398474,"Convolvulus lanuginosus",1,2022-04-18,0.591017,41.032346,19,"gbif"
"4387",3949821113,"Convolvulus lanuginosus",1,2022-04-19,0.604051,41.295355,19,"gbif"
"4388",3873275584,"Convolvulus lanuginosus",1,2022-04-19,-1.059237,37.979975,357,"gbif"
"4389",3959478542,"Convolvulus lanuginosus",1,2022-04-24,5.195409,43.331815,65,"gbif"
"4390",3949826808,"Convolvulus lanuginosus",1,2022-04-24,2.782359,42.794375,8,"gbif"
"4391",3998623534,"Convolvulus lanuginosus",1,2022-04-25,1.93577,41.37264,20,"gbif"
"4392",3998649122,"Convolvulus lanuginosus",1,2022-04-26,2.764722,42.760833,12,"gbif"
"4393",3959154912,"Convolvulus lanuginosus",1,2022-04-26,3.118641,43.13472,5,"gbif"
"4394",3949542153,"Convolvulus lanuginosus",1,2022-04-27,3.005753,42.995209,32,"gbif"
"4395",4853781337,"Convolvulus lanuginosus",1,2022-04-29,-0.58,40.05,707,"gbif"
"4396",4853766010,"Convolvulus lanuginosus",1,2022-04-29,-0.58,40.04,707,"gbif"
"4397",3998623896,"Convolvulus lanuginosus",1,2022-04-29,-1.023424,39.080365,11,"gbif"
"4398",4853720997,"Convolvulus lanuginosus",1,2022-04-30,-0.57,39.86,707,"gbif"
"4399",3949883324,"Convolvulus lanuginosus",1,2022-05-01,3.207212,42.056952,32,"gbif"
"4400",3949429260,"Convolvulus lanuginosus",1,2022-05-01,3.056472,42.91121,2,"gbif"
"4401",4458655769,"Convolvulus lanuginosus",1,2022-05-02,5.731435,43.228454,30,"gbif"
"4402",4413412907,"Convolvulus lanuginosus",1,2022-05-02,1.243489,41.145671,66,"gbif"
"4403",3998004941,"Convolvulus lanuginosus",1,2022-05-02,5.688418,43.157715,5,"gbif"
"4404",3958677946,"Convolvulus lanuginosus",1,2022-05-02,2.772383,42.786255,7,"gbif"
"4405",3958132990,"Convolvulus lanuginosus",1,2022-05-02,5.732382,43.145035,31,"gbif"
"4406",3872976628,"Convolvulus lanuginosus",1,2022-05-02,-2.723801,36.823511,15,"gbif"
"4407",3959775014,"Convolvulus lanuginosus",1,2022-05-03,3.095464,43.142033,5,"gbif"
"4408",3956639656,"Convolvulus lanuginosus",1,2022-05-03,3.096773,43.135303,10,"gbif"
"4409",3959801604,"Convolvulus lanuginosus",1,2022-05-04,3.057441,42.912672,93,"gbif"
"4410",3958422503,"Convolvulus lanuginosus",1,2022-05-04,3.0575,42.912222,128,"gbif"
"4411",3958223713,"Convolvulus lanuginosus",1,2022-05-04,3.057867,42.913897,32,"gbif"
"4412",4046667623,"Convolvulus lanuginosus",1,2022-05-05,1.880989,41.411589,29,"gbif"
"4413",3954467858,"Convolvulus lanuginosus",1,2022-05-05,2.770047,42.780876,53,"gbif"
"4414",4853728377,"Convolvulus lanuginosus",1,2022-05-06,-0.56,38.79,707,"gbif"
"4415",3998693588,"Convolvulus lanuginosus",1,2022-05-06,3.124543,43.13576,32,"gbif"
"4416",3954516342,"Convolvulus lanuginosus",1,2022-05-06,0.75745,41.133762,11,"gbif"
"4417",3959216279,"Convolvulus lanuginosus",1,2022-05-07,1.173425,41.474322,8,"gbif"
"4418",3773801783,"Convolvulus lanuginosus",1,2022-05-09,1.568562,41.520412,458,"gbif"
"4419",5109334706,"Convolvulus lanuginosus",1,2022-05-10,3.057392,42.911078,3,"gbif"
"4420",4041021271,"Convolvulus lanuginosus",1,2022-05-10,-0.8,39.15,707,"gbif"
"4421",4040709406,"Convolvulus lanuginosus",1,2022-05-10,-0.81,39.15,707,"gbif"
"4422",3998862591,"Convolvulus lanuginosus",1,2022-05-11,2.776191,42.767815,15,"gbif"
"4423",3997985565,"Convolvulus lanuginosus",1,2022-05-11,3.056866,42.910812,24,"gbif"
"4424",4405034373,"Convolvulus lanuginosus",1,2022-05-13,-2.619468,36.891951,4,"gbif"
"4425",3953802231,"Convolvulus lanuginosus",1,2022-05-14,3.051885,42.915792,8,"gbif"
"4426",3949466393,"Convolvulus lanuginosus",1,2022-05-14,0.329533,40.957655,5,"gbif"
"4427",3858621709,"Convolvulus lanuginosus",1,2022-05-14,3.058318,42.914214,10,"gbif"
"4428",4853793092,"Convolvulus lanuginosus",1,2022-05-17,-0.25,39.9,707,"gbif"
"4429",4853733817,"Convolvulus lanuginosus",1,2022-05-17,-0.27,39.91,707,"gbif"
"4430",3959721394,"Convolvulus lanuginosus",1,2022-05-18,3.210556,42.055278,21,"gbif"
"4431",3998216690,"Convolvulus lanuginosus",1,2022-05-21,5.690047,43.158106,80,"gbif"
"4432",3959840483,"Convolvulus lanuginosus",1,2022-05-21,0.322439,40.274758,8,"gbif"
"4433",3802306051,"Convolvulus lanuginosus",1,2022-05-22,-1.657148,37.719866,510,"gbif"
"4434",3998168039,"Convolvulus lanuginosus",1,2022-05-25,0.184087,40.82653,5,"gbif"
"4435",4040997481,"Convolvulus lanuginosus",1,2022-05-26,-0.66,39.19,707,"gbif"
"4436",3954092989,"Convolvulus lanuginosus",1,2022-05-26,3.211356,42.055987,4,"gbif"
"4437",4853720905,"Convolvulus lanuginosus",1,2022-05-28,-0.15,40.21,707,"gbif"
"4438",4853718288,"Convolvulus lanuginosus",1,2022-05-28,-0.1,40.21,707,"gbif"
"4439",3998130848,"Convolvulus lanuginosus",1,2022-05-29,-2.113052,39.565992,8,"gbif"
"4440",3958894529,"Convolvulus lanuginosus",1,2022-05-29,-1.137625,37.919626,18,"gbif"
"4441",3860125506,"Convolvulus lanuginosus",1,2022-05-29,-0.43527,39.534993,380,"gbif"
"4442",4046503520,"Convolvulus lanuginosus",1,2022-05-30,-2.014829,36.845385,284,"gbif"
"4443",3998241061,"Convolvulus lanuginosus",1,2022-05-30,0.18847,40.828013,5,"gbif"
"4444",3859454622,"Convolvulus lanuginosus",1,2022-05-30,-2.014895,36.845326,85,"gbif"
"4445",3957141020,"Convolvulus lanuginosus",1,2022-06-04,-1.108336,39.621044,5,"gbif"
"4446",3998337806,"Convolvulus lanuginosus",1,2022-06-06,-3.58962,37.017184,24,"gbif"
"4447",3998036356,"Convolvulus lanuginosus",1,2022-06-07,-0.482545,39.661087,5,"gbif"
"4448",4047021785,"Convolvulus lanuginosus",1,2022-09-01,5.20369,43.33156,10,"gbif"
"4449",3999087140,"Convolvulus lanuginosus",1,2022-09-26,3.053403,42.924678,6,"gbif"
"4450",4853780342,"Convolvulus lanuginosus",1,2022-12-21,-0.69,39.07,707,"gbif"
"4451",4853775788,"Convolvulus lanuginosus",1,2022-12-21,-0.78,39.04,707,"gbif"
"4452",4853753793,"Convolvulus lanuginosus",1,2022-12-21,-0.68,39.06,707,"gbif"
"4453",4149200198,"Convolvulus lanuginosus",1,2023-02-12,5.76346,43.19495,10,"gbif"
"4454",4149234582,"Convolvulus lanuginosus",1,2023-03-07,5.76835,43.2345,10,"gbif"
"4455",4149228686,"Convolvulus lanuginosus",1,2023-03-07,5.77054,43.2346,10,"gbif"
"4456",4149226549,"Convolvulus lanuginosus",1,2023-03-07,5.76598,43.23403,10,"gbif"
"4457",4149206565,"Convolvulus lanuginosus",1,2023-03-07,5.76643,43.23464,10,"gbif"
"4458",4149206495,"Convolvulus lanuginosus",1,2023-03-07,5.76743,43.2291,10,"gbif"
"4459",4149200232,"Convolvulus lanuginosus",1,2023-03-07,5.78812,43.23136,10,"gbif"
"4460",4149190054,"Convolvulus lanuginosus",1,2023-03-07,5.76744,43.23454,10,"gbif"
"4461",4067432453,"Convolvulus lanuginosus",1,2023-03-17,-3.640458,36.811152,31,"gbif"
"4462",4111817019,"Convolvulus lanuginosus",1,2023-04-02,-1.065354,38.508982,977,"gbif"
"4463",4853722642,"Convolvulus lanuginosus",1,2023-04-04,-0.7,38.87,707,"gbif"
"4464",4853721297,"Convolvulus lanuginosus",1,2023-04-04,-0.68,39.28,707,"gbif"
"4465",5109533462,"Convolvulus lanuginosus",1,2023-04-10,-0.401027,38.838873,9,"gbif"
"4466",4091455519,"Convolvulus lanuginosus",1,2023-04-17,-2.227185,37.251511,7,"gbif"
"4467",4458584814,"Convolvulus lanuginosus",1,2023-04-19,0.583395,41.031656,96,"gbif"
"4468",4137626456,"Convolvulus lanuginosus",1,2023-04-19,5.736422,43.222637,73,"gbif"
"4469",4096879145,"Convolvulus lanuginosus",1,2023-04-20,1.881564,41.412617,31,"gbif"
"4470",5109529825,"Convolvulus lanuginosus",1,2023-04-22,0.639222,41.061104,96,"gbif"
"4471",4458342821,"Convolvulus lanuginosus",1,2023-04-25,0.4697,40.654672,437,"gbif"
"4472",4407377558,"Convolvulus lanuginosus",1,2023-04-27,1.24313,41.145614,5,"gbif"
"4473",4126853473,"Convolvulus lanuginosus",1,2023-04-30,0.27187,40.266813,4,"gbif"
"4474",4120961979,"Convolvulus lanuginosus",1,2023-04-30,0.269817,40.264678,4,"gbif"
"4475",4543654631,"Convolvulus lanuginosus",1,2023-05-03,3.05356,42.92559,37,"gbif"
"4476",4543654392,"Convolvulus lanuginosus",1,2023-05-03,3.057,42.91099,4,"gbif"
"4477",4129707578,"Convolvulus lanuginosus",1,2023-05-03,3.05127,42.925733,33,"gbif"
"4478",4111758955,"Convolvulus lanuginosus",1,2023-05-03,3.057145,42.910908,5,"gbif"
"4479",4121040917,"Convolvulus lanuginosus",1,2023-05-04,0.339337,40.837001,15,"gbif"
"4480",5109582661,"Convolvulus lanuginosus",1,2023-05-11,3.052293,42.925705,5,"gbif"
"4481",4543223809,"Convolvulus lanuginosus",1,2023-05-11,2.82013,42.99581,16,"gbif"
"4482",4407148588,"Convolvulus lanuginosus",1,2023-05-12,-2.43332,38.370413,16,"gbif"
"4483",4853797108,"Convolvulus lanuginosus",1,2023-05-16,-1.07,39.73,707,"gbif"
"4484",4853783027,"Convolvulus lanuginosus",1,2023-05-16,-1.05,39.71,707,"gbif"
"4485",4853775786,"Convolvulus lanuginosus",1,2023-05-16,-1.06,39.72,707,"gbif"
"4486",4853773428,"Convolvulus lanuginosus",1,2023-05-16,-1.06,39.71,707,"gbif"
"4487",4853749580,"Convolvulus lanuginosus",1,2023-05-16,-1.06,39.7,707,"gbif"
"4488",4853746600,"Convolvulus lanuginosus",1,2023-05-16,-1.07,39.72,707,"gbif"
"4489",4853746598,"Convolvulus lanuginosus",1,2023-05-16,-1.07,39.75,707,"gbif"
"4490",4853736801,"Convolvulus lanuginosus",1,2023-05-16,-1.06,39.74,707,"gbif"
"4491",4853732749,"Convolvulus lanuginosus",1,2023-05-16,-1.05,39.7,707,"gbif"
"4492",4853725376,"Convolvulus lanuginosus",1,2023-05-16,-1.07,39.74,707,"gbif"
"4493",4853722640,"Convolvulus lanuginosus",1,2023-05-16,-1.06,39.73,707,"gbif"
"4494",5109645859,"Convolvulus lanuginosus",1,2023-05-25,3.049249,43.014121,89,"gbif"
"4495",4137686012,"Convolvulus lanuginosus",1,2023-05-26,5.735204,43.148161,36,"gbif"
"4496",4137649074,"Convolvulus lanuginosus",1,2023-05-31,5.743857,43.232254,15,"gbif"
"4497",4884564407,"Convolvulus lanuginosus",1,2023-06-09,-2.698452,36.815563,25,"gbif"
"4498",4407149560,"Convolvulus lanuginosus",1,2023-06-10,1.51424,41.567208,8,"gbif"
"4499",4458319985,"Convolvulus lanuginosus",1,2023-06-23,-1.093789,37.946587,3,"gbif"
"4500",4510180968,"Convolvulus lanuginosus",1,2024-01-07,5.712932,43.146643,9,"gbif"
"4501",4510150869,"Convolvulus lanuginosus",1,2024-01-07,5.724562,43.142898,7,"gbif"
"4502",4607087729,"Convolvulus lanuginosus",1,2024-04-04,5.730829,43.227924,15,"gbif"
"4503",5007874457,"Convolvulus lanuginosus",1,2024-04-05,-0.709834,38.510419,2,"gbif"
"4504",4607633988,"Convolvulus lanuginosus",1,2024-04-07,5.695703,43.158418,95,"gbif"
"4505",4911154934,"Convolvulus lanuginosus",1,2024-04-11,5.744001,43.232053,31,"gbif"
"4506",4911063387,"Convolvulus lanuginosus",1,2024-04-11,5.739296,43.228036,31,"gbif"
"4507",4910845220,"Convolvulus lanuginosus",1,2024-04-11,5.743918,43.229289,31,"gbif"
"4508",5007760194,"Convolvulus lanuginosus",1,2024-04-13,-0.709818,38.510558,2,"gbif"
"4509",5006984595,"Convolvulus lanuginosus",1,2024-04-14,-0.291773,39.019932,1,"gbif"
"4510",4863847018,"Convolvulus lanuginosus",1,2024-04-22,-4.10273,36.914945,8,"gbif"
"4511",4889665990,"Convolvulus lanuginosus",1,2024-04-24,3.056292,42.909653,2,"gbif"
"4512",5110131330,"Convolvulus lanuginosus",1,2024-04-25,3.013038,42.982522,4,"gbif"
"4513",4863344824,"Convolvulus lanuginosus",1,2024-04-26,3.056547,42.910728,4,"gbif"
"4514",4852553594,"Convolvulus lanuginosus",1,2024-04-28,3.07071,43.092493,10,"gbif"
"4515",4910855424,"Convolvulus lanuginosus",1,2024-05-01,5.735819,43.221413,15,"gbif"
"4516",4911116330,"Convolvulus lanuginosus",1,2024-05-05,5.6842,43.156414,17,"gbif"
"4517",4910908074,"Convolvulus lanuginosus",1,2024-05-05,3.053373,42.925358,22,"gbif"
"4518",4863563624,"Convolvulus lanuginosus",1,2024-05-08,3.090705,43.136872,4,"gbif"
"4519",4910691173,"Convolvulus lanuginosus",1,2024-05-10,0.293525,40.899349,2,"gbif"
"4520",4910772728,"Convolvulus lanuginosus",1,2024-05-11,5.731551,43.228483,30,"gbif"
"4521",5133364273,"Convolvulus lanuginosus",1,2024-05-12,1.514268,41.56732,4,"gbif"
"4522",5109990900,"Convolvulus lanuginosus",1,2024-05-12,1.346755,41.47021,4,"gbif"
"4523",4863478150,"Convolvulus lanuginosus",1,2024-05-12,3.050479,42.922875,324,"gbif"
"4524",5110210176,"Convolvulus lanuginosus",1,2024-05-18,3.05628,42.909564,4,"gbif"
"4525",5110140799,"Convolvulus lanuginosus",1,2024-05-18,3.05743,42.912361,5,"gbif"
"4526",4952451952,"Convolvulus lanuginosus",1,2024-05-26,-4.596899,36.640301,32,"gbif"
"4527",4910714034,"Convolvulus lanuginosus",1,2024-05-29,3.056637,42.909892,4,"gbif"
"4528",4875446916,"Convolvulus lanuginosus",1,2024-05-31,5.581549,43.221566,158,"gbif"
"4529",5110019685,"Convolvulus lanuginosus",1,2024-06-09,-1.377699,38.729324,12,"gbif"
"4530",5188108416,"Convolvulus lanuginosus",1,2024-06-12,1.9238,41.268406,243,"gbif"
"4531",4910886620,"Convolvulus lanuginosus",1,2024-06-14,5.734104,43.233781,31,"gbif"
"4532",4910747861,"Convolvulus lanuginosus",1,2024-06-19,3.119266,43.142856,25,"gbif"
"4533",5007988804,"Convolvulus lanuginosus",1,2024-07-03,-0.589521,38.925373,761,"gbif"
"4534",5110297812,"Convolvulus lanuginosus",1,2024-10-04,-1.748558,38.485954,11,"gbif"
"4535",4982188745,"Convolvulus lanuginosus",1,2024-11-19,5.73202,43.231637,15,"gbif"
"4536",5007309083,"Convolvulus lanuginosus",1,2024-12-09,5.722397,43.229179,8,"gbif"
"4537",5007630353,"Convolvulus lanuginosus",1,2025-01-05,5.745483,43.237553,15,"gbif"
"4538",5037220469,"Convolvulus lanuginosus",1,2025-01-09,0.329403,42.015212,25,"gbif"
"4539",5063084778,"Convolvulus lanuginosus",1,2025-01-17,0.854756,42.032548,86,"gbif"
"4540",5063410498,"Convolvulus lanuginosus",1,2025-01-23,5.724988,43.222696,15,"gbif"
"4541",5110506013,"Convolvulus lanuginosus",1,2025-04-02,3.034571,42.897453,14,"gbif"
"4542",5134601704,"Convolvulus lanuginosus",1,2025-04-08,0.295267,42.035063,129,"gbif"
"4543",5110516677,"Convolvulus lanuginosus",1,2025-04-09,-0.803962,37.599167,2,"gbif"
"4544",5108822145,"Convolvulus lanuginosus",1,2025-04-09,3.098392,43.128555,1,"gbif"
"4545",5153530071,"Convolvulus lanuginosus",1,2025-04-10,-4.357488,36.743778,14,"gbif"
"4546",5134528822,"Convolvulus lanuginosus",1,2025-04-17,5.717404,43.229385,8,"gbif"
"4547",5139985907,"Convolvulus lanuginosus",1,2025-04-19,5.730892,43.227913,27,"gbif"
"4548",5134357525,"Convolvulus lanuginosus",1,2025-04-19,2.770074,42.799385,2,"gbif"
"4549",5134299546,"Convolvulus lanuginosus",1,2025-04-19,2.779954,42.796333,2,"gbif"
"4550",5167186021,"Convolvulus lanuginosus",1,2025-04-21,3.055312,42.922146,7,"gbif"
"4551",5140913613,"Convolvulus lanuginosus",1,2025-04-26,-3.959457,36.828532,94,"gbif"
"4552",5167700038,"Convolvulus lanuginosus",1,2025-04-27,3.053228,42.925332,15,"gbif"
"4553",5154784394,"Convolvulus lanuginosus",1,2025-04-28,5.725617,43.235948,15,"gbif"
"4554",5154488437,"Convolvulus lanuginosus",1,2025-04-28,5.733183,43.228245,8,"gbif"
"4555",5153656632,"Convolvulus lanuginosus",1,2025-04-28,5.737093,43.232496,31,"gbif"
"4556",5153503480,"Convolvulus lanuginosus",1,2025-04-28,5.741643,43.229197,31,"gbif"
"4557",5153447133,"Convolvulus lanuginosus",1,2025-04-28,5.727175,43.235801,8,"gbif"
"4558",5153000997,"Convolvulus lanuginosus",1,2025-04-28,5.725349,43.238357,15,"gbif"
"4559",5152985270,"Convolvulus lanuginosus",1,2025-04-28,5.725713,43.237333,15,"gbif"
"4560",5153374603,"Convolvulus lanuginosus",1,2025-05-07,0.876712,41.867654,31,"gbif"
"4561",5176482998,"Convolvulus lanuginosus",1,2025-05-18,0.299512,40.892287,201,"gbif"
"4562",5168455074,"Convolvulus lanuginosus",1,2025-05-18,1.58224,41.459577,687,"gbif"
"4563",5168174063,"Convolvulus lanuginosus",1,2025-05-18,-0.709969,38.510687,2,"gbif"
"4564",5197443390,"Convolvulus lanuginosus",1,2025-05-20,-2.382086,38.383179,5,"gbif"
"4565",5167777408,"Convolvulus lanuginosus",1,2025-05-24,-2.619168,36.891651,8,"gbif"
"4566",5177314394,"Convolvulus lanuginosus",1,2025-05-30,1.833928,41.588188,9,"gbif"
"4567",5198285925,"Convolvulus lanuginosus",1,2025-06-09,3.029044,43.001377,5,"gbif"
"4568",36625801,"Convolvulus lanuginosus",1,1998-04-15,-1.6629414255,38.4382221544,8,"inat"
"4569",160664973,"Convolvulus lanuginosus",1,2004-10-12,-0.4094515479,39.6527323929,30,"inat"
"4570",263795288,"Convolvulus lanuginosus",1,2006-04-12,-0.4136518577,38.5150175729,31,"inat"
"4571",222388336,"Convolvulus lanuginosus",1,2006-05-07,3.0570244789,42.9127342835,50,"inat"
"4572",248234619,"Convolvulus lanuginosus",1,2009-05-02,3.0597013295,42.9169149333,18,"inat"
"4573",191766146,"Convolvulus lanuginosus",1,2010-04-01,-1.9480082765,36.9376341635,264,"inat"
"4574",191801790,"Convolvulus lanuginosus",1,2010-04-01,-1.9398535867,36.9380300786,418,"inat"
"4575",254393536,"Convolvulus lanuginosus",1,2010-05-11,-4.3758334624,36.7681902595,31,"inat"
"4576",196658376,"Convolvulus lanuginosus",1,2013-05-01,3.0690066667,43.0884516667,4,"inat"
"4577",14860799,"Convolvulus lanuginosus",1,2013-06-19,-1.5869591385,38.3979972652,10,"inat"
"4578",189830095,"Convolvulus lanuginosus",1,2014-04-12,5.7370471028,43.2297208121,300,"inat"
"4579",144671219,"Convolvulus lanuginosus",1,2016-05-15,1.7881914553,41.6067171304,611,"inat"
"4580",190221340,"Convolvulus lanuginosus",1,2016-05-23,0.9036246177,41.9095966228,27,"inat"
"4581",5526056,"Convolvulus lanuginosus",1,2017-04-01,0.0068674132,40.0401013738,8,"inat"
"4582",102740764,"Convolvulus lanuginosus",1,2017-04-14,0.8960917512,41.9086176306,4,"inat"
"4583",5854091,"Convolvulus lanuginosus",1,2017-04-19,0.3532512436,40.7175225861,218,"inat"
"4584",6020568,"Convolvulus lanuginosus",1,2017-04-30,0.0014829881,40.0416990447,6,"inat"
"4585",68555147,"Convolvulus lanuginosus",1,2017-05-05,-2.6095177365,36.8975816544,61,"inat"
"4586",192712406,"Convolvulus lanuginosus",1,2018-04-18,-2.1224325667,36.8414797345,15,"inat"
"4587",101385593,"Convolvulus lanuginosus",1,2018-05-06,0.6274447963,40.9006456007,10,"inat"
"4588",232121654,"Convolvulus lanuginosus",1,2019-04-27,0.7646602039,41.8734701353,488,"inat"
"4589",27202258,"Convolvulus lanuginosus",1,2019-06-18,-0.5427922587,39.8859445115,5,"inat"
"4590",27202347,"Convolvulus lanuginosus",1,2019-06-18,-0.542806845,39.8859233199,6,"inat"
"4591",39044166,"Convolvulus lanuginosus",1,2020-02-22,3.0057904,42.98061392,4,"inat"
"4592",49001415,"Convolvulus lanuginosus",1,2020-06-09,5.3019602732,43.2724409754,10,"inat"
"4593",49139432,"Convolvulus lanuginosus",1,2020-06-09,5.2080039846,43.3318528146,135,"inat"
"4594",55581502,"Convolvulus lanuginosus",1,2020-06-09,5.2085822415,43.3310547549,22,"inat"
"4595",72897434,"Convolvulus lanuginosus",1,2021-04-04,-5.65687368,36.54021621,3,"inat"
"4596",73930538,"Convolvulus lanuginosus",1,2021-04-14,0.5731381103,40.9588364441,8,"inat"
"4597",73967519,"Convolvulus lanuginosus",1,2021-04-14,0.4888472198,41.0389317109,16,"inat"
"4598",74296202,"Convolvulus lanuginosus",1,2021-04-17,-3.5551120189,36.841524213,4,"inat"
"4599",76726928,"Convolvulus lanuginosus",1,2021-04-20,-2.2936524823,37.3706735707,36,"inat"
"4600",247193296,"Convolvulus lanuginosus",1,2021-04-23,2.6394512943,43.0374310458,31,"inat"
"4601",247676697,"Convolvulus lanuginosus",1,2021-04-23,3.0580862708,42.9127370354,8,"inat"
"4602",75161057,"Convolvulus lanuginosus",1,2021-04-25,-0.5101981963,39.5268994593,4,"inat"
"4603",77241799,"Convolvulus lanuginosus",1,2021-05-02,0.5796391144,41.2794114417,5,"inat"
"4604",76974639,"Convolvulus lanuginosus",1,2021-05-03,5.7295311864,43.1461907262,76,"inat"
"4605",79496903,"Convolvulus lanuginosus",1,2021-05-19,-2.6207876513,36.8699287219,31,"inat"
"4606",79617397,"Convolvulus lanuginosus",1,2021-05-21,1.87648996,41.41286381,6,"inat"
"4607",79624115,"Convolvulus lanuginosus",1,2021-05-21,1.7086333595,41.59372753,9,"inat"
"4608",81614588,"Convolvulus lanuginosus",1,2021-06-03,1.651609072,41.60516161,2,"inat"
"4609",81543241,"Convolvulus lanuginosus",1,2021-06-04,1.4711269364,41.3366559437,6,"inat"
"4610",111435187,"Convolvulus lanuginosus",1,2022-04-14,0.5529216667,40.6409616667,4,"inat"
"4611",111614951,"Convolvulus lanuginosus",1,2022-04-15,1.97888738,41.43337251,5,"inat"
"4612",111938869,"Convolvulus lanuginosus",1,2022-04-18,0.5910170451,41.0323458061,19,"inat"
"4613",112052153,"Convolvulus lanuginosus",1,2022-04-19,-1.0592367906,37.9799747638,357,"inat"
"4614",115698697,"Convolvulus lanuginosus",1,2022-04-30,3.0573528333,42.91092,4,"inat"
"4615",114676736,"Convolvulus lanuginosus",1,2022-05-02,-0.501545,39.5473966667,6,"inat"
"4616",115585887,"Convolvulus lanuginosus",1,2022-05-02,-2.723801469,36.823510867,15,"inat"
"4617",116716164,"Convolvulus lanuginosus",1,2022-05-02,0.544738,40.63752,3,"inat"
"4618",171164864,"Convolvulus lanuginosus",1,2022-05-02,1.2434892878,41.1456714648,66,"inat"
"4619",192567936,"Convolvulus lanuginosus",1,2022-05-02,5.7314354005,43.2284537175,30,"inat"
"4620",149257954,"Convolvulus lanuginosus",1,2022-05-05,1.8809888713,41.4115888363,29,"inat"
"4621",116258413,"Convolvulus lanuginosus",1,2022-05-09,1.568562077,41.5204119082,458,"inat"
"4622",116834639,"Convolvulus lanuginosus",1,2022-05-13,-2.6194681227,36.8919511048,4,"inat"
"4623",118152836,"Convolvulus lanuginosus",1,2022-05-22,5.68888,43.1581888333,11,"inat"
"4624",118396609,"Convolvulus lanuginosus",1,2022-05-22,-1.6571481805,37.7198661432,510,"inat"
"4625",119202883,"Convolvulus lanuginosus",1,2022-05-29,-0.4352698508,39.5349931852,380,"inat"
"4626",119387382,"Convolvulus lanuginosus",1,2022-05-30,-2.0148948285,36.8453257449,85,"inat"
"4627",119388343,"Convolvulus lanuginosus",1,2022-05-30,-2.0148289358,36.8453851575,284,"inat"
"4628",151709525,"Convolvulus lanuginosus",1,2023-03-17,-3.6404584777,36.8111523904,31,"inat"
"4629",160597497,"Convolvulus lanuginosus",1,2023-04-02,-1.0653537552,38.5089817353,977,"inat"
"4630",153695412,"Convolvulus lanuginosus",1,2023-04-06,0.3180866197,40.3461333333,61,"inat"
"4631",155317802,"Convolvulus lanuginosus",1,2023-04-17,-2.22718546,37.25151095,7,"inat"
"4632",155477685,"Convolvulus lanuginosus",1,2023-04-18,1.8419991533,41.5883825615,2,"inat"
"4633",155718382,"Convolvulus lanuginosus",1,2023-04-19,5.7364221785,43.2226374439,73,"inat"
"4634",155743258,"Convolvulus lanuginosus",1,2023-04-19,0.583395,41.0316555,96,"inat"
"4635",155938249,"Convolvulus lanuginosus",1,2023-04-20,1.8815640887,41.4126168433,31,"inat"
"4636",224908339,"Convolvulus lanuginosus",1,2023-04-20,1.9001502,41.4021125,187,"inat"
"4637",157020073,"Convolvulus lanuginosus",1,2023-04-27,1.24313,41.1456138333,5,"inat"
"4638",162980106,"Convolvulus lanuginosus",1,2023-04-30,0.2698166667,40.2646783333,4,"inat"
"4639",162984679,"Convolvulus lanuginosus",1,2023-04-30,0.27187,40.2668133333,4,"inat"
"4640",159418532,"Convolvulus lanuginosus",1,2023-05-03,3.051269576,42.9257326374,33,"inat"
"4641",159425927,"Convolvulus lanuginosus",1,2023-05-03,3.0571449548,42.9109082029,5,"inat"
"4642",163113868,"Convolvulus lanuginosus",1,2023-05-04,0.3393365671,40.8370009171,15,"inat"
"4643",161243842,"Convolvulus lanuginosus",1,2023-05-12,-2.43332,38.3704133333,16,"inat"
"4644",162687543,"Convolvulus lanuginosus",1,2023-05-20,5.6946366667,43.20672,24,"inat"
"4645",164371343,"Convolvulus lanuginosus",1,2023-05-26,5.7352041416,43.1481606002,36,"inat"
"4646",165032890,"Convolvulus lanuginosus",1,2023-05-31,5.7438571827,43.2322537091,15,"inat"
"4647",166918659,"Convolvulus lanuginosus",1,2023-06-10,1.5142397583,41.5672083208,8,"inat"
"4648",169062214,"Convolvulus lanuginosus",1,2023-06-23,-1.0937888333,37.9465866667,3,"inat"
"4649",196021583,"Convolvulus lanuginosus",1,2024-01-07,5.7129316667,43.1466433333,9,"inat"
"4650",196026649,"Convolvulus lanuginosus",1,2024-01-07,5.7245616667,43.1428983333,7,"inat"
"4651",204948541,"Convolvulus lanuginosus",1,2024-03-31,0.565296758,40.6342019213,61,"inat"
"4652",206641797,"Convolvulus lanuginosus",1,2024-04-03,-0.5577968806,38.500748801,132,"inat"
"4653",205542859,"Convolvulus lanuginosus",1,2024-04-04,5.7308287588,43.227924411,15,"inat"
"4654",207620144,"Convolvulus lanuginosus",1,2024-04-05,-0.7098335364,38.5104185402,2,"inat"
"4655",205922385,"Convolvulus lanuginosus",1,2024-04-07,5.6957029964,43.1584182336,95,"inat"
"4656",206281917,"Convolvulus lanuginosus",1,2024-04-09,1.8141371197,41.2552498787,4,"inat"
"4657",206649428,"Convolvulus lanuginosus",1,2024-04-11,5.7392959661,43.2280363424,31,"inat"
"4658",206649431,"Convolvulus lanuginosus",1,2024-04-11,5.7439184209,43.2292889176,31,"inat"
"4659",206649439,"Convolvulus lanuginosus",1,2024-04-11,5.7440006444,43.2320533968,31,"inat"
"4660",213154270,"Convolvulus lanuginosus",1,2024-04-13,-0.7098183924,38.5105584916,2,"inat"
"4661",207126101,"Convolvulus lanuginosus",1,2024-04-14,-0.2917733333,39.0199316667,1,"inat"
"4662",207134484,"Convolvulus lanuginosus",1,2024-04-14,-4.52506033,36.61726049,6,"inat"
"4663",208442900,"Convolvulus lanuginosus",1,2024-04-21,-0.6988770515,38.5157248244,888,"inat"
"4664",208699758,"Convolvulus lanuginosus",1,2024-04-22,-4.1027300432,36.9149446953,8,"inat"
"4665",209238531,"Convolvulus lanuginosus",1,2024-04-25,-4.4159389189,36.7514378668,9,"inat"
"4666",209503924,"Convolvulus lanuginosus",1,2024-04-25,-4.4151487859,36.7513157414,24,"inat"
"4667",214440731,"Convolvulus lanuginosus",1,2024-04-26,3.056546835,42.91072783,4,"inat"
"4668",214136764,"Convolvulus lanuginosus",1,2024-05-01,5.7358186375,43.2214133958,15,"inat"
"4669",213643374,"Convolvulus lanuginosus",1,2024-05-05,3.0533726805,42.925357729,22,"inat"
"4670",213730414,"Convolvulus lanuginosus",1,2024-05-05,5.6842,43.1564138333,17,"inat"
"4671",214372876,"Convolvulus lanuginosus",1,2024-05-08,3.0907050893,43.1368718374,4,"inat"
"4672",215742231,"Convolvulus lanuginosus",1,2024-05-08,-2.9373750296,38.0851301951,2,"inat"
"4673",227668770,"Convolvulus lanuginosus",1,2024-05-10,0.2935248078,40.8993491325,2,"inat"
"4674",215051805,"Convolvulus lanuginosus",1,2024-05-11,5.7315507899,43.2284826299,30,"inat"
"4675",215330681,"Convolvulus lanuginosus",1,2024-05-11,2.9907381272,42.9954608915,4,"inat"
"4676",215292501,"Convolvulus lanuginosus",1,2024-05-12,3.050478979,42.9228754482,324,"inat"
"4677",223102684,"Convolvulus lanuginosus",1,2024-05-12,1.514295,41.5673283333,2,"inat"
"4678",223102774,"Convolvulus lanuginosus",1,2024-05-12,1.5142683333,41.56732,4,"inat"
"4679",216068456,"Convolvulus lanuginosus",1,2024-05-16,1.8080700561,41.690483723,6,"inat"
"4680",218612673,"Convolvulus lanuginosus",1,2024-05-26,-4.5968985558,36.640300732,32,"inat"
"4681",219179428,"Convolvulus lanuginosus",1,2024-05-29,3.0566366667,42.9098916667,4,"inat"
"4682",219498029,"Convolvulus lanuginosus",1,2024-05-31,5.5815490932,43.2215655841,158,"inat"
"4683",219779406,"Convolvulus lanuginosus",1,2024-06-01,1.8421666667,41.5884583333,31,"inat"
"4684",222254700,"Convolvulus lanuginosus",1,2024-06-12,1.9237996638,41.2684059236,243,"inat"
"4685",222828495,"Convolvulus lanuginosus",1,2024-06-14,5.7341043532,43.2337814106,31,"inat"
"4686",223842196,"Convolvulus lanuginosus",1,2024-06-19,3.1192662567,43.1428558915,25,"inat"
"4687",226880458,"Convolvulus lanuginosus",1,2024-07-03,-0.589521043,38.925373288,761,"inat"
"4688",227980048,"Convolvulus lanuginosus",1,2024-07-08,-3.96817784,36.83083601,3,"inat"
"4689",230266854,"Convolvulus lanuginosus",1,2024-07-19,-1.6880676895,38.4751525912,330,"inat"
"4690",245595550,"Convolvulus lanuginosus",1,2024-10-04,-1.7261175066,38.4727503312,322,"inat"
"4691",247103289,"Convolvulus lanuginosus",1,2024-10-12,0.2599279,40.9099755,46,"inat"
"4692",252315576,"Convolvulus lanuginosus",1,2024-11-19,5.732019574,43.2316366861,15,"inat"
"4693",254699795,"Convolvulus lanuginosus",1,2024-12-09,5.7223973568,43.2291792923,8,"inat"
"4694",257514226,"Convolvulus lanuginosus",1,2025-01-05,5.7454825602,43.2375529169,15,"inat"
"4695",258157961,"Convolvulus lanuginosus",1,2025-01-08,5.7113266058,43.2279412864,31,"inat"
"4696",257958233,"Convolvulus lanuginosus",1,2025-01-09,0.3294027597,42.0152120588,25,"inat"
"4697",258818997,"Convolvulus lanuginosus",1,2025-01-17,0.8547563106,42.0325477434,86,"inat"
"4698",259448208,"Convolvulus lanuginosus",1,2025-01-23,5.7249878738,43.2226955862,15,"inat"
"4699",263861318,"Convolvulus lanuginosus",1,2025-02-08,3.0968086866,43.1346558063,31,"inat"
"4700",268435913,"Convolvulus lanuginosus",1,2025-04-03,5.6833769381,43.1555242027,94,"inat"
"4701",268436052,"Convolvulus lanuginosus",1,2025-04-03,5.6837527826,43.1558040059,30,"inat"
"4702",269344024,"Convolvulus lanuginosus",1,2025-04-08,0.2952669561,42.0350634071,129,"inat"
"4703",269420429,"Convolvulus lanuginosus",1,2025-04-09,3.0966633333,43.127285,7,"inat"
"4704",269614732,"Convolvulus lanuginosus",1,2025-04-10,-4.3574883333,36.7437783333,14,"inat"
"4705",270138197,"Convolvulus lanuginosus",1,2025-04-12,1.8195416667,41.2923466667,4,"inat"
"4706",270600738,"Convolvulus lanuginosus",1,2025-04-12,-2.0054115728,36.8688390045,957,"inat"
"4707",270169454,"Convolvulus lanuginosus",1,2025-04-13,-0.4734059824,38.7608802323,12,"inat"
"4708",292866895,"Convolvulus lanuginosus",1,2025-04-13,-2.7544362103,36.8186219597,3,"inat"
"4709",270578599,"Convolvulus lanuginosus",1,2025-04-14,5.7236741709,43.2282179831,8,"inat"
"4710",270767715,"Convolvulus lanuginosus",1,2025-04-15,5.6907919049,43.1536220443,43,"inat"
"4711",272246697,"Convolvulus lanuginosus",1,2025-04-17,5.7174043755,43.2293849637,8,"inat"
"4712",271158795,"Convolvulus lanuginosus",1,2025-04-18,1.2306238413,41.1413764954,822,"inat"
"4713",271231708,"Convolvulus lanuginosus",1,2025-04-18,-0.8429083333,38.2844283333,10,"inat"
"4714",271438107,"Convolvulus lanuginosus",1,2025-04-19,5.7308922708,43.2279130729,27,"inat"
"4715",271477400,"Convolvulus lanuginosus",1,2025-04-19,2.7799535085,42.7963330937,2,"inat"
"4716",271488583,"Convolvulus lanuginosus",1,2025-04-19,2.7700739736,42.7993852263,2,"inat"
"4717",271598298,"Convolvulus lanuginosus",1,2025-04-19,-4.704605,36.6176616667,14,"inat"
"4718",271637428,"Convolvulus lanuginosus",1,2025-04-19,-4.7052,36.617775,3,"inat"
"4719",271834803,"Convolvulus lanuginosus",1,2025-04-19,-4.70515,36.617755,10,"inat"
"4720",272068740,"Convolvulus lanuginosus",1,2025-04-21,3.0553123355,42.9221455088,7,"inat"
"4721",272633254,"Convolvulus lanuginosus",1,2025-04-24,5.6285496112,43.1175201693,18,"inat"
"4722",272665662,"Convolvulus lanuginosus",1,2025-04-24,1.8921961149,41.5736884827,790,"inat"
"4723",276170678,"Convolvulus lanuginosus",1,2025-04-26,-3.9594568131,36.8285318805,94,"inat"
"4724",275983780,"Convolvulus lanuginosus",1,2025-04-27,3.0532281394,42.9253320409,15,"inat"
"4725",276668737,"Convolvulus lanuginosus",1,2025-04-27,-4.3833213128,36.8056866194,14,"inat"
"4726",279724405,"Convolvulus lanuginosus",1,2025-04-27,3.0587683317,42.9147270736,31,"inat"
"4727",277283094,"Convolvulus lanuginosus",1,2025-04-28,5.7331830904,43.2282450948,8,"inat"
"4728",277283099,"Convolvulus lanuginosus",1,2025-04-28,5.7271750099,43.2358012771,8,"inat"
"4729",277283102,"Convolvulus lanuginosus",1,2025-04-28,5.7256173193,43.2359480276,15,"inat"
"4730",277283104,"Convolvulus lanuginosus",1,2025-04-28,5.7257126963,43.2373330741,15,"inat"
"4731",277283109,"Convolvulus lanuginosus",1,2025-04-28,5.7253487883,43.2383570859,15,"inat"
"4732",277283112,"Convolvulus lanuginosus",1,2025-04-28,5.7370931328,43.232496482,31,"inat"
"4733",277283113,"Convolvulus lanuginosus",1,2025-04-28,5.7416425046,43.2291969005,31,"inat"
"4734",277987138,"Convolvulus lanuginosus",1,2025-05-02,-0.5876532,38.4587961,515,"inat"
"4735",277976879,"Convolvulus lanuginosus",1,2025-05-03,-0.28605,39.7118916667,6,"inat"
"4736",279010216,"Convolvulus lanuginosus",1,2025-05-03,1.518201381,41.561506335,4,"inat"
"4737",279010263,"Convolvulus lanuginosus",1,2025-05-03,1.51797,41.561915,4,"inat"
"4738",279325434,"Convolvulus lanuginosus",1,2025-05-07,5.7072204351,43.1522848481,97,"inat"
"4739",279326121,"Convolvulus lanuginosus",1,2025-05-07,5.7023284212,43.1565959597,149,"inat"
"4740",279326686,"Convolvulus lanuginosus",1,2025-05-07,5.7025939599,43.1568053195,161,"inat"
"4741",279648618,"Convolvulus lanuginosus",1,2025-05-07,0.876712404,41.8676537751,31,"inat"
"4742",279500269,"Convolvulus lanuginosus",1,2025-05-08,-0.21005,38.583335,7,"inat"
"4743",279683352,"Convolvulus lanuginosus",1,2025-05-09,-0.4691096395,39.7127740643,423,"inat"
"4744",279952069,"Convolvulus lanuginosus",1,2025-05-10,1.5817726683,41.6574929841,12,"inat"
"4745",281082055,"Convolvulus lanuginosus",1,2025-05-14,3.0517111667,42.9259133333,5,"inat"
"4746",281437364,"Convolvulus lanuginosus",1,2025-05-16,0.8222154975,41.8594665527,2,"inat"
"4747",283213303,"Convolvulus lanuginosus",1,2025-05-17,1.84012,41.6025,13,"inat"
"4748",282024007,"Convolvulus lanuginosus",1,2025-05-18,1.5822395566,41.4595766087,687,"inat"
"4749",282613961,"Convolvulus lanuginosus",1,2025-05-18,0.2995116,40.8922866,201,"inat"
"4750",282921851,"Convolvulus lanuginosus",1,2025-05-18,-0.7099693081,38.5106870255,2,"inat"
"4751",292100015,"Convolvulus lanuginosus",1,2025-05-20,-2.2924716398,37.4869124885,13,"inat"
"4752",283703290,"Convolvulus lanuginosus",1,2025-05-24,-2.6191684307,36.8916508559,8,"inat"
"4753",284032714,"Convolvulus lanuginosus",1,2025-05-25,1.8345133333,41.5874716667,3,"inat"
"4754",285321139,"Convolvulus lanuginosus",1,2025-05-30,1.8339283333,41.5881883333,9,"inat"
"4755",288290506,"Convolvulus lanuginosus",1,2025-06-09,3.0289966667,43.0014116667,5,"inat"
"4756",288530672,"Convolvulus lanuginosus",1,2025-06-09,3.02907259,43.00136819,9,"inat"
"4757",289001286,"Convolvulus lanuginosus",1,2025-06-09,3.02904439,43.00137653,5,"inat"
"4758",87,"Convolvulus lanuginosus",1,2001-01-01,-0.74551,41.00446,100,"perso"
"4759",88,"Convolvulus lanuginosus",1,2001-01-01,-0.60422,41.5213,100,"perso"
"4760",85,"Convolvulus lanuginosus",1,2002-01-01,0.0577,40.75026,100,"perso"
"4761",86,"Convolvulus lanuginosus",1,2002-01-01,0.11566,40.80667,100,"perso"
"4762",94,"Convolvulus lanuginosus",1,2004-01-01,0.09351,42.19034,100,"perso"
"4763",61,"Convolvulus lanuginosus",1,2006-06-21,-0.38789,39.68493,30,"perso"
"4764",65,"Convolvulus lanuginosus",1,2006-07-06,-0.41016,39.70717,30,"perso"
"4765",62,"Convolvulus lanuginosus",1,2006-07-20,-0.41168,39.69272,30,"perso"
"4766",63,"Convolvulus lanuginosus",1,2006-09-07,-0.44855,39.70036,30,"perso"
"4767",64,"Convolvulus lanuginosus",1,2006-09-07,-0.42468,39.70595,30,"perso"
"4768",66,"Convolvulus lanuginosus",1,2006-09-07,-0.4585,39.70828,30,"perso"
"4769",67,"Convolvulus lanuginosus",1,2006-09-07,-0.42734,39.70948,30,"perso"
"4770",69,"Convolvulus lanuginosus",1,2006-09-07,-0.45438,39.71448,30,"perso"
"4771",14,"Convolvulus lanuginosus",1,2008-06-19,-0.09122,38.54682,30,"perso"
"4772",15,"Convolvulus lanuginosus",1,2008-06-19,-0.11198,38.60139,30,"perso"
"4773",13,"Convolvulus lanuginosus",1,2008-06-21,-0.08603,38.53317,30,"perso"
"4774",21,"Convolvulus lanuginosus",1,2008-06-28,-0.6175,38.71027,30,"perso"
"4775",60,"Convolvulus lanuginosus",1,2008-09-18,-0.48486,39.66441,30,"perso"
"4776",38,"Convolvulus lanuginosus",1,2008-11-07,-0.26951,38.99029,30,"perso"
"4777",93,"Convolvulus lanuginosus",1,2009-01-01,0.58595,41.91449,100,"perso"
"4778",49,"Convolvulus lanuginosus",1,2009-04-14,-0.63786,39.54065,30,"perso"
"4779",44,"Convolvulus lanuginosus",1,2009-04-20,-0.60089,39.53363,30,"perso"
"4780",45,"Convolvulus lanuginosus",1,2009-04-20,-0.60359,39.53422,30,"perso"
"4781",48,"Convolvulus lanuginosus",1,2009-04-24,-0.62432,39.5391,30,"perso"
"4782",43,"Convolvulus lanuginosus",1,2009-04-29,-0.60871,39.53254,30,"perso"
"4783",46,"Convolvulus lanuginosus",1,2009-04-29,-0.60917,39.53527,30,"perso"
"4784",68,"Convolvulus lanuginosus",1,2009-06-02,-0.45867,39.71214,30,"perso"
"4785",56,"Convolvulus lanuginosus",1,2009-06-09,-0.62142,39.55047,30,"perso"
"4786",57,"Convolvulus lanuginosus",1,2009-06-09,-0.61884,39.55049,30,"perso"
"4787",58,"Convolvulus lanuginosus",1,2009-06-09,-0.61898,39.551,30,"perso"
"4788",47,"Convolvulus lanuginosus",1,2009-06-10,-0.60739,39.53745,30,"perso"
"4789",54,"Convolvulus lanuginosus",1,2009-06-12,-0.60005,39.54971,30,"perso"
"4790",55,"Convolvulus lanuginosus",1,2009-06-12,-0.60071,39.55033,30,"perso"
"4791",50,"Convolvulus lanuginosus",1,2009-06-14,-0.64058,39.54117,30,"perso"
"4792",20,"Convolvulus lanuginosus",1,2009-06-18,-0.57994,38.68409,30,"perso"
"4793",25,"Convolvulus lanuginosus",1,2009-06-18,-0.53275,38.71914,30,"perso"
"4794",26,"Convolvulus lanuginosus",1,2009-06-18,-0.54424,38.71938,30,"perso"
"4795",31,"Convolvulus lanuginosus",1,2009-06-18,-0.54394,38.72839,30,"perso"
"4796",18,"Convolvulus lanuginosus",1,2009-06-19,-0.53461,38.66512,30,"perso"
"4797",27,"Convolvulus lanuginosus",1,2009-06-19,-0.55574,38.71962,30,"perso"
"4798",28,"Convolvulus lanuginosus",1,2009-06-19,-0.56723,38.71986,30,"perso"
"4799",30,"Convolvulus lanuginosus",1,2009-06-19,-0.53244,38.72815,30,"perso"
"4800",32,"Convolvulus lanuginosus",1,2009-06-19,-0.55543,38.72863,30,"perso"
"4801",33,"Convolvulus lanuginosus",1,2009-06-19,-0.56692,38.72887,30,"perso"
"4802",17,"Convolvulus lanuginosus",1,2009-06-20,-0.51164,38.66463,30,"perso"
"4803",23,"Convolvulus lanuginosus",1,2009-06-21,-0.50362,38.71363,30,"perso"
"4804",29,"Convolvulus lanuginosus",1,2009-06-21,-0.48424,38.72574,30,"perso"
"4805",22,"Convolvulus lanuginosus",1,2009-06-22,-0.55104,38.71095,30,"perso"
"4806",59,"Convolvulus lanuginosus",1,2010-03-17,-0.7679,39.63986,30,"perso"
"4807",10,"Convolvulus lanuginosus",1,2010-04-08,-0.81866,38.25592,30,"perso"
"4808",9,"Convolvulus lanuginosus",1,2010-04-13,-0.99243,38.08805,30,"perso"
"4809",11,"Convolvulus lanuginosus",1,2010-06-03,-0.91721,38.25813,30,"perso"
"4810",52,"Convolvulus lanuginosus",1,2010-06-03,-0.51014,39.54746,30,"perso"
"4811",53,"Convolvulus lanuginosus",1,2010-06-03,-0.50901,39.54814,30,"perso"
"4812",34,"Convolvulus lanuginosus",1,2010-06-14,-0.94616,38.77466,30,"perso"
"4813",19,"Convolvulus lanuginosus",1,2010-06-16,-0.31725,38.66751,30,"perso"
"4814",51,"Convolvulus lanuginosus",1,2010-06-18,-1.45043,39.54414,30,"perso"
"4815",35,"Convolvulus lanuginosus",1,2010-06-22,-0.25858,38.89678,30,"perso"
"4816",36,"Convolvulus lanuginosus",1,2010-06-22,-0.2617,38.89826,30,"perso"
"4817",37,"Convolvulus lanuginosus",1,2010-06-22,-0.2553,38.9033,30,"perso"
"4818",41,"Convolvulus lanuginosus",1,2010-09-21,-0.53783,39.3605,30,"perso"
"4819",89,"Convolvulus lanuginosus",1,2011-01-01,0.57543,41.87374,100,"perso"
"4820",90,"Convolvulus lanuginosus",1,2011-01-01,0.57977,41.88644,100,"perso"
"4821",91,"Convolvulus lanuginosus",1,2011-01-01,0.57971,41.88824,100,"perso"
"4822",92,"Convolvulus lanuginosus",1,2011-01-01,0.58449,41.88924,100,"perso"
"4823",70,"Convolvulus lanuginosus",1,2011-04-12,0.20735,40.44716,30,"perso"
"4824",42,"Convolvulus lanuginosus",1,2011-04-25,-0.50863,39.52854,30,"perso"
"4825",24,"Convolvulus lanuginosus",1,2011-06-12,-0.5311,38.7191,30,"perso"
"4826",16,"Convolvulus lanuginosus",1,2011-06-16,-0.68404,38.63763,30,"perso"
"4827",39,"Convolvulus lanuginosus",1,2013-06-20,-0.77174,39.23518,30,"perso"
"4828",40,"Convolvulus lanuginosus",1,2013-06-20,-0.81159,39.26339,30,"perso"
"4829",5,"Convolvulus lanuginosus",1,2014-05-05,-0.4279,39.70866,1,"perso"
"4830",4,"Convolvulus lanuginosus",1,2014-05-06,-0.60004,39.5476,1,"perso"
"4831",3,"Convolvulus lanuginosus",1,2014-05-07,-0.25545,38.90372,1,"perso"
"4832",2,"Convolvulus lanuginosus",1,2014-05-08,-0.53925,38.71985,1,"perso"
"4833",6,"Convolvulus lanuginosus",1,2014-05-09,-4.35535,37.32868,1,"perso"
"4834",1,"Convolvulus lanuginosus",1,2014-05-13,-2.59785,36.95591,1,"perso"
"4835",71,"Convolvulus lanuginosus",1,2016-01-01,1.94458,41.36444,30,"perso"
"4836",72,"Convolvulus lanuginosus",1,2016-01-01,1.88544,41.58101,30,"perso"
"4837",73,"Convolvulus lanuginosus",1,2016-04-14,0.914314,41.910433,30,"perso"
"4838",75,"Convolvulus lanuginosus",1,2016-04-14,-3.617227,36.794605,100,"perso"
"4839",76,"Convolvulus lanuginosus",1,2016-04-14,-3.611114,36.848061,100,"perso"
"4840",77,"Convolvulus lanuginosus",1,2016-04-14,-2.921633,36.889033,100,"perso"
"4841",78,"Convolvulus lanuginosus",1,2016-04-14,-2.904631,37.000956,100,"perso"
"4842",79,"Convolvulus lanuginosus",1,2016-04-14,-2.823631,37.012544,100,"perso"
"4843",7,"Convolvulus lanuginosus",1,2016-04-14,-4.877838,36.533983,30,"perso"
"4844",8,"Convolvulus lanuginosus",1,2016-04-14,-3.409646,37.789092,30,"perso"
"4845",12,"Convolvulus lanuginosus",1,2016-04-14,-1.17875,38.265854,30,"perso"
"4846",74,"Convolvulus lanuginosus",1,2016-04-14,-3.834164,36.76305,100,"perso"
"4847",81,"Convolvulus lanuginosus",1,2016-04-14,1.243933,41.145712,100,"perso"
"4848",82,"Convolvulus lanuginosus",1,2016-04-14,1.591022,41.435031,100,"perso"
"4849",83,"Convolvulus lanuginosus",1,2016-04-14,1.620062,41.44394,100,"perso"
"4850",84,"Convolvulus lanuginosus",1,2016-04-14,1.618488,41.453818,100,"perso"
