"","bio01","bio02","bio03","bio04","bio05","bio06","bio07","bio08","elev","presence"
"1",16,8,0,583,29,5,25,12,10,1
"2",16,7,0,572,29,5,24,12,39,1
"3",15,5,0,521,25,5,20,16,154,1
"4",14,6,0,525,24,4,20,15,340,1
"5",15,7,0,568,28,5,24,12,51,1
"6",15,4,0,489,25,7,18,13,46,1
"7",15,5,0,506,25,6,19,16,154,1
"8",15,9,0,587,28,3,25,8,149,1
"9",16,4,0,487,25,7,17,13,18,1
"10",16,4,0,489,25,7,17,13,15,1
"11",15,7,0,555,27,5,23,12,98,1
"12",16,8,0,588,29,5,25,12,1,1
"13",16,7,0,574,29,5,24,12,36,1
"15",15,5,0,512,25,6,19,16,98,1
"16",14,6,0,526,25,5,20,15,248,1
"17",15,7,0,564,28,5,24,12,44,1
"18",16,8,0,583,29,5,24,12,15,1
"19",14,5,0,512,24,5,19,16,214,1
"21",16,8,0,585,29,4,25,12,5,1
"22",16,8,0,581,29,5,24,12,36,1
"23",15,5,0,508,25,6,19,16,172,1
"24",15,4,0,504,25,6,18,16,95,1
"25",15,4,0,502,25,6,18,13,102,1
"26",15,6,0,537,27,5,21,12,88,1
"27",14,4,0,494,24,6,18,16,253,1
"28",15,7,0,551,27,5,22,12,58,1
"29",15,7,0,556,28,5,23,12,57,1
"30",15,6,0,542,27,5,22,12,11,1
"31",15,8,0,590,29,4,25,12,72,1
"32",16,8,0,591,29,4,25,12,16,1
"33",15,7,0,556,27,4,23,12,163,1
"34",15,6,0,530,27,6,21,12,32,1
"35",15,7,0,549,27,5,22,12,128,1
"36",15,6,0,529,26,6,21,12,35,1
"37",15,6,0,528,27,6,21,13,4,1
"38",15,4,0,493,25,7,18,13,103,1
"39",15,4,0,488,24,7,18,13,96,1
"41",16,8,0,580,29,5,24,13,3,1
"42",15,8,0,579,29,4,24,12,63,1
"43",16,8,0,577,29,5,24,12,20,1
"44",13,9,0,580,27,2,25,7,369,1
"45",14,8,0,587,28,3,25,11,253,1
"46",15,8,0,588,29,3,25,11,207,1
"47",15,8,0,591,29,4,25,12,110,1
"48",16,7,0,574,29,5,24,12,49,1
"49",15,7,0,548,27,5,22,12,60,1
"50",14,6,0,529,25,5,20,15,251,1
"51",14,6,0,525,25,5,20,15,239,1
"52",16,8,0,593,29,4,25,12,40,1
"54",15,5,0,507,25,6,19,16,174,1
"55",14,5,0,515,24,5,20,15,268,1
"56",14,5,0,518,25,5,20,15,244,1
"57",15,5,0,510,25,6,19,16,180,1
"58",14,5,0,507,24,5,19,15,343,1
"59",15,5,0,505,25,6,19,16,162,1
"60",15,4,0,506,25,6,18,16,85,1
"61",15,8,0,581,29,4,24,12,79,1
"62",15,4,0,500,24,6,18,12,188,1
"63",15,8,0,584,29,4,25,12,69,1
"64",15,8,0,580,29,4,24,12,87,1
"65",15,8,0,582,29,4,25,12,103,1
"66",15,7,0,549,27,5,22,12,82,1
"67",15,8,0,593,29,4,25,12,110,1
"68",15,9,0,587,28,3,25,8,124,1
"69",15,9,0,589,29,3,25,11,116,1
"70",14,9,0,583,28,2,25,8,276,1
"71",15,5,0,513,25,6,19,16,92,1
"74",15,8,0,595,29,4,25,12,60,1
"75",14,5,0,516,24,4,20,15,375,1
"76",14,5,0,511,24,5,19,16,209,1
"77",15,4,0,493,25,7,18,13,84,1
"78",15,9,0,586,28,3,25,8,104,1
"79",14,5,0,516,24,4,20,15,330,1
"80",14,5,0,511,24,5,19,15,252,1
"81",15,4,0,491,24,7,18,13,106,1
"82",15,4,0,491,25,7,18,13,38,1
"83",15,4,0,491,25,7,18,13,56,1
"84",15,4,0,493,25,7,18,17,41,1
"85",15,8,0,585,29,4,25,12,91,1
"86",14,9,0,584,28,2,25,11,261,1
"87",15,4,0,504,25,7,18,16,62,1
"88",15,4,0,507,25,6,19,16,128,1
"89",15,5,0,508,24,6,19,16,195,1
"90",14,5,0,515,25,5,19,16,215,1
"91",15,5,0,512,25,6,19,16,127,1
"92",15,5,0,513,25,5,19,16,196,1
"93",14,9,0,587,28,3,25,8,176,1
"94",14,6,0,531,25,4,21,15,378,1
"95",14,6,0,530,25,5,21,15,280,1
"96",14,6,0,529,25,4,21,15,362,1
"97",15,4,0,487,25,7,18,13,80,1
"98",15,6,0,528,25,5,20,16,205,1
"99",15,4,0,504,25,7,18,16,53,1
"100",15,8,0,591,29,3,25,12,167,1
"101",15,5,0,510,25,6,19,16,131,1
"102",15,7,0,554,28,5,23,12,31,1
"103",15,6,0,562,27,5,22,16,19,1
"104",15,4,0,488,25,7,17,13,39,1
"105",15,4,0,489,24,7,18,13,91,1
"106",16,8,0,589,29,4,25,12,43,1
"107",15,8,0,589,29,4,25,12,76,1
"108",15,8,0,594,29,4,25,12,45,1
"109",15,8,0,591,29,3,25,12,156,1
"110",15,7,0,568,27,5,23,16,48,1
"111",15,7,0,565,27,4,23,16,75,1
"112",15,5,0,513,25,6,19,16,161,1
"113",14,6,0,528,25,5,20,16,230,1
"114",15,5,0,518,25,6,19,16,132,1
"115",14,5,0,508,24,5,19,15,293,1
"116",15,5,0,509,25,6,19,16,135,1
"117",14,5,0,508,24,6,19,16,211,1
"118",15,5,0,508,24,6,19,16,199,1
"119",14,5,0,510,24,5,19,16,220,1
"120",15,4,0,498,25,7,18,13,100,1
"121",15,8,0,588,29,4,25,12,154,1
"122",15,5,0,511,25,6,19,16,191,1
"123",15,5,0,513,25,6,19,16,113,1
"124",15,8,0,592,29,4,25,12,148,1
"125",15,4,0,486,25,7,17,13,26,1
"126",15,4,0,491,24,7,18,13,147,1
"127",15,5,0,505,24,6,19,16,177,1
"128",14,5,0,507,24,5,19,15,264,1
"129",14,5,0,508,24,5,19,15,253,1
"130",14,5,0,508,24,5,19,16,233,1
"131",14,5,0,507,24,5,19,15,360,1
"132",15,5,0,506,25,6,19,16,144,1
"133",16,8,0,583,29,5,25,12,15,1
"134",15,8,0,595,29,4,25,12,67,1
"135",14,9,0,586,28,3,25,11,209,1
"136",14,9,0,585,28,3,25,11,227,1
"137",15,9,0,590,29,3,26,11,116,1
"138",15,9,0,589,28,3,25,11,162,1
"139",15,7,0,557,27,4,23,12,121,1
"140",15,5,0,523,25,5,20,16,172,1
"141",15,8,0,592,29,4,25,12,66,1
"142",16,8,0,582,29,5,24,12,7,1
"143",14,5,0,509,24,5,19,15,257,1
"144",14,5,0,507,24,5,19,15,293,1
"145",14,5,0,510,24,5,19,15,328,1
"146",13,5,0,509,24,4,19,15,398,1
"147",15,5,0,511,25,6,19,16,146,1
"148",15,8,0,594,29,4,25,12,90,1
"149",15,8,0,593,29,4,25,12,113,1
"150",15,9,0,590,28,3,25,8,91,1
"151",14,9,0,585,28,2,25,11,255,1
"152",14,9,0,584,28,3,25,8,181,1
"153",15,6,0,542,27,5,22,12,51,1
"154",14,6,0,521,25,5,20,15,275,1
"155",14,9,0,585,28,3,25,8,159,1
"156",14,9,0,585,28,2,25,8,223,1
"157",14,9,0,582,28,2,25,8,272,1
"158",15,7,0,551,27,5,23,12,103,1
"159",15,5,0,509,25,6,19,16,157,1
"160",14,9,0,583,28,2,25,8,260,1
"161",15,7,0,554,27,4,23,12,144,1
"162",15,8,0,588,29,4,25,12,58,1
"163",16,8,0,589,29,4,25,12,45,1
"164",14,9,0,583,28,2,25,8,221,1
"165",14,9,0,582,27,2,25,8,280,1
"166",15,5,0,532,25,5,20,16,183,1
"167",15,5,0,503,25,6,19,16,118,1
"168",15,4,0,504,25,6,18,16,90,1
"169",15,4,0,489,25,7,18,13,50,1
"170",15,8,0,589,29,4,25,12,105,1
"171",14,5,0,511,24,5,19,15,279,1
"172",14,5,0,512,24,5,19,15,269,1
"173",15,9,0,586,28,3,25,11,162,1
"174",15,9,0,588,28,3,25,11,162,1
"175",15,9,0,587,28,3,25,8,150,1
"176",14,9,0,584,28,3,25,8,215,1
"177",15,8,0,590,29,4,25,12,68,1
"178",15,4,0,504,25,6,18,16,101,1
"179",15,4,0,501,25,7,18,16,82,1
"180",15,4,0,492,25,7,18,13,50,1
"181",14,6,0,524,24,4,20,15,347,1
"182",15,5,0,514,25,6,19,16,112,1
"183",15,9,0,587,28,3,25,8,140,1
"184",15,7,0,554,28,5,23,12,55,1
"185",15,9,0,590,29,3,25,11,99,1
"186",15,9,0,589,29,3,25,11,127,1
"187",14,9,0,584,28,3,25,8,234,1
"188",15,8,0,589,28,3,25,11,152,1
"189",15,4,0,507,25,6,19,16,126,1
"190",14,6,0,530,25,4,21,15,308,1
"191",13,6,0,527,24,4,21,14,408,1
"192",14,6,0,528,25,4,20,15,277,1
"193",14,6,0,531,25,4,21,15,277,1
"194",14,6,0,532,25,4,21,15,343,1
"195",15,5,0,512,25,6,19,16,150,1
"196",14,9,0,577,27,2,25,7,289,1
"197",16,8,0,576,29,5,24,12,7,1
"198",15,9,0,592,29,3,26,12,93,1
"199",15,9,0,590,29,3,26,11,115,1
"200",14,6,0,523,25,5,20,15,244,1
"201",15,5,0,522,25,5,20,16,187,1
"202",15,4,0,496,25,7,18,16,89,1
"203",15,8,0,581,29,4,24,12,51,1
"204",14,5,0,515,24,5,20,15,267,1
"205",14,5,0,514,25,5,19,16,211,1
"206",14,5,0,507,24,5,19,15,334,1
"207",14,5,0,507,24,5,19,16,219,1
"208",15,5,0,508,25,6,19,16,127,1
"209",14,5,0,512,24,5,19,15,268,1
"210",15,8,0,589,28,3,25,11,175,1
"211",15,8,0,590,29,3,25,11,137,1
"212",15,8,0,583,29,4,25,12,115,1
"213",15,8,0,588,28,3,25,11,175,1
"214",15,4,0,504,25,6,18,16,99,1
"215",14,9,0,584,28,3,25,8,195,1
"216",14,9,0,585,28,3,25,8,187,1
"217",14,9,0,584,28,3,25,8,179,1
"218",14,8,0,583,28,3,25,11,276,1
"219",14,8,0,584,28,3,25,11,286,1
"220",15,8,0,588,29,4,25,12,166,1
"221",16,7,0,564,28,5,23,12,3,1
"222",14,5,0,512,24,5,19,16,217,1
"223",15,9,0,591,29,3,25,11,117,1
"224",15,4,0,502,25,7,18,16,67,1
"225",16,7,0,572,29,5,24,12,13,1
"226",15,8,0,582,29,4,24,12,102,1
"227",15,8,0,595,29,4,26,12,66,1
"228",15,8,0,592,29,3,25,11,153,1
"229",14,9,0,584,28,3,25,8,180,1
"230",14,9,0,586,28,3,25,8,194,1
"231",15,9,0,588,29,3,25,8,106,1
"232",15,9,0,590,29,3,26,11,83,1
"233",14,8,0,586,28,3,25,8,187,1
"234",15,9,0,589,28,3,25,8,116,1
"235",14,9,0,587,28,3,25,11,189,1
"236",14,9,0,583,28,2,25,11,266,1
"237",14,6,0,530,25,5,21,15,272,1
"238",15,6,0,541,27,5,22,12,108,1
"239",14,4,0,498,24,6,18,12,236,1
"240",15,5,0,509,25,6,19,16,179,1
"242",15,8,0,588,29,4,25,12,100,1
"243",14,9,0,583,28,3,25,8,252,1
"244",14,9,0,584,28,3,25,8,204,1
"245",14,5,0,520,25,5,20,16,204,1
"246",13,11,0,585,28,1,28,10,851,1
"247",17,9,0,556,30,5,24,18,194,1
"248",19,6,0,461,28,10,19,17,40,1
"249",15,7,0,534,26,4,22,16,234,1
"250",15,6,0,556,27,5,22,16,643,1
"251",14,7,0,558,26,4,22,15,836,1
"252",17,6,0,460,27,8,19,12,311,1
"253",14,10,0,564,27,2,25,15,706,1
"254",14,10,0,611,29,2,28,15,534,1
"255",17,6,0,508,28,8,20,19,213,1
"256",19,6,0,480,29,9,20,17,111,1
"257",17,10,0,576,31,4,27,17,496,1
"258",16,7,0,550,27,5,22,17,573,1
"259",13,11,0,587,28,1,27,9,938,1
"260",14,9,0,557,27,2,25,15,640,1
"261",13,9,0,565,26,1,25,14,807,1
"262",16,7,0,553,27,5,22,17,571,1
"263",10,11,0,635,26,-3,29,6,1748,1
"264",14,10,0,554,28,2,27,8,920,1
"266",18,8,0,549,30,6,24,19,68,1
"267",14,10,0,561,27,2,25,15,594,1
"268",14,10,0,592,29,2,27,15,888,1
"269",17,11,0,592,31,3,28,17,456,1
"270",16,9,0,546,28,4,24,16,440,1
"271",18,6,0,507,29,9,20,19,120,1
"272",15,10,0,557,29,3,26,16,536,1
"273",14,7,0,565,27,4,23,15,788,1
"274",16,10,0,603,31,3,28,17,582,1
"275",15,11,0,643,31,2,29,18,445,1
"277",18,10,0,578,32,5,27,18,277,1
"278",15,8,0,558,28,4,24,16,528,1
"279",18,11,0,575,32,5,27,18,355,1
"280",13,12,0,669,29,-1,30,13,626,1
"281",16,10,0,581,31,4,27,17,467,1
"282",16,11,0,592,31,3,28,17,542,1
"283",14,10,0,592,28,1,26,15,332,1
"284",14,10,0,593,28,1,26,15,358,1
"285",14,11,0,644,30,1,30,7,1111,1
"286",12,11,0,637,28,-2,30,5,1249,1
"287",15,11,0,574,30,3,27,16,475,1
"288",17,10,0,550,30,5,25,18,196,1
"289",14,10,0,565,28,1,26,14,803,1
"290",15,10,0,566,29,3,26,16,556,1
"291",15,10,0,565,29,3,26,16,536,1
"292",15,10,0,563,29,3,26,16,538,1
"293",13,10,0,563,28,1,26,14,826,1
"294",13,10,0,563,27,1,26,14,876,1
"295",13,10,0,563,27,1,26,14,863,1
"296",14,10,0,566,28,2,26,14,777,1
"297",14,10,0,563,28,1,26,14,813,1
"298",13,10,0,563,27,1,26,14,869,1
"299",13,10,0,564,28,1,26,14,857,1
"300",14,7,0,569,26,3,23,15,862,1
"301",16,6,0,546,27,6,22,17,514,1
"302",17,11,0,577,31,4,27,18,264,1
"303",16,7,0,528,27,6,22,11,689,1
"304",14,11,0,624,30,1,29,11,942,1
"305",11,11,0,640,28,-1,29,13,1200,1
"306",17,8,0,530,28,6,23,18,216,1
"307",17,8,0,525,28,6,22,18,140,1
"308",17,8,0,518,28,7,22,18,105,1
"309",17,8,0,528,29,6,23,18,143,1
"310",17,8,0,530,28,6,23,18,199,1
"311",17,8,0,528,28,6,22,18,171,1
"312",17,8,0,521,28,6,22,18,120,1
"313",17,8,0,528,28,6,22,18,194,1
"314",17,8,0,523,28,6,22,18,149,1
"315",18,7,0,513,29,7,22,19,37,1
"316",18,7,0,512,28,7,21,19,35,1
"317",17,8,0,551,29,6,23,18,71,1
"318",15,10,0,582,28,2,26,15,542,1
"319",16,9,0,568,29,4,25,17,197,1
"320",14,10,0,587,28,1,26,14,639,1
"321",17,7,0,523,28,6,22,18,79,1
"322",17,10,0,562,30,5,25,18,135,1
"323",16,11,0,590,31,3,28,17,403,1
"324",16,11,0,594,31,4,28,17,355,1
"325",15,6,0,555,27,5,22,16,673,1
"326",17,9,0,536,29,5,24,18,185,1
"327",17,9,0,541,29,5,24,18,234,1
"328",14,11,0,660,31,1,30,10,772,1
"329",19,11,0,574,33,5,28,19,63,1
"330",14,11,0,606,30,1,28,11,727,1
"331",14,11,0,609,30,1,28,11,702,1
"332",16,10,0,568,30,4,27,17,349,1
"333",16,10,0,572,30,3,27,17,406,1
"334",15,10,0,557,29,3,26,16,562,1
"335",15,10,0,560,29,3,26,16,545,1
"336",15,10,0,559,29,3,26,16,498,1
"337",15,10,0,558,29,3,26,16,464,1
"338",13,6,0,517,24,4,20,8,1092,1
"339",15,11,0,607,30,2,28,15,820,1
"340",18,10,0,564,32,6,26,19,75,1
"341",16,9,0,546,28,4,24,17,423,1
"342",16,9,0,543,28,4,24,17,372,1
"343",15,7,0,533,26,5,22,10,850,1
"344",16,9,0,546,28,5,24,17,320,1
"345",16,9,0,552,28,4,24,17,436,1
"346",14,10,0,572,28,2,26,15,744,1
"347",14,10,0,567,29,2,26,15,654,1
"348",15,11,0,597,31,3,28,16,573,1
"349",15,9,0,554,28,3,25,16,501,1
"350",17,11,0,575,31,4,27,18,222,1
"351",17,10,0,572,31,5,27,18,137,1
"352",18,10,0,564,31,5,26,18,114,1
"353",17,10,0,564,30,5,25,18,136,1
"354",16,10,0,556,29,3,26,16,450,1
"355",16,10,0,558,29,4,26,17,400,1
"356",16,10,0,560,29,3,26,16,427,1
"357",17,9,0,562,29,5,25,17,335,1
"358",16,9,0,549,29,4,25,17,291,1
"359",16,10,0,550,29,4,25,17,293,1
"360",16,11,0,691,33,2,31,9,558,1
"361",13,12,0,669,29,-1,30,13,613,1
"362",18,10,0,568,31,5,26,18,149,1
"363",16,9,0,564,29,4,25,17,423,1
"364",17,11,0,586,32,4,28,18,295,1
"365",16,11,0,595,31,3,28,17,492,1
"366",16,9,0,546,28,4,24,17,374,1
"367",17,8,0,527,28,6,22,18,176,1
"368",17,8,0,529,28,6,23,18,195,1
"369",17,8,0,526,28,6,22,18,154,1
"370",17,11,0,574,31,4,27,17,288,1
"371",16,11,0,620,31,2,29,16,474,1
"372",14,11,0,590,30,2,28,15,677,1
"373",15,11,0,579,29,2,27,15,623,1
"374",16,10,0,615,31,3,28,17,432,1
"375",16,10,0,615,31,3,28,17,411,1
"376",13,11,0,617,29,1,28,14,895,1
"377",14,11,0,618,30,1,29,15,750,1
"378",16,10,0,558,31,4,27,10,412,1
"379",14,11,0,603,30,2,28,15,766,1
"380",17,5,0,479,27,8,19,12,398,1
"381",17,12,0,630,33,3,30,17,409,1
"382",16,11,0,568,30,4,27,17,393,1
"383",18,8,0,536,30,7,23,19,163,1
"384",18,8,0,531,30,7,23,19,161,1
"385",13,11,0,591,28,1,28,14,877,1
"386",17,11,0,574,31,4,27,18,224,1
"387",15,11,0,585,30,2,28,16,530,1
"388",13,10,0,555,28,1,27,8,1005,1
"389",15,11,0,590,30,2,28,16,570,1
"390",17,3,0,478,26,10,17,19,174,1
"391",16,11,0,596,31,3,28,17,452,1
"392",17,11,0,590,32,4,28,17,332,1
"393",14,11,0,605,29,1,28,14,871,1
"394",14,11,0,607,30,1,28,15,830,1
"395",12,11,0,586,27,0,27,13,1042,1
"396",13,11,0,603,28,0,28,9,988,1
"397",13,11,0,606,29,1,28,10,903,1
"398",15,11,0,582,30,2,27,16,588,1
"399",16,11,0,604,32,3,28,17,437,1
"400",13,10,0,597,28,1,28,14,1032,1
"401",14,11,0,609,29,1,28,14,950,1
"402",13,10,0,597,28,0,28,13,1062,1
"403",14,10,0,560,28,2,26,15,656,1
"404",17,7,0,455,27,8,20,13,260,1
"405",16,11,0,634,33,3,30,17,501,1
"406",17,9,0,557,30,5,25,18,313,1
"409",17,9,0,552,30,6,25,18,281,1
"410",15,9,0,576,29,3,26,16,661,1
"411",17,9,0,554,30,6,24,18,185,1
"412",16,11,0,595,31,3,28,16,635,1
"413",17,8,0,534,28,5,23,18,206,1
"414",15,9,0,546,28,4,24,16,429,1
"415",16,7,0,539,27,4,22,17,361,1
"416",17,9,0,552,30,6,24,18,175,1
"417",17,10,0,551,30,5,25,18,136,1
"418",17,9,0,551,30,6,24,18,152,1
"419",16,11,0,595,31,3,28,17,559,1
"420",15,11,0,601,30,3,28,16,673,1
"421",18,5,0,494,28,9,19,20,132,1
"422",18,8,0,546,29,6,23,19,95,1
"423",15,10,0,561,30,3,27,9,603,1
"424",18,6,0,501,29,9,20,20,59,1
"425",16,9,0,539,30,4,26,10,607,1
"426",15,11,0,597,30,2,28,16,635,1
"427",15,10,0,613,30,2,28,15,791,1
"429",18,8,0,547,30,6,23,19,102,1
"430",14,11,0,603,30,1,28,15,805,1
"431",14,11,0,604,30,2,28,15,757,1
"432",15,6,0,500,26,6,20,10,706,1
"433",16,6,0,495,27,7,20,12,497,1
"434",15,10,0,606,30,2,27,9,849,1
"435",16,11,0,641,31,2,30,9,835,1
"436",13,12,0,634,29,-1,30,6,1152,1
"437",18,8,0,535,29,7,22,19,110,1
"438",17,8,0,538,29,6,22,19,142,1
"439",17,8,0,536,29,6,22,19,117,1
"440",17,8,0,536,29,6,22,18,155,1
"441",15,10,0,566,29,2,26,15,651,1
"442",16,10,0,559,29,3,26,16,423,1
"443",13,10,0,557,27,1,25,14,878,1
"444",14,10,0,557,27,2,25,14,797,1
"445",16,10,0,558,30,4,26,17,360,1
"446",16,10,0,559,30,4,26,17,403,1
"447",16,10,0,559,29,3,26,16,441,1
"448",16,10,0,560,29,3,26,17,421,1
"449",16,10,0,558,30,4,26,17,343,1
"450",15,10,0,562,29,3,26,16,559,1
"451",16,11,0,603,31,3,28,17,454,1
"452",18,9,0,549,30,6,24,19,119,1
"453",17,9,0,550,30,6,24,18,134,1
"454",17,9,0,560,30,5,25,18,263,1
"455",16,9,0,570,29,4,25,17,254,1
"456",16,11,0,624,32,3,29,17,394,1
"457",16,11,0,630,32,2,29,16,450,1
"458",16,11,0,651,33,3,30,17,429,1
"459",15,10,0,608,30,2,28,16,689,1
"460",16,11,0,613,31,3,29,16,532,1
"461",16,8,0,572,28,4,24,10,797,1
"462",18,5,0,417,27,10,17,14,56,1
"463",16,10,0,611,30,3,28,9,798,1
"464",15,10,0,585,29,3,27,16,664,1
"465",15,10,0,585,29,3,27,16,613,1
"466",15,10,0,585,29,3,27,16,660,1
"467",15,10,0,586,29,2,27,16,671,1
"468",15,10,0,587,29,2,27,15,706,1
"469",16,9,0,546,29,4,24,17,289,1
"470",16,9,0,546,29,4,25,17,311,1
"471",16,9,0,544,29,4,24,17,285,1
"472",14,11,0,580,29,2,27,11,735,1
"473",16,11,0,613,31,3,29,17,409,1
"474",15,9,0,554,28,3,25,16,531,1
"475",14,11,0,586,29,1,28,15,722,1
"476",15,11,0,584,30,2,27,16,567,1
"477",17,10,0,571,31,5,26,18,238,1
"478",17,10,0,570,30,5,26,18,307,1
"479",15,10,0,568,30,3,26,16,480,1
"480",16,10,0,565,30,4,26,17,428,1
"481",16,10,0,568,30,3,26,16,475,1
"482",15,10,0,566,30,3,26,16,488,1
"483",17,8,0,541,29,6,23,18,154,1
"484",17,9,0,545,29,5,24,18,228,1
"485",17,9,0,548,29,5,24,18,245,1
"486",17,9,0,548,29,5,24,18,224,1
"487",17,9,0,549,29,5,24,18,199,1
"488",17,8,0,544,29,6,23,18,166,1
"489",18,8,0,541,29,6,23,19,111,1
"490",17,8,0,540,29,6,23,18,136,1
"491",18,8,0,538,29,6,23,19,119,1
"492",17,8,0,542,29,6,23,19,130,1
"493",17,8,0,542,29,6,23,18,159,1
"494",18,8,0,543,29,6,23,19,83,1
"495",18,8,0,546,30,6,23,19,87,1
"496",18,8,0,542,29,7,23,19,62,1
"497",18,8,0,542,29,7,22,19,103,1
"498",18,7,0,540,29,7,22,19,74,1
"499",18,7,0,538,29,7,22,19,56,1
"500",16,9,0,573,29,4,25,17,324,1
"501",15,10,0,568,28,3,25,16,463,1
"502",15,10,0,567,28,3,26,16,473,1
"503",17,8,0,546,28,5,23,18,273,1
"504",17,8,0,546,29,5,23,18,276,1
"505",17,8,0,543,28,5,23,18,243,1
"506",16,8,0,551,28,5,24,17,377,1
"507",17,10,0,553,30,5,25,18,172,1
"508",18,8,0,544,30,6,23,19,70,1
"509",13,10,0,590,28,1,27,14,1015,1
"510",14,11,0,595,29,1,28,14,799,1
"511",14,11,0,594,29,1,28,14,813,1
"512",18,10,0,536,31,6,25,19,248,1
"513",18,8,0,542,29,7,23,19,65,1
"514",17,10,0,526,31,5,26,12,334,1
"515",15,9,0,546,28,4,24,16,473,1
"516",12,11,0,590,28,0,28,9,1087,1
"517",18,11,0,571,32,5,27,19,76,1
"518",18,11,0,573,32,5,27,18,129,1
"519",13,10,0,563,28,1,26,14,831,1
"520",14,10,0,561,28,2,26,14,773,1
"521",16,11,0,595,31,4,28,17,380,1
"522",17,9,0,539,29,5,24,18,161,1
"523",17,9,0,538,29,5,24,18,188,1
"524",17,9,0,538,29,5,24,18,195,1
"525",17,9,0,540,29,5,24,18,184,1
"526",17,10,0,557,31,5,26,18,171,1
"527",18,7,0,536,29,7,22,19,57,1
"528",15,11,0,587,30,3,28,16,528,1
"529",15,11,0,587,30,2,28,16,580,1
"530",16,11,0,588,31,3,28,17,364,1
"531",17,8,0,532,29,6,23,18,194,1
"532",13,11,0,575,28,1,27,14,939,1
"533",17,11,0,579,31,4,27,17,276,1
"534",15,11,0,609,30,2,28,11,646,1
"535",18,8,0,546,30,6,24,19,85,1
"536",18,8,0,545,30,6,24,19,75,1
"538",18,8,0,545,29,6,23,19,101,1
"539",18,8,0,545,30,6,23,19,80,1
"540",17,9,0,549,30,6,24,18,140,1
"541",17,9,0,552,30,6,24,18,152,1
"542",18,8,0,548,30,6,24,19,124,1
"543",18,8,0,547,30,6,24,19,98,1
"544",17,9,0,548,30,6,24,18,133,1
"545",16,11,0,588,31,3,28,16,458,1
"546",15,11,0,588,30,2,28,16,564,1
"547",16,11,0,585,31,3,28,17,350,1
"549",14,6,0,487,25,5,20,10,785,1
"550",18,9,0,548,30,6,24,19,102,1
"551",18,9,0,547,30,6,24,19,77,1
"552",17,11,0,582,32,4,28,18,227,1
"553",16,11,0,582,31,3,27,17,408,1
"554",16,11,0,583,31,4,27,17,333,1
"555",15,5,0,479,25,7,19,11,654,1
"556",14,7,0,511,26,4,22,9,845,1
"557",16,11,0,588,31,3,28,17,441,1
"558",15,11,0,593,30,2,28,12,552,1
"559",15,11,0,595,30,2,28,11,619,1
"560",15,11,0,593,30,2,28,12,536,1
"561",16,11,0,584,31,3,28,17,392,1
"562",15,11,0,595,30,2,28,11,637,1
"563",17,11,0,580,32,4,28,18,186,1
"564",17,11,0,580,31,4,28,18,253,1
"565",13,11,0,634,29,0,29,15,956,1
"566",13,10,0,601,28,1,28,14,1046,1
"567",15,11,0,598,30,2,28,16,622,1
"568",14,11,0,598,29,1,28,14,857,1
"569",13,11,0,600,29,1,28,14,891,1
"570",15,10,0,590,30,3,27,16,574,1
"571",16,6,0,547,27,6,22,17,540,1
"572",16,6,0,539,28,6,21,18,432,1
"573",17,4,0,489,27,9,17,19,213,1
"574",16,11,0,566,30,4,27,17,332,1
"575",16,11,0,570,30,3,27,17,396,1
"576",14,10,0,582,28,2,26,14,910,1
"577",17,10,0,567,31,4,26,17,291,1
"578",17,10,0,565,31,4,26,17,264,1
"579",12,10,0,596,27,0,27,12,1248,1
"580",17,11,0,586,32,4,28,18,381,1
"581",17,11,0,587,32,4,28,18,330,1
"582",18,7,0,542,29,7,22,19,86,1
"583",17,12,0,598,32,3,28,17,405,1
"584",17,12,0,594,32,3,28,18,357,1
"585",17,10,0,554,31,5,26,18,196,1
"586",15,5,0,472,25,7,18,11,662,1
"587",16,10,0,607,31,3,28,17,535,1
"588",15,11,0,585,30,3,28,16,514,1
"589",17,11,0,580,31,4,28,17,305,1
"590",17,10,0,560,30,5,26,18,197,1
"591",17,10,0,562,30,5,26,18,230,1
"592",17,10,0,563,30,5,26,18,240,1
"593",15,11,0,602,31,2,28,16,605,1
"594",17,10,0,558,31,5,26,18,220,1
"595",16,8,0,534,28,5,23,18,269,1
"596",17,8,0,530,28,6,22,18,250,1
"597",16,11,0,595,31,3,28,13,401,1
"598",18,8,0,541,29,7,23,19,42,1
"599",18,8,0,543,29,7,23,19,70,1
"600",18,8,0,545,29,6,23,19,95,1
"601",16,9,0,564,30,4,25,17,370,1
"602",16,9,0,565,29,4,25,17,433,1
"603",16,9,0,566,29,4,25,17,474,1
"604",17,9,0,560,30,5,25,17,325,1
"605",16,9,0,564,30,4,25,17,372,1
"606",16,9,0,565,29,4,25,17,441,1
"607",15,9,0,574,29,3,26,16,610,1
"608",15,7,0,528,27,5,22,10,758,1
"609",15,10,0,578,29,3,26,16,698,1
"610",18,6,0,483,28,8,20,19,218,1
"611",18,6,0,478,28,9,20,20,96,1
"612",16,10,0,600,31,3,28,17,557,1
"613",16,10,0,607,31,3,28,16,652,1
"614",17,8,0,547,29,6,23,19,134,1
"615",16,10,0,612,31,3,28,17,408,1
"616",15,10,0,623,31,2,29,16,555,1
"617",14,11,0,620,30,1,29,15,736,1
"618",15,11,0,621,30,2,29,15,645,1
"619",14,7,0,546,26,3,23,8,1043,1
"620",18,8,0,546,30,6,24,19,85,1
"621",17,6,0,521,28,7,21,19,229,1
"622",13,10,0,569,27,1,27,13,976,1
"623",13,10,0,571,28,1,27,14,864,1
"624",18,4,0,424,27,10,16,14,109,1
"625",18,8,0,541,29,7,23,19,78,1
"626",17,10,0,571,30,4,26,18,264,1
"627",16,8,0,534,27,5,22,17,350,1
"628",15,8,0,547,27,4,23,16,572,1
"629",18,8,0,528,29,7,22,19,40,1
"630",18,8,0,528,29,7,22,19,85,1
"631",18,8,0,528,30,7,22,19,21,1
"632",18,8,0,532,30,7,23,19,21,1
"633",15,9,0,546,28,4,24,16,460,1
"634",16,9,0,544,28,4,24,17,399,1
"635",13,10,0,593,27,0,27,13,1078,1
"636",13,10,0,593,28,1,27,14,1063,1
"637",17,9,0,560,30,5,24,18,214,1
"638",17,10,0,590,31,4,27,17,351,1
"639",17,10,0,587,31,4,27,17,362,1
"640",17,10,0,591,31,4,28,17,360,1
"641",16,11,0,602,31,3,28,16,524,1
"642",16,10,0,591,31,4,27,17,417,1
"643",14,11,0,634,30,0,30,8,994,1
"644",18,8,0,546,30,6,24,19,97,1
"645",16,10,0,574,30,3,27,17,394,1
"646",17,10,0,566,30,5,26,18,198,1
"647",15,11,0,595,30,2,28,16,587,1
"648",15,11,0,594,31,3,28,16,544,1
"649",16,11,0,589,31,3,28,16,462,1
"650",16,11,0,586,31,3,28,17,420,1
"651",16,11,0,584,31,4,28,17,330,1
"652",16,11,0,586,31,3,28,17,427,1
"653",16,11,0,592,31,3,28,16,479,1
"654",16,11,0,588,31,3,28,16,472,1
"655",16,11,0,593,31,3,28,16,503,1
"656",17,11,0,585,31,4,28,17,331,1
"657",16,11,0,589,31,3,28,16,499,1
"658",16,11,0,585,31,3,28,17,362,1
"659",17,11,0,585,31,4,28,17,311,1
"660",15,11,0,591,30,2,28,16,568,1
"661",16,11,0,588,31,3,28,17,443,1
"662",16,11,0,587,31,3,28,17,394,1
"663",17,8,0,541,29,6,23,18,255,1
"664",14,10,0,569,29,2,27,15,688,1
"665",15,11,0,572,30,3,27,16,494,1
"666",15,10,0,566,30,3,26,16,506,1
"667",16,11,0,571,30,3,27,16,446,1
"668",15,11,0,573,30,3,27,16,537,1
"669",15,11,0,570,30,3,27,16,571,1
"670",16,11,0,571,30,3,27,16,436,1
"671",16,11,0,570,30,4,27,17,397,1
"672",16,11,0,570,30,3,27,16,445,1
"673",15,11,0,573,30,3,27,16,502,1
"674",17,9,0,563,30,5,25,18,285,1
"675",14,11,0,582,29,1,27,10,803,1
"676",14,11,0,581,29,2,27,15,736,1
"677",14,11,0,580,29,2,27,15,745,1
"678",14,11,0,582,29,2,27,15,751,1
"679",16,8,0,550,28,4,24,17,403,1
"680",13,10,0,597,28,0,27,13,1078,1
"681",16,9,0,551,28,4,24,17,404,1
"682",13,11,0,601,29,1,28,14,926,1
"683",15,8,0,564,27,4,24,16,629,1
"684",16,9,0,550,28,4,24,17,362,1
"685",14,9,0,564,27,3,25,15,664,1
"686",15,9,0,558,28,3,25,16,535,1
"687",15,9,0,559,28,3,25,16,584,1
"688",16,9,0,565,29,4,25,17,439,1
"689",16,7,0,532,28,6,22,18,398,1
"690",16,7,0,532,28,6,22,17,430,1
"691",17,6,0,509,28,7,21,19,166,1
"692",13,11,0,584,28,0,27,9,973,1
"693",15,11,0,584,30,3,28,12,513,1
"694",16,9,0,526,29,5,24,11,440,1
"695",17,8,0,539,29,6,23,18,237,1
"696",17,10,0,579,31,4,27,18,314,1
"697",18,7,0,528,29,7,22,19,17,1
"698",18,7,0,531,29,7,22,19,46,1
"699",15,9,0,576,28,3,26,15,692,1
"700",18,8,0,536,30,7,24,19,160,1
"701",18,9,0,548,30,6,24,19,238,1
"702",17,10,0,569,30,5,26,18,317,1
"703",17,10,0,571,31,5,26,18,248,1
"704",17,10,0,568,30,5,26,18,283,1
"705",17,9,0,555,29,5,24,18,327,1
"706",16,9,0,561,29,4,25,17,428,1
"707",17,9,0,553,30,5,24,18,289,1
"708",16,9,0,563,29,4,25,17,400,1
"709",17,9,0,560,30,5,25,18,316,1
"710",17,10,0,550,30,5,25,18,120,1
"711",17,10,0,552,30,5,25,18,156,1
"712",14,10,0,593,29,1,27,15,883,1
"713",17,8,0,520,28,6,22,19,63,1
"714",18,7,0,507,28,7,21,19,30,1
"715",18,7,0,508,28,7,21,19,37,1
"716",18,7,0,502,28,8,20,19,7,1
"717",17,7,0,510,28,7,21,19,57,1
"718",17,7,0,510,28,7,21,19,75,1
"719",17,7,0,511,28,7,21,19,64,1
"720",18,7,0,506,28,8,21,19,15,1
"721",18,7,0,507,28,7,21,19,26,1
"722",15,11,0,606,30,2,28,16,671,1
"723",16,11,0,603,31,3,28,17,474,1
"724",14,11,0,594,29,1,28,14,805,1
"725",17,10,0,557,30,5,26,18,232,1
"726",18,8,0,533,29,7,23,19,63,1
"727",18,8,0,531,29,7,22,19,34,1
"728",18,8,0,535,30,7,23,19,67,1
"729",17,8,0,546,29,6,23,18,258,1
"730",13,9,0,557,27,2,25,14,786,1
"731",14,9,0,556,27,3,25,15,662,1
"732",14,10,0,602,29,1,28,14,952,1
"733",12,9,0,554,25,0,24,12,1053,1
"734",17,8,0,534,29,7,23,19,132,1
"735",14,10,0,587,29,2,27,15,819,1
"736",14,10,0,586,28,2,27,15,860,1
"737",14,10,0,588,29,2,27,15,806,1
"738",13,11,0,582,28,1,27,10,883,1
"739",13,11,0,582,28,1,27,10,872,1
"740",13,11,0,582,28,1,27,10,857,1
"741",13,11,0,582,28,1,27,10,914,1
"742",13,11,0,584,28,1,27,9,958,1
"743",13,10,0,592,27,0,27,13,1121,1
"744",16,9,0,563,29,4,25,17,411,1
"745",14,10,0,587,29,2,27,15,787,1
"746",13,11,0,584,28,1,27,10,919,1
"747",17,9,0,549,30,5,24,18,156,1
"748",17,9,0,548,30,6,24,18,127,1
"749",17,9,0,549,30,5,24,18,144,1
"750",17,9,0,541,29,5,24,18,214,1
"751",16,10,0,545,29,4,25,17,275,1
"752",16,10,0,544,29,5,24,17,282,1
"753",16,10,0,549,29,4,25,17,309,1
"754",17,8,0,530,29,7,22,19,148,1
"755",17,8,0,533,29,6,23,18,213,1
"756",17,8,0,532,29,6,22,18,204,1
"757",17,8,0,530,29,6,22,18,206,1
"758",17,8,0,526,29,7,22,19,140,1
"759",17,8,0,534,29,6,22,18,246,1
"760",17,8,0,526,29,7,22,19,140,1
"761",17,9,0,537,28,5,23,18,171,1
"762",17,9,0,534,29,5,23,18,154,1
"763",17,9,0,534,28,5,23,18,143,1
"764",17,9,0,539,29,5,24,18,189,1
"765",17,9,0,540,29,5,24,18,189,1
"766",17,9,0,541,29,5,24,18,180,1
"767",17,9,0,541,29,5,24,18,192,1
"768",15,10,0,560,28,3,26,16,548,1
"769",16,10,0,557,29,3,26,16,466,1
"770",16,10,0,558,29,4,26,17,430,1
"771",16,10,0,553,29,4,25,17,335,1
"772",16,10,0,556,29,4,26,17,420,1
"773",16,10,0,557,29,4,25,17,407,1
"774",17,10,0,552,30,5,25,18,154,1
"775",17,10,0,552,30,5,25,18,166,1
"776",17,10,0,552,30,5,25,18,184,1
"777",17,10,0,565,31,4,26,17,297,1
"778",17,10,0,554,31,5,26,18,148,1
"779",16,10,0,565,30,4,26,17,337,1
"780",16,10,0,562,31,4,26,17,306,1
"781",17,10,0,562,30,4,26,17,292,1
"782",16,10,0,567,30,4,26,17,368,1
"783",16,11,0,579,31,3,27,17,402,1
"784",16,10,0,562,30,4,26,17,301,1
"785",17,7,0,527,28,7,22,18,272,1
"786",17,7,0,527,28,7,22,18,261,1
"787",15,11,0,582,30,3,27,16,493,1
"788",16,11,0,588,31,4,28,17,320,1
"789",16,11,0,585,31,4,28,17,354,1
"790",16,11,0,582,31,3,27,17,381,1
"791",17,11,0,583,31,4,28,17,274,1
"792",16,11,0,590,31,3,28,16,495,1
"793",16,11,0,587,31,3,28,16,486,1
"794",16,11,0,587,31,3,28,17,416,1
"795",18,8,0,542,30,7,23,19,61,1
"796",16,10,0,548,29,4,25,17,282,1
"797",15,11,0,619,31,3,29,12,542,1
"798",15,11,0,617,31,2,29,11,613,1
"799",15,11,0,617,31,2,29,11,648,1
"800",15,11,0,619,31,2,29,11,658,1
"801",15,11,0,618,31,2,29,11,653,1
"802",15,11,0,617,31,3,29,12,545,1
"804",15,11,0,620,31,2,29,15,654,1
"805",15,11,0,621,30,2,29,15,699,1
"806",15,11,0,623,31,2,29,11,615,1
"807",15,11,0,623,31,2,29,11,590,1
"808",15,11,0,621,31,2,29,11,681,1
"809",14,11,0,620,30,2,29,15,725,1
"810",15,11,0,621,30,2,29,15,701,1
"811",17,6,0,507,28,8,20,19,189,1
"812",18,6,0,498,29,9,20,20,61,1
"813",17,6,0,516,28,8,21,19,206,1
"814",17,6,0,522,28,7,21,18,318,1
"815",17,6,0,518,28,7,21,19,238,1
"817",14,10,0,599,29,1,28,14,938,1
"818",17,9,0,549,29,5,24,18,232,1
"819",17,9,0,554,30,6,24,18,148,1
"820",18,9,0,552,30,6,24,19,104,1
"821",16,10,0,562,30,4,26,17,323,1
"822",16,10,0,563,30,4,26,17,340,1
"823",16,10,0,560,29,3,26,16,466,1
"824",16,10,0,559,30,4,26,17,374,1
"825",16,10,0,562,30,4,26,17,365,1
"826",16,10,0,561,30,3,26,16,426,1
"827",15,10,0,564,29,3,26,15,605,1
"828",15,10,0,563,29,3,26,16,510,1
"829",16,10,0,562,30,3,26,17,418,1
"830",16,10,0,560,30,4,26,17,373,1
"831",17,10,0,562,31,5,26,18,132,1
"832",17,10,0,564,31,5,26,18,174,1
"833",15,10,0,564,30,3,26,16,489,1
"834",17,10,0,557,31,5,26,18,208,1
"835",17,10,0,560,30,4,26,17,274,1
"836",17,10,0,561,31,4,26,17,268,1
"837",16,10,0,562,30,4,26,17,300,1
"838",17,10,0,558,31,5,26,18,223,1
"839",17,10,0,556,31,5,26,18,218,1
"840",17,10,0,558,31,5,26,18,219,1
"841",17,10,0,556,30,5,26,18,219,1
"842",17,10,0,559,31,4,26,18,254,1
"843",17,10,0,560,31,5,26,18,219,1
"844",17,10,0,559,31,5,26,18,236,1
"845",17,10,0,558,31,5,26,18,199,1
"846",16,10,0,568,30,3,27,17,421,1
"847",16,10,0,567,30,4,27,17,405,1
"848",16,10,0,568,30,3,27,16,457,1
"849",16,11,0,567,30,3,27,16,431,1
"850",16,11,0,568,30,3,27,16,432,1
"851",17,11,0,575,31,4,27,18,243,1
"852",16,11,0,575,30,3,27,17,407,1
"853",17,11,0,578,31,4,27,17,273,1
"854",16,10,0,562,31,3,27,13,473,1
"855",17,10,0,562,30,4,26,18,268,1
"856",17,10,0,562,30,4,26,18,260,1
"857",17,9,0,552,30,5,25,18,169,1
"858",16,11,0,582,31,4,27,17,344,1
"859",15,11,0,584,30,3,27,16,517,1
"860",16,11,0,583,31,4,28,17,335,1
"861",16,11,0,588,31,4,28,17,338,1
"862",16,11,0,590,31,4,28,17,344,1
"863",16,11,0,590,31,3,28,12,426,1
"864",16,11,0,590,31,4,28,17,360,1
"865",16,11,0,585,30,3,28,16,479,1
"866",17,9,0,550,30,6,24,18,147,1
"867",17,9,0,553,30,5,25,18,218,1
"868",17,9,0,553,30,5,25,18,202,1
"869",17,11,0,572,31,4,27,18,216,1
"870",16,11,0,610,31,3,28,17,416,1
"871",16,10,0,613,31,3,28,17,420,1
"872",15,10,0,612,31,2,28,16,504,1
"873",15,11,0,577,30,3,27,16,568,1
"874",15,11,0,579,29,2,27,15,611,1
"875",15,11,0,576,30,3,27,16,548,1
"876",14,11,0,579,29,2,27,15,707,1
"877",17,9,0,551,30,6,25,18,135,1
"878",17,9,0,552,30,5,25,18,213,1
"879",18,9,0,550,30,6,24,19,102,1
"880",17,10,0,550,30,5,25,18,198,1
"881",17,9,0,550,30,5,25,18,195,1
"882",18,10,0,575,32,5,27,19,258,1
"883",14,10,0,593,29,1,27,14,886,1
"884",14,10,0,594,29,2,27,15,797,1
"885",14,10,0,592,29,1,27,15,861,1
"886",14,10,0,592,29,1,27,15,854,1
"887",17,10,0,567,30,4,26,17,281,1
"888",17,10,0,565,31,4,26,18,220,1
"889",16,10,0,570,30,4,27,17,365,1
"890",17,10,0,566,31,4,26,17,255,1
"891",18,7,0,540,29,7,22,19,71,1
"892",13,10,0,596,28,1,28,14,944,1
"893",13,10,0,596,28,1,28,14,942,1
"894",13,10,0,599,28,1,28,14,980,1
"895",13,10,0,597,28,1,28,14,992,1
"896",14,10,0,590,29,2,27,15,848,1
"897",13,10,0,592,28,1,27,14,931,1
"898",18,8,0,542,29,7,23,19,96,1
"899",13,10,0,592,28,1,27,14,943,1
"900",14,10,0,591,28,1,27,14,901,1
"901",13,10,0,597,28,1,28,14,1028,1
"902",16,11,0,595,31,3,28,17,498,1
"903",17,10,0,564,31,5,26,18,180,1
"904",17,10,0,565,31,4,26,18,219,1
"905",17,10,0,568,31,4,26,18,249,1
"906",16,10,0,569,30,4,26,17,289,1
"907",17,10,0,570,30,4,26,17,275,1
"908",17,10,0,564,31,4,26,18,189,1
"909",16,10,0,593,31,4,27,17,508,1
"910",15,11,0,608,30,2,28,15,831,1
"911",16,10,0,596,31,4,27,17,486,1
"912",17,10,0,582,31,4,27,18,352,1
"913",17,10,0,581,31,4,27,18,365,1
"914",14,11,0,613,30,1,28,10,792,1
"915",14,11,0,612,30,1,28,10,806,1
"916",14,11,0,613,29,1,28,10,832,1
"917",13,11,0,608,29,0,28,9,949,1
"918",15,11,0,611,30,2,28,11,671,1
"919",15,11,0,613,30,2,28,11,679,1
"920",17,8,0,550,30,6,24,19,135,1
"921",18,8,0,547,30,6,24,19,121,1
"922",18,8,0,548,30,6,24,19,113,1
"923",17,8,0,549,30,6,24,18,139,1
"924",17,10,0,582,31,5,27,18,324,1
"925",17,10,0,593,31,4,27,17,442,1
"926",16,10,0,592,31,4,27,17,500,1
"927",17,10,0,593,31,4,27,18,427,1
"928",17,10,0,569,31,5,26,18,314,1
"929",16,10,0,597,31,3,27,17,576,1
"930",17,10,0,582,31,4,27,18,415,1
"931",15,10,0,564,29,3,26,16,492,1
"932",15,10,0,565,29,3,26,16,522,1
"933",15,10,0,565,29,3,26,16,540,1
"934",15,10,0,565,29,3,26,16,544,1
"935",14,10,0,563,28,2,26,15,655,1
"936",13,8,0,571,26,2,24,14,1038,1
"937",15,8,0,550,27,5,23,16,554,1
"938",15,8,0,553,28,4,23,16,546,1
"939",16,8,0,544,29,5,23,17,353,1
"940",17,10,0,566,31,5,26,18,312,1
"941",15,10,0,558,29,3,26,16,466,1
"942",16,10,0,560,29,3,26,16,444,1
"943",15,10,0,560,29,3,26,16,469,1
"944",15,10,0,560,29,3,26,16,482,1
"945",16,10,0,562,29,3,26,16,454,1
"946",15,10,0,560,29,3,26,16,498,1
"947",15,10,0,557,29,3,26,16,540,1
"948",16,9,0,546,29,4,24,17,340,1
"949",16,9,0,544,29,4,24,17,300,1
"950",16,10,0,550,29,4,25,17,286,1
"951",16,9,0,549,29,4,25,17,253,1
"952",16,11,0,598,31,3,28,17,491,1
"953",17,9,0,551,30,5,25,18,128,1
"954",17,8,0,546,29,6,23,18,136,1
"955",17,8,0,546,29,6,24,18,140,1
"956",17,9,0,550,30,5,25,18,168,1
"957",17,9,0,549,30,6,25,18,131,1
"958",18,9,0,548,30,6,25,18,111,1
"959",17,9,0,549,30,5,25,18,149,1
"960",17,9,0,551,30,5,25,18,175,1
"961",16,10,0,560,30,4,26,17,330,1
"962",17,10,0,551,30,5,25,18,200,1
"963",17,10,0,553,30,5,25,18,206,1
"964",16,10,0,557,30,4,26,17,299,1
"965",18,7,0,542,29,7,22,19,85,1
"966",18,8,0,543,29,6,23,19,108,1
"967",17,9,0,549,29,5,24,18,203,1
"968",17,9,0,546,30,6,24,18,151,1
"969",17,9,0,547,30,6,24,18,146,1
"970",17,9,0,546,30,6,24,18,133,1
"971",17,10,0,555,30,4,26,17,285,1
"972",16,10,0,556,29,4,26,17,368,1
"973",15,10,0,558,29,3,26,16,486,1
"974",16,10,0,559,29,3,26,16,427,1
"975",16,10,0,557,30,4,26,17,308,1
"976",16,10,0,555,30,4,26,17,336,1
"977",16,10,0,555,29,4,25,17,312,1
"978",18,9,0,545,30,6,24,19,89,1
"979",18,8,0,545,29,6,23,19,119,1
"980",17,8,0,543,29,6,23,19,129,1
"981",18,8,0,544,29,6,23,19,126,1
"982",18,8,0,526,29,7,22,19,88,1
"983",17,8,0,529,28,7,22,19,116,1
"984",17,7,0,530,28,6,22,18,144,1
"985",17,8,0,536,28,6,22,18,174,1
"986",17,8,0,531,28,6,22,19,128,1
"987",18,8,0,545,29,6,23,19,131,1
"988",18,8,0,543,29,6,23,19,125,1
"989",18,8,0,545,29,6,23,19,112,1
"990",18,8,0,545,29,6,23,19,105,1
"991",18,8,0,543,29,6,23,19,106,1
"992",18,8,0,544,29,6,23,19,99,1
"993",18,8,0,544,29,6,23,19,92,1
"994",19,6,0,471,29,10,19,17,11,1
"995",19,6,0,477,29,9,20,17,51,1
"996",15,10,0,565,29,3,26,15,581,1
"997",15,10,0,564,29,3,26,16,561,1
"998",15,10,0,566,29,3,26,16,476,1
"999",15,10,0,568,29,3,26,16,493,1
"1000",14,10,0,565,28,3,26,15,634,1
"1001",17,10,0,555,30,5,25,18,230,1
"1002",17,10,0,559,30,4,26,18,253,1
"1003",17,10,0,557,30,4,26,18,244,1
"1004",17,10,0,554,30,5,25,18,234,1
"1005",17,10,0,553,30,5,25,18,238,1
"1006",16,10,0,555,30,4,25,17,302,1
"1007",18,11,0,571,32,5,27,19,220,1
"1008",17,9,0,541,29,5,24,18,210,1
"1009",16,9,0,544,29,5,24,17,282,1
"1010",17,9,0,541,29,5,24,18,256,1
"1011",16,9,0,542,29,5,24,17,278,1
"1012",17,9,0,541,29,5,24,18,240,1
"1013",17,9,0,543,29,5,24,18,260,1
"1014",16,10,0,548,29,4,25,17,312,1
"1015",16,10,0,548,29,4,25,17,332,1
"1016",16,10,0,550,29,4,25,17,351,1
"1017",17,10,0,547,29,4,25,17,266,1
"1018",17,9,0,544,29,5,24,17,273,1
"1019",15,9,0,556,28,4,24,16,489,1
"1020",16,9,0,551,28,4,24,17,406,1
"1021",17,9,0,544,29,5,24,18,247,1
"1022",15,9,0,554,28,4,24,16,501,1
"1023",16,9,0,549,29,4,24,17,330,1
"1024",16,9,0,542,29,5,24,17,273,1
"1025",16,10,0,551,29,4,25,17,387,1
"1026",15,9,0,569,28,3,25,16,665,1
"1027",18,12,0,582,32,4,28,19,184,1
"1028",17,10,0,589,31,4,27,17,443,1
"1029",18,8,0,548,30,6,24,19,108,1
"1030",18,8,0,547,30,6,24,19,100,1
"1031",18,8,0,545,30,6,23,19,89,1
"1032",18,8,0,547,30,6,23,19,83,1
"1033",18,8,0,546,30,6,23,19,110,1
"1034",18,9,0,547,30,6,24,19,104,1
"1035",18,9,0,547,30,6,24,19,94,1
"1036",18,9,0,545,30,6,24,19,92,1
"1037",17,9,0,548,29,5,24,18,228,1
"1038",17,9,0,552,30,5,24,18,179,1
"1039",18,9,0,550,30,6,24,19,128,1
"1040",17,9,0,550,30,6,25,18,124,1
"1041",17,9,0,550,30,6,24,18,133,1
"1042",17,9,0,546,30,6,24,18,129,1
"1043",18,9,0,544,30,6,24,19,116,1
"1044",17,9,0,545,30,6,24,18,128,1
"1045",17,9,0,545,30,6,24,18,128,1
"1046",18,8,0,545,30,6,24,19,110,1
"1047",17,8,0,546,30,6,24,19,130,1
"1048",18,8,0,544,29,6,23,19,118,1
"1049",17,9,0,546,30,6,24,18,124,1
"1050",18,9,0,548,30,6,24,19,119,1
"1051",18,9,0,547,30,6,24,19,101,1
"1052",18,9,0,546,30,6,24,19,112,1
"1053",18,9,0,547,30,6,24,19,103,1
"1054",16,10,0,596,30,3,28,16,636,1
"1055",17,10,0,579,32,5,27,18,308,1
"1056",18,8,0,544,29,6,23,19,105,1
"1057",18,8,0,546,29,6,23,19,119,1
"1058",18,8,0,543,29,6,23,19,109,1
"1059",18,8,0,545,29,6,23,19,112,1
"1060",15,10,0,561,29,2,26,15,620,1
"1061",14,10,0,562,28,2,26,15,688,1
"1062",13,10,0,564,27,1,26,14,850,1
"1063",13,10,0,564,28,1,26,14,831,1
"1064",13,10,0,564,28,1,26,14,826,1
"1065",14,10,0,561,28,2,26,15,734,1
"1066",14,10,0,561,28,2,26,15,667,1
"1067",14,10,0,564,28,2,26,15,760,1
"1068",14,10,0,564,28,2,26,15,744,1
"1069",14,10,0,563,28,2,26,15,754,1
"1070",13,10,0,562,27,1,26,14,864,1
"1071",14,10,0,562,28,2,26,15,696,1
"1072",13,10,0,564,28,1,26,14,830,1
"1073",18,8,0,547,29,6,23,19,119,1
"1074",17,9,0,545,29,5,24,18,231,1
"1075",17,8,0,545,29,6,24,18,187,1
"1076",17,9,0,546,29,5,24,18,195,1
"1077",17,9,0,546,29,5,24,18,209,1
"1078",17,9,0,544,29,6,24,18,153,1
"1079",17,9,0,544,29,6,24,18,136,1
"1080",17,9,0,545,29,6,24,18,158,1
"1081",15,11,0,617,31,2,28,16,709,1
"1082",16,11,0,600,31,3,28,17,583,1
"1083",14,10,0,568,28,2,26,15,669,1
"1084",15,10,0,565,29,2,26,15,630,1
"1085",14,10,0,569,28,2,26,15,727,1
"1086",13,10,0,569,28,1,26,14,863,1
"1087",14,10,0,566,28,2,26,15,665,1
"1088",14,10,0,568,28,2,26,15,687,1
"1089",14,10,0,566,28,2,26,15,652,1
"1090",14,10,0,568,28,2,26,15,709,1
"1091",14,10,0,570,28,2,26,15,740,1
"1092",17,8,0,541,29,6,23,18,175,1
"1093",17,8,0,541,29,6,23,18,192,1
"1094",16,6,0,470,26,7,20,11,489,1
"1095",17,9,0,549,30,6,24,18,135,1
"1096",18,9,0,548,30,6,24,19,110,1
"1097",17,10,0,554,30,5,25,18,184,1
"1098",17,10,0,552,30,5,25,18,133,1
"1099",17,10,0,552,30,5,25,18,168,1
"1100",17,9,0,550,30,5,24,18,150,1
"1101",17,9,0,549,30,5,25,18,149,1
"1102",16,10,0,613,31,3,28,17,552,1
"1103",15,10,0,622,31,2,29,16,696,1
"1104",17,5,0,487,27,8,19,18,315,1
"1105",17,10,0,579,31,4,27,18,419,1
"1106",15,11,0,670,32,2,31,11,634,1
"1107",15,11,0,668,32,2,30,11,631,1
"1108",15,11,0,659,32,1,30,11,724,1
"1109",16,11,0,607,31,3,28,17,584,1
"1110",17,10,0,580,31,4,27,18,387,1
"1111",17,9,0,560,30,5,25,18,249,1
"1112",16,8,0,546,28,5,23,17,390,1
"1113",16,11,0,610,31,3,28,17,572,1
"1114",14,10,0,592,28,2,27,15,530,1
"1115",16,11,0,595,31,3,28,17,506,1
"1116",15,6,0,487,27,6,21,11,725,1
"1117",17,10,0,577,31,4,26,18,373,1
"1118",14,8,0,565,27,3,24,15,822,1
"1119",13,10,0,538,27,1,26,7,1111,1
"1120",14,11,0,609,30,2,28,15,869,1
"1121",15,10,0,591,29,2,27,15,777,1
"1122",15,11,0,608,30,2,28,15,778,1
"1123",17,10,0,586,31,4,27,18,402,1
"1124",16,10,0,599,31,3,28,17,578,1
"1125",14,10,0,565,28,2,26,15,682,1
"1126",16,10,0,603,31,3,28,17,589,1
"1127",17,9,0,557,30,5,25,18,128,1
"1128",15,10,0,555,28,3,26,16,538,1
"1129",15,10,0,555,28,3,26,15,584,1
"1130",15,10,0,555,29,3,25,16,490,1
"1131",15,10,0,559,29,3,26,16,529,1
"1132",15,10,0,560,29,3,26,16,478,1
"1133",16,10,0,556,29,4,26,16,423,1
"1134",16,10,0,554,29,3,25,16,444,1
"1135",16,10,0,560,29,3,26,16,445,1
"1136",15,10,0,562,29,3,26,16,513,1
"1137",15,10,0,561,29,3,26,16,525,1
"1138",15,10,0,553,28,3,25,16,507,1
"1139",16,10,0,553,29,4,25,16,422,1
"1140",15,10,0,558,29,3,26,16,492,1
"1141",16,10,0,553,29,4,25,17,357,1
"1142",16,10,0,552,29,4,25,17,315,1
"1143",16,10,0,550,29,4,25,17,325,1
"1144",16,10,0,552,29,4,25,17,355,1
"1145",16,10,0,553,29,4,26,17,364,1
"1146",16,10,0,552,29,4,25,17,350,1
"1147",16,10,0,592,31,4,28,17,498,1
"1148",16,10,0,552,29,4,25,17,374,1
"1149",16,10,0,550,29,4,25,17,294,1
"1150",16,10,0,553,29,4,25,17,362,1
"1151",16,10,0,551,29,4,25,17,330,1
"1152",16,10,0,552,29,4,25,17,336,1
"1153",16,10,0,552,29,4,25,17,333,1
"1154",17,10,0,565,30,5,26,18,208,1
"1155",17,10,0,567,30,5,26,18,244,1
"1156",17,10,0,564,30,5,25,18,205,1
"1157",17,9,0,559,30,5,25,18,136,1
"1158",17,10,0,563,30,5,25,18,188,1
"1159",17,10,0,569,30,5,26,18,248,1
"1160",17,9,0,559,30,5,25,18,136,1
"1161",17,10,0,564,31,5,26,18,152,1
"1162",17,10,0,564,31,5,26,18,142,1
"1163",17,9,0,555,30,5,24,18,162,1
"1164",18,9,0,552,30,6,24,19,109,1
"1165",18,9,0,551,30,6,24,19,91,1
"1166",17,10,0,576,31,5,27,18,331,1
"1167",15,10,0,553,28,3,25,16,483,1
"1168",16,10,0,553,29,4,25,17,367,1
"1169",15,10,0,555,28,3,25,16,503,1
"1170",14,10,0,554,27,2,25,15,672,1
"1171",15,10,0,558,28,3,25,16,561,1
"1172",15,10,0,557,28,3,25,16,539,1
"1173",17,9,0,542,29,5,24,17,249,1
"1174",17,9,0,543,29,5,24,18,217,1
"1175",16,9,0,544,29,4,24,17,272,1
"1176",15,10,0,555,29,3,25,16,458,1
"1177",18,9,0,550,30,6,25,19,228,1
"1178",17,9,0,560,30,5,25,18,139,1
"1179",18,9,0,558,30,6,25,19,94,1
"1180",18,9,0,559,30,5,25,19,113,1
"1181",17,9,0,553,30,5,25,18,176,1
"1182",17,9,0,552,30,5,24,18,168,1
"1183",17,9,0,551,30,6,24,19,135,1
"1184",18,9,0,550,30,6,24,19,100,1
"1185",17,9,0,552,30,5,24,18,175,1
"1186",17,8,0,550,30,6,24,18,152,1
"1187",16,8,0,555,29,5,24,17,377,1
"1188",16,8,0,554,28,5,23,17,367,1
"1189",18,9,0,547,30,6,24,19,89,1
"1190",18,9,0,547,30,6,24,19,89,1
"1191",18,9,0,547,30,6,24,19,95,1
"1192",18,11,0,569,31,5,27,18,119,1
"1193",18,10,0,568,32,5,26,19,84,1
"1194",17,11,0,577,31,4,27,18,270,1
"1195",17,11,0,577,31,4,27,18,276,1
"1196",17,11,0,576,31,4,27,17,290,1
"1197",18,10,0,564,32,5,26,19,32,1
"1198",18,10,0,565,32,5,26,19,32,1
"1199",18,10,0,567,32,5,27,19,92,1
"1200",16,11,0,578,30,3,27,17,413,1
"1201",16,11,0,577,30,3,27,17,409,1
"1202",16,11,0,579,30,3,27,16,444,1
"1203",17,11,0,573,31,4,27,18,191,1
"1204",18,10,0,568,31,5,27,18,107,1
"1205",16,8,0,557,28,4,24,17,477,1
"1206",16,8,0,556,28,4,24,17,494,1
"1207",17,9,0,548,30,6,24,18,130,1
"1208",17,9,0,548,30,6,24,18,140,1
"1209",17,9,0,548,30,6,24,18,136,1
"1210",17,9,0,548,30,5,24,18,150,1
"1211",17,8,0,529,29,6,22,18,131,1
"1212",17,8,0,526,28,7,22,19,106,1
"1213",17,8,0,529,29,6,22,19,116,1
"1214",17,8,0,517,28,6,22,18,104,1
"1215",17,8,0,522,28,6,22,18,188,1
"1216",17,10,0,576,31,5,26,18,357,1
"1217",17,9,0,562,30,5,25,18,221,1
"1218",17,9,0,562,30,5,25,18,227,1
"1219",17,10,0,563,30,5,25,18,225,1
"1220",17,9,0,556,30,5,25,18,178,1
"1221",17,9,0,558,30,5,25,18,198,1
"1222",17,10,0,559,30,5,25,18,231,1
"1223",17,10,0,559,30,5,25,18,227,1
"1224",17,10,0,559,30,5,26,18,225,1
"1225",17,10,0,558,30,5,25,18,204,1
"1226",17,10,0,559,30,5,25,18,194,1
"1227",17,9,0,560,30,5,25,18,180,1
"1228",17,9,0,560,30,5,25,18,200,1
"1229",17,10,0,550,30,5,25,18,120,1
"1230",17,10,0,551,30,5,25,18,147,1
"1231",17,10,0,550,30,6,25,18,116,1
"1232",18,10,0,550,30,6,25,18,111,1
"1233",17,10,0,553,30,5,25,18,211,1
"1234",17,10,0,551,30,5,25,18,200,1
"1235",17,10,0,553,30,5,25,18,211,1
"1236",16,10,0,578,29,3,26,16,365,1
"1237",14,10,0,558,27,2,25,15,762,1
"1238",14,10,0,556,27,2,25,15,688,1
"1239",13,10,0,558,27,2,25,14,825,1
"1240",15,9,0,553,28,3,25,16,571,1
"1241",17,8,0,550,29,6,23,18,69,1
"1242",16,8,0,544,29,5,23,18,321,1
"1243",17,8,0,538,29,6,23,18,185,1
"1244",15,10,0,607,30,2,28,15,738,1
"1245",17,11,0,580,32,4,27,18,328,1
"1246",17,9,0,553,30,5,25,18,152,1
"1247",17,10,0,558,30,5,25,18,223,1
"1248",17,10,0,558,30,5,26,18,233,1
"1249",17,10,0,560,30,4,26,17,292,1
"1250",17,10,0,558,30,5,26,18,242,1
"1251",17,10,0,560,30,5,26,18,276,1
"1252",17,9,0,553,30,5,25,18,155,1
"1253",17,10,0,557,30,5,26,18,257,1
"1254",17,10,0,557,30,5,26,18,259,1
"1255",17,10,0,554,30,5,25,18,197,1
"1256",17,9,0,562,30,5,25,18,311,1
"1257",17,9,0,562,30,5,25,18,273,1
"1258",18,7,0,532,29,7,22,19,89,1
"1259",18,8,0,533,29,7,22,19,101,1
"1260",17,7,0,533,29,6,22,19,129,1
"1261",17,8,0,540,28,6,23,18,221,1
"1262",17,8,0,542,28,6,22,18,267,1
"1263",17,9,0,554,30,5,24,18,207,1
"1264",17,9,0,549,30,6,24,18,147,1
"1265",17,9,0,551,30,6,24,18,154,1
"1266",17,9,0,551,30,6,24,18,163,1
"1267",17,9,0,550,30,6,24,18,150,1
"1268",17,9,0,552,30,5,24,18,196,1
"1269",17,9,0,550,30,5,24,18,178,1
"1270",14,10,0,611,30,2,28,15,817,1
"1271",16,11,0,601,31,3,28,17,545,1
"1272",14,10,0,569,28,2,26,14,797,1
"1273",17,8,0,487,29,6,22,12,256,1
"1274",17,9,0,534,28,5,23,18,243,1
"1275",17,9,0,536,29,5,23,18,240,1
"1276",17,9,0,536,28,5,23,18,249,1
"1277",17,5,0,484,27,8,19,18,283,1
"1278",18,6,0,505,28,8,21,19,137,1
"1279",17,7,0,523,29,7,22,18,268,1
"1280",15,10,0,594,29,2,27,15,811,1
"1281",14,10,0,599,29,2,28,15,818,1
"1282",14,10,0,600,29,1,28,15,851,1
"1283",14,10,0,597,29,2,28,15,815,1
"1284",16,7,0,553,28,5,23,13,691,1
"1285",13,10,0,601,29,1,28,14,971,1
"1286",15,10,0,616,31,3,28,16,682,1
"1287",14,11,0,608,29,1,28,14,900,1
"1288",14,11,0,625,30,1,29,15,782,1
"1289",14,10,0,609,30,1,28,15,868,1
"1290",17,12,0,585,32,4,28,18,272,1
"1291",17,11,0,586,32,4,28,18,285,1
"1292",14,10,0,613,30,2,28,15,817,1
"1293",14,10,0,598,29,1,28,15,917,1
"1294",14,10,0,607,30,1,28,15,874,1
"1295",16,10,0,607,31,3,28,16,624,1
"1296",15,11,0,588,30,2,28,16,537,1
"1297",14,10,0,594,28,2,27,15,924,1
"1298",17,10,0,592,31,4,27,17,461,1
"1299",14,11,0,610,30,1,28,15,880,1
"1300",15,10,0,614,31,3,28,16,681,1
"1301",16,11,0,608,31,3,28,16,625,1
"1302",14,11,0,638,30,1,30,10,881,1
"1303",16,10,0,598,31,3,28,17,532,1
"1304",17,11,0,591,31,4,28,18,401,1
"1305",16,10,0,595,31,3,27,17,539,1
"1306",16,10,0,587,30,3,27,16,616,1
"1307",17,11,0,589,31,4,27,17,473,1
"1308",17,11,0,588,31,4,27,17,458,1
"1309",17,11,0,586,32,4,28,18,381,1
"1310",16,10,0,594,31,3,27,17,550,1
"1311",17,11,0,594,31,4,28,17,444,1
"1312",15,11,0,609,30,2,28,16,764,1
"1313",17,10,0,549,30,5,25,18,181,1
"1314",17,10,0,551,30,5,25,18,182,1
"1315",17,10,0,550,30,5,25,18,160,1
"1316",17,10,0,555,31,5,26,18,172,1
"1317",17,9,0,549,30,5,24,18,178,1
"1318",17,9,0,552,30,5,25,18,183,1
"1319",15,11,0,608,30,2,28,16,744,1
"1320",17,9,0,557,31,5,25,18,284,1
"1321",17,10,0,568,30,5,26,18,287,1
"1322",18,10,0,558,31,6,26,19,226,1
"1323",18,10,0,574,32,5,27,18,274,1
"1324",16,10,0,562,30,4,26,17,381,1
"1325",15,10,0,567,29,3,26,16,530,1
"1326",16,10,0,565,30,4,26,17,392,1
"1327",15,10,0,568,29,3,26,16,530,1
"1328",15,10,0,568,29,3,26,16,577,1
"1329",17,9,0,553,30,5,25,18,172,1
"1330",17,9,0,553,30,5,25,18,184,1
"1331",17,10,0,555,30,5,25,18,223,1
"1332",17,10,0,554,30,5,25,18,199,1
"1333",17,10,0,553,30,5,25,18,174,1
"1334",17,10,0,554,30,5,25,18,214,1
"1335",14,10,0,574,28,2,26,15,733,1
"1336",14,10,0,572,28,2,26,14,793,1
"1337",17,9,0,562,30,5,25,18,259,1
"1338",17,9,0,556,30,6,24,18,151,1
"1339",18,10,0,571,31,5,26,19,131,1
"1340",18,10,0,564,32,6,26,19,69,1
"1341",17,10,0,574,31,5,26,18,197,1
"1342",17,10,0,573,31,5,26,18,205,1
"1343",17,10,0,574,31,5,27,18,201,1
"1344",17,10,0,574,31,5,26,18,201,1
"1345",18,10,0,564,32,6,26,19,51,1
"1346",16,9,0,561,29,5,24,17,415,1
"1347",17,9,0,533,29,5,23,18,114,1
"1348",17,8,0,533,29,5,23,18,114,1
"1349",17,9,0,534,29,5,23,18,123,1
"1350",17,10,0,565,31,5,26,18,138,1
"1351",18,9,0,550,30,6,24,19,71,1
"1352",18,9,0,550,30,6,24,19,83,1
"1353",18,9,0,550,30,6,24,19,89,1
"1354",17,9,0,556,30,5,25,18,150,1
"1355",18,9,0,553,30,6,24,19,113,1
"1356",18,9,0,554,30,6,24,19,109,1
"1357",18,9,0,551,30,6,24,19,85,1
"1358",16,11,0,591,31,3,28,16,469,1
"1359",17,10,0,570,31,4,27,18,213,1
"1360",17,10,0,569,31,4,26,18,180,1
"1361",17,10,0,566,31,5,26,18,128,1
"1362",17,10,0,569,31,5,26,18,123,1
"1363",17,10,0,570,31,5,26,18,327,1
"1364",16,8,0,534,28,5,23,17,296,1
"1365",17,8,0,528,28,6,22,18,233,1
"1366",15,8,0,544,27,4,23,16,508,1
"1367",17,10,0,585,31,4,27,18,352,1
"1368",17,10,0,574,31,5,26,18,196,1
"1369",17,10,0,579,31,4,27,18,271,1
"1370",18,10,0,580,32,5,27,18,152,1
"1371",17,11,0,584,31,4,27,18,295,1
"1372",17,10,0,578,32,5,27,18,168,1
"1373",17,10,0,580,32,5,27,18,189,1
"1374",17,11,0,580,32,4,27,18,226,1
"1375",17,10,0,582,32,5,27,18,193,1
"1376",17,11,0,583,32,4,27,18,231,1
"1377",17,10,0,583,31,4,27,18,282,1
"1378",18,10,0,578,32,5,27,18,156,1
"1379",17,11,0,585,31,4,28,17,345,1
"1380",17,11,0,584,32,4,27,18,220,1
"1381",17,11,0,587,31,4,28,17,319,1
"1382",17,11,0,586,32,4,28,18,246,1
"1383",17,11,0,585,31,4,27,18,292,1
"1384",17,11,0,586,31,4,27,17,343,1
"1385",18,8,0,467,29,8,21,13,99,1
"1386",16,10,0,595,31,4,27,17,508,1
"1387",17,10,0,547,29,5,25,17,262,1
"1388",16,10,0,548,29,4,25,17,316,1
"1389",16,10,0,547,29,4,25,17,329,1
"1390",17,9,0,552,29,5,24,18,328,1
"1391",15,10,0,581,29,3,26,16,654,1
"1392",16,10,0,573,29,3,26,16,526,1
"1393",14,10,0,585,28,2,26,15,789,1
"1394",17,9,0,554,30,5,24,18,280,1
"1395",16,10,0,580,30,3,26,16,531,1
"1396",14,10,0,583,29,2,26,15,765,1
"1397",15,10,0,584,29,3,26,16,685,1
"1398",17,9,0,560,30,5,25,18,329,1
"1399",14,10,0,588,28,1,27,14,883,1
"1400",16,9,0,563,30,4,25,17,383,1
"1401",15,10,0,585,30,3,27,16,600,1
"1402",15,10,0,584,29,3,27,16,651,1
"1403",17,11,0,579,31,4,27,17,293,1
"1404",17,11,0,578,31,4,27,18,237,1
"1405",17,11,0,579,31,4,27,18,261,1
"1406",17,11,0,579,31,4,27,18,245,1
"1407",17,11,0,578,31,4,27,18,249,1
"1408",17,11,0,578,31,4,27,18,261,1
"1409",17,11,0,579,31,4,27,18,259,1
"1410",17,11,0,579,31,4,27,18,281,1
"1411",17,11,0,575,31,4,27,18,208,1
"1412",17,11,0,578,31,4,27,17,306,1
"1413",17,11,0,579,31,4,27,18,268,1
"1414",16,11,0,588,31,3,28,16,450,1
"1415",16,11,0,586,31,3,28,17,401,1
"1416",16,11,0,584,31,4,28,17,325,1
"1417",16,11,0,587,31,3,28,17,391,1
"1418",17,11,0,584,31,4,28,17,293,1
"1419",16,11,0,590,31,3,28,16,474,1
"1420",16,11,0,588,31,3,28,17,415,1
"1421",16,11,0,588,31,3,28,17,436,1
"1422",18,5,0,460,27,9,18,20,83,1
"1423",17,10,0,583,31,4,27,18,355,1
"1424",18,8,0,471,29,8,21,13,112,1
"1425",18,9,0,545,30,6,24,19,220,1
"1426",17,10,0,585,31,4,27,18,365,1
"1427",16,9,0,550,29,5,24,17,297,1
"1428",17,9,0,547,29,5,24,18,259,1
"1429",16,9,0,550,29,5,24,17,309,1
"1430",16,9,0,553,29,5,24,17,338,1
"1431",16,10,0,564,30,4,26,17,348,1
"1432",16,10,0,567,30,3,26,16,446,1
"1433",16,10,0,568,30,3,26,16,475,1
"1434",15,10,0,568,29,3,26,16,546,1
"1435",16,6,0,533,27,6,21,13,652,1
"1436",17,9,0,555,30,5,24,18,225,1
"1437",16,8,0,556,29,5,24,18,326,1
"1438",18,4,0,423,27,11,16,14,71,1
"1439",15,10,0,612,30,2,28,16,712,1
"1440",17,10,0,579,31,5,27,18,337,1
"1441",16,9,0,546,28,4,24,17,330,1
"1442",16,9,0,548,28,4,24,16,383,1
"1443",15,9,0,549,28,3,24,16,477,1
"1444",16,9,0,546,28,4,24,17,326,1
"1445",16,10,0,590,31,3,27,17,537,1
"1446",16,9,0,541,28,4,24,17,340,1
"1447",16,9,0,542,28,5,24,17,318,1
"1448",18,4,0,399,27,10,16,14,88,1
"1449",16,11,0,593,31,3,28,16,518,1
"1450",16,10,0,585,31,4,27,17,400,1
"1451",17,10,0,583,31,4,27,18,279,1
"1452",16,11,0,597,31,3,28,17,472,1
"1453",16,11,0,592,31,4,28,17,387,1
"1454",16,11,0,594,31,3,28,17,409,1
"1455",17,11,0,591,32,4,28,17,346,1
"1456",16,11,0,595,31,3,28,16,541,1
"1457",15,11,0,598,30,2,28,16,631,1
"1458",16,11,0,591,31,3,28,17,404,1
"1459",14,11,0,600,30,2,28,15,737,1
"1460",14,11,0,600,30,2,28,15,771,1
"1461",15,11,0,599,31,3,28,16,571,1
"1462",15,11,0,600,30,2,28,15,689,1
"1463",14,11,0,603,30,1,28,15,806,1
"1464",14,11,0,602,30,1,28,15,807,1
"1465",15,11,0,601,30,2,28,15,719,1
"1466",15,11,0,600,30,2,28,15,673,1
"1467",16,11,0,601,31,3,28,17,541,1
"1468",16,10,0,598,30,3,27,16,625,1
"1469",15,9,0,562,28,4,24,16,529,1
"1470",16,10,0,616,31,3,28,17,596,1
"1471",15,10,0,594,29,2,27,16,755,1
"1472",17,11,0,582,31,4,27,18,359,1
"1473",17,9,0,562,30,5,25,18,263,1
"1474",17,9,0,565,30,5,25,18,308,1
"1475",17,9,0,562,31,5,25,18,171,1
"1476",16,9,0,567,30,4,25,17,401,1
"1477",16,9,0,569,30,4,25,17,354,1
"1478",16,10,0,592,31,4,28,17,479,1
"1479",15,11,0,606,30,2,28,15,792,1
"1480",16,10,0,600,31,3,28,17,578,1
"1481",17,10,0,590,31,4,28,17,462,1
"1482",15,10,0,602,30,2,28,15,768,1
"1483",16,10,0,586,30,3,27,16,623,1
"1484",16,10,0,582,30,4,27,17,510,1
"1485",17,11,0,592,31,4,28,17,439,1
"1486",16,10,0,595,31,3,28,17,542,1
"1487",16,11,0,598,31,3,28,17,498,1
"1488",17,9,0,545,29,5,24,17,278,1
"1489",16,9,0,544,29,5,24,17,292,1
"1490",17,8,0,549,29,6,24,18,253,1
"1491",17,8,0,551,29,5,24,18,321,1
"1492",16,8,0,553,29,5,24,17,393,1
"1493",17,8,0,549,29,5,24,18,297,1
"1494",16,9,0,552,29,4,25,17,343,1
"1495",16,9,0,553,29,4,25,17,386,1
"1496",16,10,0,554,29,4,25,17,333,1
"1497",16,10,0,557,30,4,26,17,299,1
"1498",17,10,0,553,30,4,26,18,249,1
"1499",17,10,0,553,30,5,25,18,216,1
"1500",17,10,0,555,30,5,25,18,246,1
"1501",17,10,0,555,30,4,26,17,275,1
"1502",17,10,0,557,30,4,26,17,267,1
"1503",17,9,0,553,30,6,25,18,148,1
"1504",17,9,0,556,30,5,25,18,210,1
"1505",17,9,0,553,30,5,25,18,150,1
"1506",17,9,0,555,30,5,25,18,186,1
"1507",17,9,0,554,30,5,25,18,168,1
"1508",17,9,0,552,30,6,25,18,142,1
"1509",18,5,0,489,28,9,18,20,41,1
"1510",18,5,0,490,28,9,19,20,55,1
"1511",18,5,0,492,28,9,19,20,40,1
"1512",18,5,0,489,28,9,18,20,52,1
"1513",18,5,0,490,28,9,18,19,98,1
"1514",18,5,0,494,28,9,19,20,47,1
"1515",17,10,0,563,30,5,26,18,238,1
"1516",17,10,0,564,30,4,26,18,269,1
"1517",14,11,0,629,30,1,29,15,729,1
"1518",16,11,0,595,31,3,28,17,506,1
"1519",15,11,0,599,30,2,28,16,632,1
"1520",16,11,0,598,31,4,28,17,389,1
"1521",15,11,0,600,30,2,28,16,628,1
"1522",15,11,0,602,31,3,28,16,580,1
"1523",16,11,0,595,31,3,28,17,425,1
"1524",17,10,0,551,30,5,25,18,209,1
"1525",16,10,0,556,29,4,26,17,401,1
"1526",17,10,0,553,30,5,25,18,245,1
"1527",15,9,0,558,28,3,24,16,554,1
"1528",15,9,0,559,28,3,24,16,593,1
"1529",18,7,0,513,28,7,21,19,55,1
"1530",17,8,0,528,28,6,23,18,168,1
"1531",17,8,0,533,28,5,23,18,220,1
"1532",17,8,0,518,28,7,22,19,77,1
"1533",17,7,0,513,28,7,21,19,70,1
"1534",18,7,0,515,28,7,22,19,56,1
"1535",17,8,0,525,28,6,22,18,157,1
"1536",18,7,0,512,28,7,21,19,46,1
"1537",17,10,0,567,31,5,26,18,142,1
"1538",17,10,0,570,31,5,26,18,132,1
"1539",17,10,0,569,31,5,27,18,151,1
"1540",17,11,0,573,31,4,27,18,215,1
"1541",18,10,0,566,31,5,26,18,114,1
"1542",18,10,0,564,31,5,26,19,76,1
"1543",17,11,0,571,31,4,27,18,218,1
"1544",18,10,0,565,31,5,26,19,87,1
"1545",17,10,0,571,31,4,27,18,180,1
"1546",17,10,0,570,31,5,27,18,155,1
"1547",15,10,0,558,29,3,26,16,553,1
"1548",15,10,0,558,29,3,26,16,502,1
"1549",15,10,0,558,29,3,26,16,482,1
"1550",15,10,0,559,29,3,26,16,541,1
"1551",17,9,0,554,30,6,25,18,128,1
"1552",17,9,0,557,30,5,25,18,136,1
"1553",17,9,0,554,30,5,25,18,142,1
"1554",17,10,0,555,30,5,26,18,207,1
"1555",17,10,0,556,30,5,26,18,214,1
"1556",17,10,0,556,30,5,26,18,234,1
"1557",17,10,0,557,30,4,26,18,242,1
"1558",17,10,0,556,30,5,26,18,219,1
"1559",17,10,0,555,30,5,26,18,207,1
"1560",17,10,0,555,30,5,26,18,212,1
"1561",17,10,0,555,30,5,26,18,199,1
"1562",16,9,0,560,29,5,24,17,388,1
"1563",17,10,0,554,30,5,25,18,232,1
"1564",17,10,0,553,30,5,25,18,230,1
"1565",17,10,0,556,30,5,25,18,238,1
"1566",17,10,0,555,30,5,25,18,249,1
"1567",17,10,0,555,30,5,25,18,227,1
"1568",17,10,0,553,30,5,25,18,212,1
"1569",17,9,0,552,30,5,25,18,174,1
"1570",17,10,0,556,30,5,25,18,220,1
"1571",17,10,0,553,30,5,25,18,195,1
"1572",17,10,0,582,32,5,27,18,312,1
"1573",16,10,0,550,29,4,25,17,366,1
"1574",15,10,0,554,28,3,25,16,485,1
"1575",16,10,0,551,29,4,25,16,427,1
"1576",16,10,0,549,29,4,25,17,351,1
"1577",17,9,0,544,29,5,24,17,263,1
"1578",17,10,0,544,29,5,25,17,253,1
"1579",16,10,0,552,29,4,25,16,446,1
"1580",16,10,0,551,29,4,25,17,404,1
"1581",16,10,0,546,29,4,25,17,295,1
"1582",16,10,0,548,29,4,25,17,378,1
"1583",16,10,0,552,29,4,25,17,418,1
"1584",16,10,0,549,29,4,25,17,386,1
"1585",16,11,0,604,32,3,28,17,500,1
"1586",18,8,0,541,30,7,23,19,22,1
"1587",18,8,0,547,30,6,24,19,111,1
"1588",18,8,0,544,30,6,24,19,36,1
"1589",18,8,0,545,30,6,24,19,84,1
"1590",18,8,0,536,30,7,23,19,2,1
"1591",18,8,0,543,30,7,24,19,5,1
"1592",18,9,0,546,30,6,24,19,95,1
"1593",18,8,0,540,30,7,23,19,47,1
"1594",18,8,0,541,30,6,24,19,67,1
"1595",16,9,0,565,29,4,24,17,486,1
"1596",16,9,0,561,29,5,24,17,371,1
"1597",16,9,0,563,29,4,24,17,428,1
"1598",17,9,0,547,30,6,24,19,140,1
"1599",17,9,0,544,29,6,24,18,137,1
"1600",17,9,0,544,30,6,24,19,118,1
"1601",18,8,0,545,30,6,24,19,108,1
"1602",18,8,0,543,29,6,23,19,111,1
"1603",18,7,0,517,29,8,21,19,18,1
"1604",17,8,0,530,29,7,22,19,140,1
"1605",17,10,0,561,30,5,26,18,210,1
"1606",17,10,0,560,30,5,26,18,229,1
"1607",17,10,0,562,30,5,26,18,245,1
"1608",15,11,0,574,30,3,27,16,533,1
"1609",18,10,0,558,32,6,26,19,112,1
"1610",16,10,0,552,29,4,25,17,393,1
"1611",15,10,0,556,28,3,25,16,510,1
"1612",17,10,0,578,31,5,27,18,223,1
"1613",17,10,0,580,31,4,27,18,248,1
"1614",17,10,0,578,31,5,27,18,238,1
"1615",18,10,0,557,31,6,25,19,27,1
"1616",18,10,0,559,31,6,25,19,30,1
"1617",15,9,0,562,28,4,24,16,584,1
"1618",16,8,0,543,28,5,23,17,387,1
"1619",15,8,0,548,27,5,23,16,548,1
"1620",15,8,0,558,28,4,24,16,586,1
"1621",16,9,0,548,29,4,25,17,370,1
"1622",17,9,0,542,29,5,24,18,218,1
"1623",16,9,0,546,29,4,24,17,308,1
"1624",16,10,0,546,29,4,25,17,342,1
"1625",16,9,0,547,29,4,25,17,307,1
"1626",17,9,0,537,29,5,24,18,164,1
"1627",17,9,0,538,29,5,24,18,170,1
"1628",17,9,0,543,29,5,24,18,217,1
"1629",16,10,0,550,28,4,25,16,420,1
"1630",17,10,0,566,31,4,26,17,260,1
"1631",16,11,0,605,32,3,28,17,421,1
"1632",17,11,0,604,32,4,28,17,350,1
"1633",17,11,0,602,32,4,28,18,317,1
"1634",17,11,0,606,32,4,28,17,382,1
"1635",17,11,0,603,32,4,28,17,350,1
"1636",17,11,0,600,32,4,28,18,304,1
"1637",17,9,0,554,30,6,25,18,182,1
"1638",17,10,0,568,30,4,26,18,248,1
"1639",17,10,0,570,30,4,26,18,271,1
"1640",17,10,0,571,30,4,26,18,244,1
"1641",16,9,0,554,29,5,24,17,391,1
"1642",17,6,0,430,27,9,18,13,200,1
"1643",16,8,0,535,28,5,23,17,324,1
"1644",17,10,0,552,30,5,25,18,179,1
"1645",16,10,0,564,30,4,26,17,370,1
"1646",16,10,0,564,30,4,26,17,383,1
"1647",17,10,0,552,30,5,25,18,160,1
"1648",14,11,0,611,30,1,28,15,862,1
"1649",15,7,0,568,28,5,24,12,13,1
"1650",14,11,0,612,30,1,29,11,694,1
"1651",16,11,0,616,31,3,29,17,411,1
"1652",16,11,0,616,31,2,29,16,468,1
"1653",17,9,0,552,30,5,25,18,171,1
"1654",17,10,0,556,30,5,25,18,224,1
"1655",17,9,0,552,30,5,24,18,167,1
"1656",13,11,0,593,28,1,28,14,882,1
"1657",14,11,0,591,29,1,28,15,739,1
"1658",16,11,0,576,30,3,27,17,369,1
"1659",14,11,0,590,29,2,28,15,648,1
"1660",14,11,0,591,29,1,28,14,777,1
"1661",14,11,0,591,29,1,28,15,711,1
"1662",14,11,0,588,29,1,28,14,787,1
"1663",13,11,0,592,28,1,28,14,866,1
"1664",14,11,0,594,29,1,28,14,811,1
"1665",14,11,0,590,29,1,28,14,797,1
"1666",15,8,0,544,27,4,23,16,497,1
"1667",15,8,0,541,27,4,23,16,447,1
"1668",14,10,0,562,28,2,26,15,668,1
"1669",14,11,0,580,29,2,27,11,684,1
"1670",14,11,0,580,29,1,27,11,768,1
"1671",14,11,0,580,29,2,27,11,742,1
"1672",15,11,0,579,29,2,27,11,649,1
"1673",14,11,0,584,29,1,27,10,794,1
"1674",14,11,0,580,29,2,27,11,723,1
"1675",14,11,0,579,29,2,27,11,661,1
"1676",15,11,0,577,29,2,27,15,618,1
"1677",13,11,0,585,28,1,28,10,852,1
"1678",13,11,0,584,29,1,28,10,836,1
"1679",13,11,0,585,28,1,28,10,850,1
"1680",17,9,0,554,30,5,25,18,175,1
"1681",17,9,0,559,30,5,25,18,227,1
"1682",17,9,0,559,30,5,25,18,222,1
"1683",17,8,0,548,29,5,23,18,288,1
"1684",17,6,0,520,27,7,20,18,50,1
"1685",15,10,0,612,31,2,28,16,566,1
"1686",13,10,0,554,28,1,27,7,1087,1
"1687",15,10,0,555,29,2,27,9,706,1
"1688",17,11,0,570,31,4,27,18,179,1
"1689",16,11,0,574,31,3,27,17,345,1
"1690",17,11,0,571,31,4,27,17,249,1
"1691",16,11,0,575,31,4,27,17,294,1
"1692",16,11,0,578,30,3,27,16,429,1
"1693",15,11,0,584,30,2,28,15,609,1
"1694",17,11,0,572,31,4,27,18,252,1
"1695",16,11,0,577,31,3,27,17,362,1
"1696",16,11,0,575,31,3,27,17,335,1
"1697",16,11,0,575,31,4,27,17,314,1
"1698",14,11,0,585,29,2,28,15,672,1
"1699",15,11,0,580,30,2,28,16,566,1
"1700",15,11,0,585,29,2,28,15,639,1
"1701",15,11,0,584,29,2,28,15,639,1
"1702",15,11,0,581,30,3,27,16,488,1
"1703",16,11,0,579,30,3,27,16,455,1
"1704",15,11,0,581,30,2,27,16,532,1
"1705",14,11,0,585,29,2,28,15,674,1
"1706",14,11,0,585,29,2,28,15,653,1
"1707",15,11,0,582,30,2,27,16,530,1
"1708",15,11,0,581,30,3,27,16,512,1
"1709",16,11,0,576,31,4,27,17,276,1
"1710",15,11,0,583,30,2,28,15,626,1
"1711",14,11,0,585,29,2,28,15,673,1
"1712",14,11,0,583,29,2,28,15,650,1
"1713",16,11,0,578,30,3,27,17,399,1
"1714",16,11,0,577,31,3,27,17,339,1
"1715",16,11,0,578,31,4,27,17,311,1
"1716",15,11,0,581,30,3,27,16,511,1
"1717",16,11,0,577,30,3,27,17,421,1
"1718",16,11,0,579,30,3,27,17,414,1
"1719",15,11,0,582,30,2,27,16,551,1
"1720",16,11,0,579,30,3,27,16,458,1
"1721",15,11,0,580,30,3,27,16,508,1
"1722",15,11,0,578,30,3,27,16,514,1
"1723",15,11,0,578,30,3,27,16,472,1
"1724",15,11,0,581,30,2,27,16,558,1
"1725",16,11,0,574,31,4,27,17,286,1
"1726",16,11,0,574,31,4,27,17,292,1
"1727",16,11,0,577,30,3,27,16,438,1
"1728",15,11,0,584,30,2,28,16,571,1
"1729",14,9,0,550,27,3,24,15,629,1
"1730",14,9,0,550,27,3,24,15,605,1
"1731",14,9,0,553,27,2,25,14,739,1
"1732",14,9,0,548,27,3,24,15,647,1
"1733",15,9,0,544,27,4,24,16,459,1
"1734",15,9,0,544,28,4,24,16,411,1
"1735",14,9,0,552,27,2,25,14,740,1
"1736",14,9,0,547,26,2,24,15,697,1
"1737",14,9,0,551,27,2,25,15,710,1
"1738",14,9,0,552,27,2,25,15,705,1
"1739",14,11,0,581,28,1,27,10,844,1
"1740",14,11,0,581,29,2,27,11,659,1
"1741",15,11,0,580,29,2,27,11,652,1
"1742",14,11,0,580,29,1,27,10,830,1
"1743",14,11,0,583,29,2,27,11,676,1
"1744",13,11,0,581,28,1,27,10,882,1
"1745",14,11,0,584,29,2,28,11,678,1
"1746",14,11,0,582,29,1,27,10,821,1
"1747",13,11,0,583,28,1,27,10,865,1
"1748",13,11,0,587,28,1,28,10,919,1
"1749",13,11,0,579,28,1,27,10,884,1
"1750",13,11,0,580,28,1,27,10,868,1
"1751",13,11,0,586,28,0,28,9,1003,1
"1752",15,7,0,557,27,5,22,16,673,1
"1753",14,11,0,587,29,1,28,14,770,1
"1754",17,12,0,603,33,4,29,18,294,1
"1755",15,10,0,613,30,2,28,15,838,1
"1756",14,10,0,593,28,1,27,14,943,1
"1757",12,10,0,595,27,0,27,13,1197,1
"1758",14,10,0,590,28,2,27,15,887,1
"1759",16,10,0,598,31,4,28,17,498,1
"1760",14,10,0,615,29,1,28,14,848,1
"1761",14,10,0,613,30,2,28,15,860,1
"1762",17,10,0,569,31,4,26,18,257,1
"1763",17,10,0,567,31,4,26,18,209,1
"1764",15,10,0,563,28,2,26,15,629,1
"1765",14,11,0,608,29,1,28,10,848,1
"1766",14,11,0,607,30,1,28,10,810,1
"1767",14,11,0,600,29,1,28,15,831,1
"1768",14,10,0,562,28,2,26,15,677,1
"1769",15,11,0,601,30,2,28,15,736,1
"1770",15,11,0,603,30,2,28,16,639,1
"1771",16,10,0,602,31,3,28,17,547,1
"1772",13,10,0,567,27,1,26,13,988,1
"1773",13,11,0,601,29,1,28,10,881,1
"1774",14,11,0,600,29,1,28,10,794,1
"1775",17,11,0,633,33,4,30,18,426,1
"1776",13,8,0,566,26,2,24,14,935,1
"1777",13,8,0,570,26,2,24,14,1018,1
"1778",14,8,0,561,26,3,23,15,861,1
"1779",12,8,0,576,26,1,24,13,1114,1
"1780",13,8,0,571,26,2,24,14,947,1
"1781",17,10,0,588,31,4,27,18,386,1
"1782",13,10,0,614,29,1,28,14,910,1
"1783",16,11,0,596,31,3,28,17,489,1
"1784",13,10,0,557,27,1,26,14,843,1
"1785",13,10,0,559,27,1,26,14,892,1
"1786",15,11,0,606,30,2,28,16,671,1
"1787",14,11,0,605,30,2,28,15,785,1
"1788",14,11,0,606,30,1,28,15,830,1
"1789",16,8,0,558,29,5,24,17,440,1
"1790",16,10,0,594,31,4,27,17,484,1
"1791",17,10,0,596,31,4,27,17,472,1
"1792",15,8,0,560,28,4,24,16,568,1
"1793",16,11,0,599,31,3,28,17,568,1
"1794",16,10,0,603,31,3,28,17,571,1
"1795",16,10,0,603,31,3,28,17,516,1
"1796",16,10,0,590,30,3,27,17,557,1
"1797",14,10,0,560,28,2,26,15,678,1
"1798",15,10,0,561,29,3,26,16,532,1
"1799",14,10,0,560,28,2,26,15,675,1
"1800",17,10,0,588,31,4,27,18,429,1
"1801",16,11,0,604,31,3,28,17,603,1
"1802",16,10,0,604,31,3,28,17,533,1
"1803",16,10,0,593,31,4,27,17,480,1
"1804",16,10,0,590,31,4,27,17,504,1
"1805",16,10,0,598,31,3,28,17,519,1
"1806",16,10,0,600,31,3,28,17,524,1
"1807",16,10,0,600,31,3,28,17,564,1
"1808",17,10,0,586,31,4,27,18,350,1
"1809",14,11,0,574,29,2,27,15,776,1
"1810",16,10,0,605,31,3,28,17,578,1
"1811",17,10,0,571,31,5,26,18,284,1
"1812",15,9,0,571,29,3,26,16,572,1
"1813",16,8,0,546,29,5,23,17,369,1
"1814",15,9,0,565,28,3,24,16,637,1
"1815",15,9,0,565,28,4,25,16,577,1
"1816",16,8,0,553,29,5,24,17,369,1
"1817",16,8,0,553,28,5,24,17,451,1
"1818",15,8,0,565,28,4,24,16,653,1
"1819",15,8,0,557,28,4,24,16,529,1
"1820",17,10,0,573,31,5,27,18,288,1
"1821",15,8,0,562,28,4,24,16,523,1
"1822",15,8,0,565,28,4,24,16,575,1
"1823",16,11,0,599,31,3,28,17,553,1
"1824",17,11,0,586,31,4,27,17,439,1
"1825",15,10,0,587,29,3,27,16,729,1
"1826",17,11,0,585,31,4,27,18,388,1
"1827",17,10,0,567,31,5,26,18,286,1
"1828",18,9,0,557,31,6,25,19,113,1
"1829",17,11,0,586,32,4,28,18,378,1
"1830",16,10,0,589,31,4,27,17,415,1
"1831",18,10,0,576,32,5,27,18,143,1
"1832",18,10,0,574,32,5,27,19,100,1
"1833",18,10,0,573,32,5,27,19,100,1
"1834",18,10,0,577,32,5,27,18,160,1
"1835",18,10,0,572,32,5,27,19,83,1
"1836",17,10,0,580,31,4,27,18,303,1
"1837",17,10,0,583,31,4,27,17,355,1
"1838",17,11,0,588,31,4,28,18,421,1
"1839",17,10,0,572,31,5,26,18,205,1
"1840",17,10,0,573,31,5,26,18,242,1
"1841",16,11,0,594,31,3,28,17,445,1
"1842",16,11,0,594,31,3,28,17,404,1
"1843",17,11,0,587,32,4,28,17,311,1
"1844",17,11,0,588,32,4,28,17,307,1
"1845",17,11,0,588,31,4,28,17,333,1
"1846",17,11,0,588,32,4,28,18,284,1
"1847",16,11,0,594,31,3,28,17,516,1
"1848",17,11,0,596,31,4,28,17,473,1
"1849",18,8,0,525,29,7,22,19,69,1
"1850",18,8,0,523,29,7,22,19,82,1
"1851",17,8,0,532,29,7,22,19,151,1
"1852",17,8,0,533,29,7,22,19,145,1
"1853",17,8,0,537,29,6,23,18,205,1
"1854",16,8,0,546,29,5,23,18,325,1
"1855",17,8,0,536,29,6,23,18,198,1
"1856",17,9,0,553,29,5,24,18,295,1
"1857",16,9,0,554,29,5,24,17,334,1
"1858",17,11,0,587,32,4,28,18,386,1
"1859",17,11,0,586,32,4,28,18,374,1
"1860",19,11,0,569,33,5,27,20,43,1
"1861",18,12,0,578,32,5,28,19,152,1
"1862",17,11,0,590,32,4,28,18,321,1
"1863",17,11,0,589,31,4,28,17,355,1
"1864",17,11,0,588,32,4,28,18,252,1
"1865",17,11,0,588,32,4,28,18,208,1
"1866",16,11,0,589,31,3,28,17,486,1
"1867",18,9,0,548,30,6,24,19,105,1
"1868",16,10,0,599,31,4,28,17,505,1
"1869",17,7,0,527,28,7,22,18,227,1
"1870",17,7,0,523,28,7,22,19,162,1
"1871",17,11,0,588,31,4,27,17,347,1
"1872",16,11,0,590,31,3,28,17,419,1
"1873",16,10,0,590,31,3,28,17,469,1
"1874",16,11,0,590,31,3,28,17,427,1
"1875",16,11,0,591,31,3,28,17,415,1
"1876",14,11,0,582,29,2,27,15,687,1
"1877",14,11,0,582,29,2,27,15,658,1
"1878",16,11,0,572,30,3,27,17,422,1
"1879",14,11,0,582,29,2,27,15,673,1
"1880",16,11,0,573,30,3,27,16,428,1
"1881",16,11,0,573,30,3,27,17,425,1
"1882",16,10,0,568,30,4,27,17,323,1
"1883",16,8,0,552,28,5,23,17,404,1
"1884",14,10,0,562,28,2,26,15,671,1
"1885",15,10,0,560,29,2,26,15,604,1
"1886",15,10,0,562,28,2,26,15,640,1
"1887",14,10,0,562,28,2,26,15,751,1
"1888",14,10,0,563,28,2,26,15,723,1
"1889",14,10,0,563,28,2,26,15,764,1
"1890",14,10,0,563,28,2,26,15,755,1
"1891",14,10,0,561,28,2,26,15,692,1
"1892",14,10,0,562,28,2,26,15,680,1
"1893",14,10,0,563,28,2,26,15,731,1
"1894",15,10,0,545,30,3,26,10,590,1
"1895",14,11,0,590,29,1,28,11,739,1
"1896",14,11,0,589,29,2,28,11,675,1
"1897",14,11,0,589,29,2,28,11,708,1
"1898",15,11,0,592,30,2,28,11,638,1
"1899",14,11,0,591,29,1,28,11,741,1
"1900",15,11,0,590,30,2,28,11,646,1
"1901",14,11,0,592,29,2,28,11,679,1
"1902",14,11,0,589,29,2,28,11,696,1
"1903",14,11,0,588,29,1,28,10,804,1
"1904",16,11,0,583,31,4,27,17,353,1
"1905",16,11,0,584,30,3,27,16,469,1
"1906",14,11,0,586,29,2,28,15,739,1
"1907",14,11,0,580,29,2,27,15,716,1
"1908",14,11,0,594,30,2,28,11,715,1
"1909",15,11,0,589,30,2,28,16,586,1
"1910",15,11,0,594,30,2,28,11,663,1
"1911",17,11,0,578,31,4,27,17,287,1
"1912",13,11,0,591,28,1,28,10,918,1
"1913",14,11,0,585,29,2,28,15,740,1
"1914",14,11,0,593,29,1,28,10,763,1
"1915",14,11,0,582,29,2,27,15,745,1
"1916",16,10,0,601,31,3,28,17,574,1
"1917",15,11,0,590,30,2,28,16,588,1
"1918",14,11,0,586,29,1,28,15,768,1
"1919",15,11,0,592,30,2,28,12,553,1
"1920",15,11,0,594,30,3,28,12,526,1
"1921",17,6,0,438,27,8,19,13,222,1
"1922",15,11,0,578,30,2,27,16,573,1
"1923",15,11,0,577,30,3,27,16,532,1
"1924",16,11,0,590,31,3,28,16,479,1
"1925",16,6,0,546,27,6,22,17,523,1
"1926",16,10,0,609,31,3,28,16,627,1
"1927",13,11,0,652,28,-1,30,13,681,1
"1928",15,10,0,615,31,3,28,16,682,1
"1929",16,10,0,594,31,3,28,17,458,1
"1930",15,11,0,598,30,2,28,16,664,1
"1931",15,11,0,600,30,2,28,15,727,1
"1932",16,11,0,600,31,4,28,17,393,1
"1933",16,11,0,605,31,3,28,16,539,1
"1934",15,11,0,602,31,3,28,16,598,1
"1935",15,11,0,602,30,2,28,16,643,1
"1936",15,11,0,605,31,3,28,16,588,1
"1937",16,11,0,595,31,3,28,17,408,1
"1938",16,10,0,609,31,3,28,17,599,1
"1939",15,10,0,614,30,2,28,15,739,1
"1940",14,11,0,611,30,1,28,15,807,1
"1941",14,11,0,612,30,2,28,15,768,1
"1942",15,11,0,612,30,2,28,15,753,1
"1943",16,11,0,613,31,3,29,16,563,1
"1944",15,11,0,610,30,2,28,15,731,1
"1945",14,11,0,609,30,1,28,15,821,1
"1946",15,11,0,611,30,2,28,15,706,1
"1947",15,11,0,612,30,2,28,15,752,1
"1948",14,11,0,611,30,2,28,15,791,1
"1949",15,11,0,611,30,2,28,15,751,1
"1950",15,10,0,616,31,2,29,16,673,1
"1951",15,11,0,613,31,2,28,15,701,1
"1952",16,11,0,600,31,3,28,16,606,1
"1953",17,11,0,595,31,4,28,17,460,1
"1954",15,10,0,625,31,2,29,16,699,1
"1955",14,10,0,613,30,2,28,15,817,1
"1956",16,10,0,597,31,3,28,17,600,1
"1957",16,10,0,616,31,3,28,16,637,1
"1958",14,11,0,593,30,2,28,11,691,1
"1959",14,11,0,598,30,2,28,11,711,1
"1960",14,11,0,596,29,1,28,10,762,1
"1961",14,11,0,591,29,1,28,10,773,1
"1962",14,11,0,599,29,1,28,10,778,1
"1963",14,11,0,596,29,1,28,10,779,1
"1964",14,11,0,600,30,1,28,11,718,1
"1965",17,11,0,582,32,4,27,18,332,1
"1966",14,10,0,563,28,2,26,14,769,1
"1967",15,10,0,563,28,2,26,15,621,1
"1968",15,10,0,561,29,3,26,16,547,1
"1969",15,10,0,561,29,3,26,16,568,1
"1970",14,10,0,564,28,2,26,14,786,1
"1971",14,10,0,563,28,2,26,14,765,1
"1972",14,10,0,564,28,2,26,15,690,1
"1973",16,11,0,601,31,3,28,16,655,1
"1974",16,10,0,596,31,3,28,17,512,1
"1975",16,11,0,595,31,3,28,17,548,1
"1976",17,11,0,591,31,4,28,18,434,1
"1977",16,10,0,610,31,3,28,16,644,1
"1978",17,11,0,592,32,4,28,18,422,1
"1979",17,10,0,589,31,4,27,18,410,1
"1980",16,10,0,608,31,3,28,17,594,1
"1981",18,10,0,566,31,5,26,19,206,1
"1982",17,11,0,580,31,4,27,18,238,1
"1983",17,11,0,578,32,4,27,18,228,1
"1984",17,11,0,579,32,4,28,18,207,1
"1985",17,11,0,582,31,4,28,17,278,1
"1986",17,11,0,580,31,4,27,18,237,1
"1987",17,11,0,580,31,4,27,18,235,1
"1988",15,11,0,603,30,2,28,16,699,1
"1989",15,11,0,608,30,2,28,15,805,1
"1990",16,10,0,605,31,3,28,17,579,1
"1991",17,11,0,593,31,4,28,18,422,1
"1992",17,9,0,573,29,4,25,18,198,1
"1993",15,10,0,582,28,2,26,15,555,1
"1994",16,9,0,577,29,4,25,17,313,1
"1995",16,9,0,574,29,4,25,17,232,1
"1996",15,10,0,578,29,3,26,16,425,1
"1997",16,9,0,575,29,4,25,17,300,1
"1998",15,10,0,582,28,2,26,15,564,1
"1999",17,9,0,571,30,4,25,18,176,1
"2000",16,8,0,548,28,5,23,17,389,1
"2001",16,11,0,594,31,3,28,17,486,1
"2002",16,11,0,612,31,3,28,17,592,1
"2003",16,11,0,602,31,3,28,17,530,1
"2004",16,11,0,592,31,3,28,17,481,1
"2005",17,10,0,573,31,5,27,18,321,1
"2006",16,10,0,618,32,3,28,17,517,1
"2007",16,10,0,616,32,3,28,17,524,1
"2008",14,8,0,562,27,3,24,15,700,1
"2009",16,8,0,554,28,5,24,17,473,1
"2010",16,10,0,591,31,3,27,17,428,1
"2011",16,10,0,590,31,3,27,17,438,1
"2012",16,10,0,594,30,3,28,16,531,1
"2013",16,10,0,593,31,3,28,17,416,1
"2014",18,10,0,567,31,5,26,19,139,1
"2015",18,10,0,568,31,5,26,19,152,1
"2016",18,10,0,562,31,5,25,19,139,1
"2017",18,10,0,570,31,5,26,19,140,1
"2018",16,11,0,597,31,3,28,17,600,1
"2019",16,9,0,563,29,5,25,17,327,1
"2020",16,9,0,566,29,5,25,17,358,1
"2021",17,9,0,566,30,5,25,18,309,1
"2022",16,11,0,612,31,3,28,17,583,1
"2023",17,9,0,559,30,5,25,18,302,1
"2024",17,9,0,562,29,5,25,17,326,1
"2025",17,9,0,557,30,5,25,18,248,1
"2026",17,9,0,559,30,5,25,18,275,1
"2027",16,11,0,615,31,3,28,16,656,1
"2028",15,6,0,494,26,6,20,10,631,1
"2029",15,10,0,614,30,2,28,15,758,1
"2030",16,11,0,615,31,3,29,16,447,1
"2031",18,6,0,505,28,8,20,13,339,1
"2032",18,7,0,513,30,8,22,20,63,1
"2033",12,10,0,580,26,1,26,13,917,1
"2034",16,10,0,599,31,3,28,17,551,1
"2035",15,10,0,608,31,3,28,16,674,1
"2036",13,11,0,596,28,0,28,13,987,1
"2037",13,11,0,596,28,1,28,14,915,1
"2038",13,11,0,597,28,0,28,14,944,1
"2039",13,10,0,597,28,0,28,14,944,1
"2040",13,11,0,596,28,0,28,14,963,1
"2041",13,10,0,598,28,0,28,13,982,1
"2042",13,11,0,595,28,0,28,13,1000,1
"2043",16,10,0,598,31,3,27,17,554,1
"2044",15,11,0,620,31,2,29,16,560,1
"2045",16,10,0,588,30,3,27,16,607,1
"2046",15,8,0,561,28,4,24,16,544,1
"2047",14,10,0,547,28,2,26,8,892,1
"2048",15,10,0,614,30,2,28,15,837,1
"2049",14,10,0,612,29,1,28,14,1016,1
"2050",14,10,0,613,29,1,28,14,1014,1
"2051",16,8,0,555,28,4,24,17,502,1
"2052",17,11,0,591,31,4,28,18,430,1
"2053",16,10,0,608,31,3,28,17,576,1
"2054",14,10,0,612,29,1,28,15,951,1
"2055",15,10,0,616,31,2,28,16,731,1
"2056",15,10,0,623,31,2,28,16,730,1
"2057",17,10,0,569,31,5,26,18,210,1
"2058",17,10,0,575,31,5,27,18,191,1
"2059",16,10,0,606,31,3,28,17,587,1
"2060",17,10,0,578,31,4,27,18,308,1
"2061",17,10,0,577,31,5,27,18,208,1
"2062",16,10,0,606,31,3,28,17,586,1
"2063",16,10,0,599,31,3,28,16,616,1
"2064",15,10,0,606,30,2,28,16,738,1
"2065",15,11,0,608,30,2,28,16,757,1
"2066",15,10,0,607,30,2,28,16,719,1
"2067",17,11,0,587,32,4,28,18,387,1
"2068",16,11,0,596,30,3,28,16,621,1
"2069",16,10,0,601,31,3,28,17,513,1
"2070",16,10,0,603,31,3,28,17,570,1
"2071",17,11,0,583,31,4,28,17,302,1
"2072",16,11,0,590,31,3,28,16,458,1
"2073",15,11,0,591,31,3,28,16,520,1
"2074",16,11,0,586,31,3,28,17,413,1
"2075",16,11,0,590,31,3,28,16,501,1
"2076",16,11,0,586,31,3,28,17,387,1
"2077",17,11,0,582,31,4,28,17,316,1
"2078",17,11,0,592,31,4,28,18,429,1
"2079",16,10,0,605,31,3,28,17,607,1
"2080",17,11,0,591,31,4,28,18,406,1
"2081",15,11,0,607,30,2,28,15,786,1
"2082",15,11,0,579,30,2,27,15,601,1
"2083",14,11,0,583,29,2,27,11,688,1
"2084",14,11,0,580,29,2,27,15,677,1
"2085",15,11,0,578,29,2,27,15,622,1
"2086",15,11,0,577,30,3,27,16,540,1
"2087",14,11,0,581,29,2,27,15,686,1
"2088",16,10,0,604,31,3,28,16,617,1
"2089",16,10,0,608,31,3,28,16,618,1
"2090",14,10,0,589,29,2,27,15,841,1
"2091",17,9,0,551,29,5,24,18,297,1
"2092",16,10,0,586,31,4,27,17,392,1
"2093",16,10,0,587,31,4,27,17,387,1
"2094",14,11,0,575,29,2,27,15,749,1
"2095",14,10,0,556,27,2,25,15,739,1
"2096",14,10,0,555,27,2,25,15,715,1
"2097",15,9,0,551,27,3,25,15,626,1
"2098",15,9,0,544,28,4,24,16,443,1
"2099",17,8,0,529,28,6,23,18,185,1
"2100",15,9,0,546,28,4,24,16,483,1
"2101",15,9,0,548,28,4,24,16,499,1
"2102",16,9,0,540,28,5,24,17,332,1
"2103",17,8,0,525,28,6,22,18,148,1
"2104",16,9,0,545,28,4,24,17,416,1
"2105",16,9,0,540,28,4,24,17,341,1
"2106",16,9,0,538,28,5,24,17,314,1
"2107",16,9,0,538,28,5,23,17,263,1
"2108",16,11,0,603,31,3,28,16,647,1
"2109",16,10,0,565,30,4,26,17,366,1
"2110",16,10,0,564,30,4,26,17,365,1
"2111",16,10,0,564,30,4,26,17,358,1
"2112",16,10,0,562,30,4,26,17,382,1
"2113",16,10,0,564,30,4,26,17,355,1
"2114",16,10,0,565,30,4,26,17,397,1
"2115",18,10,0,571,31,5,26,18,280,1
"2116",17,10,0,568,31,5,26,18,328,1
"2117",16,9,0,556,29,5,24,17,372,1
"2118",17,8,0,525,28,6,22,18,190,1
"2119",17,8,0,518,28,6,22,18,83,1
"2120",16,8,0,534,28,5,23,17,266,1
"2121",16,8,0,539,28,5,23,17,347,1
"2122",17,10,0,585,31,4,27,18,399,1
"2123",15,11,0,608,31,2,28,16,711,1
"2124",17,8,0,539,29,6,23,18,270,1
"2125",16,8,0,548,29,5,24,17,361,1
"2126",17,8,0,538,29,6,23,18,243,1
"2127",16,10,0,588,31,3,27,17,463,1
"2128",16,10,0,587,31,3,27,17,462,1
"2129",16,11,0,600,31,3,28,16,640,1
"2130",17,9,0,561,30,5,25,18,419,1
"2131",18,6,0,508,28,8,20,19,174,1
"2132",16,11,0,608,31,3,28,16,627,1
"2133",15,6,0,478,25,6,19,10,656,1
"2134",15,10,0,608,30,2,28,15,776,1
"2135",15,11,0,577,30,3,27,16,470,1
"2136",16,11,0,584,31,4,28,17,314,1
"2137",15,11,0,591,30,2,28,16,594,1
"2138",15,11,0,592,30,2,28,16,598,1
"2139",15,11,0,593,30,2,28,15,650,1
"2140",15,11,0,592,30,2,28,15,615,1
"2141",14,11,0,594,30,2,28,15,702,1
"2142",15,8,0,562,28,4,24,16,550,1
"2143",17,8,0,550,29,6,23,18,89,1
"2144",17,9,0,564,30,5,25,18,162,1
"2145",18,9,0,556,31,6,25,19,264,1
"2146",18,9,0,548,30,6,24,19,224,1
"2147",18,9,0,552,31,6,25,19,238,1
"2148",18,9,0,550,31,6,25,19,227,1
"2149",18,10,0,555,31,6,26,19,156,1
"2150",18,10,0,570,31,5,26,19,270,1
"2151",17,10,0,557,31,5,25,18,281,1
"2152",18,10,0,555,31,6,25,19,244,1
"2153",15,12,0,698,31,0,32,15,387,1
"2154",15,10,0,577,29,3,26,16,604,1
"2155",16,10,0,575,30,4,26,17,545,1
"2156",16,10,0,583,30,3,26,17,561,1
"2157",16,10,0,570,30,4,26,17,474,1
"2158",16,10,0,568,30,4,26,17,444,1
"2159",16,10,0,575,29,3,26,16,586,1
"2160",15,10,0,581,29,3,26,16,643,1
"2161",15,10,0,585,29,3,27,16,664,1
"2162",15,10,0,588,29,2,27,16,735,1
"2163",15,10,0,584,29,3,27,16,674,1
"2164",15,11,0,600,31,3,28,16,566,1
"2165",16,11,0,599,31,3,28,17,449,1
"2166",17,11,0,601,32,4,28,17,363,1
"2167",16,10,0,608,31,3,28,17,516,1
"2168",16,10,0,603,31,4,28,17,507,1
"2169",16,10,0,604,31,4,28,17,504,1
"2170",15,10,0,603,30,3,28,16,700,1
"2171",16,10,0,603,31,3,28,17,545,1
"2172",16,10,0,600,31,4,28,17,517,1
"2173",15,11,0,604,31,3,28,16,569,1
"2174",15,11,0,605,31,2,28,16,648,1
"2175",14,10,0,622,29,1,28,14,871,1
"2176",15,10,0,608,30,3,28,16,708,1
"2177",14,11,0,691,30,0,31,17,458,1
"2178",17,11,0,572,31,4,27,18,258,1
"2179",15,10,0,611,30,2,28,15,786,1
"2180",17,9,0,559,30,5,25,18,176,1
"2181",16,6,0,529,27,6,21,17,485,1
"2182",16,6,0,524,27,6,21,17,429,1
"2183",15,6,0,536,27,5,21,17,588,1
"2184",15,10,0,605,30,3,28,16,708,1
"2185",17,10,0,566,31,5,26,18,191,1
"2186",16,10,0,600,31,3,28,16,627,1
"2187",17,11,0,578,32,5,27,18,301,1
"2188",18,11,0,571,32,5,27,18,109,1
"2189",17,11,0,578,31,4,27,18,266,1
"2190",17,10,0,564,31,5,26,18,159,1
"2191",17,10,0,561,31,5,26,18,169,1
"2192",17,10,0,564,31,5,26,18,168,1
"2193",17,10,0,563,31,5,26,18,163,1
"2194",17,10,0,562,31,5,26,18,152,1
"2195",16,11,0,607,31,3,28,16,654,1
"2196",17,10,0,574,31,5,26,18,356,1
"2197",17,11,0,586,32,4,28,18,372,1
"2198",16,10,0,610,31,3,28,16,657,1
"2199",17,9,0,564,30,5,25,18,299,1
"2200",17,9,0,565,30,5,25,17,319,1
"2201",17,7,0,522,28,6,22,18,65,1
"2202",14,11,0,686,30,0,31,14,489,1
"2203",16,8,0,562,29,5,24,17,345,1
"2204",15,10,0,610,30,2,28,15,745,1
"2205",17,7,0,528,27,5,22,18,167,1
"2206",14,7,0,552,27,3,23,9,995,1
"2207",13,10,0,575,27,1,26,14,744,1
"2208",14,11,0,606,30,1,28,15,841,1
"2209",11,11,0,650,27,-3,30,4,1581,1
"2210",14,11,0,607,29,1,28,14,935,1
"2211",14,11,0,618,30,1,29,15,749,1
"2212",14,11,0,619,30,1,29,15,765,1
"2213",16,11,0,608,31,3,28,17,414,1
"2214",14,10,0,607,30,2,28,15,791,1
"2215",14,11,0,625,30,1,29,15,753,1
"2216",15,11,0,611,31,2,28,16,539,1
"2217",14,11,0,624,30,1,29,15,738,1
"2218",15,11,0,603,30,2,28,16,590,1
"2219",14,10,0,610,30,2,28,15,790,1
"2220",15,9,0,557,28,4,24,16,524,1
"2221",13,11,0,622,29,1,29,14,887,1
"2222",16,11,0,598,31,4,28,17,493,1
"2223",15,11,0,606,30,2,28,16,776,1
"2224",17,10,0,570,31,5,26,18,309,1
"2225",16,10,0,613,31,3,28,16,652,1
"2226",16,10,0,578,30,4,26,17,502,1
"2227",16,10,0,590,30,3,27,17,553,1
"2228",17,7,0,466,28,8,20,12,226,1
"2229",18,6,0,495,28,9,19,20,113,1
"2230",18,6,0,494,28,9,20,20,93,1
"2231",18,6,0,494,29,9,20,20,77,1
"2232",18,6,0,494,28,9,20,20,98,1
"2233",16,10,0,581,30,3,27,17,578,1
"2234",17,6,0,527,28,7,21,18,339,1
"2235",16,6,0,538,27,6,21,17,461,1
"2236",17,6,0,530,27,7,21,18,384,1
"2237",18,5,0,467,28,10,18,16,167,1
"2238",16,6,0,539,28,6,22,18,417,1
"2239",14,10,0,592,28,1,27,14,950,1
"2240",16,7,0,539,28,6,22,18,435,1
"2241",16,7,0,544,28,6,22,17,496,1
"2242",16,6,0,548,27,6,22,17,529,1
"2243",18,7,0,532,29,7,22,19,39,1
"2244",16,9,0,570,29,4,24,17,264,1
"2245",16,9,0,574,29,4,25,17,349,1
"2246",17,9,0,568,29,5,24,17,245,1
"2247",16,10,0,580,29,3,26,16,318,1
"2248",15,10,0,604,29,2,27,15,354,1
"2249",17,4,0,480,27,10,17,19,146,1
"2250",15,8,0,592,29,3,25,11,177,1
"2251",15,10,0,610,30,2,28,16,710,1
"2252",17,11,0,621,33,3,30,10,410,1
"2253",18,6,0,437,27,9,18,13,86,1
"2254",13,11,0,619,29,-1,29,13,1144,1
"2255",14,10,0,587,29,2,26,15,847,1
"2256",15,10,0,618,30,2,28,9,951,1
"2257",16,11,0,600,31,3,28,17,596,1
"2258",16,10,0,601,31,3,28,17,572,1
"2259",15,10,0,550,28,3,25,16,460,1
"2260",16,10,0,553,29,4,25,17,336,1
"2261",16,10,0,550,29,4,25,17,346,1
"2262",16,10,0,552,29,4,25,17,297,1
"2263",16,11,0,610,31,3,28,17,602,1
"2264",17,10,0,574,31,4,26,18,409,1
"2265",17,8,0,526,28,6,22,18,191,1
"2266",17,8,0,520,28,7,22,19,95,1
"2267",18,7,0,516,28,7,22,19,64,1
"2268",15,10,0,564,29,3,26,16,533,1
"2269",16,10,0,600,31,3,28,16,630,1
"2270",17,10,0,557,30,5,25,18,222,1
"2271",17,9,0,553,30,5,25,18,189,1
"2272",17,10,0,554,30,5,25,18,217,1
"2273",17,9,0,553,30,5,25,18,188,1
"2274",17,9,0,553,30,5,25,18,180,1
"2275",16,11,0,568,31,4,27,17,301,1
"2276",16,11,0,570,30,4,27,17,338,1
"2277",16,8,0,545,29,5,23,17,339,1
"2278",17,8,0,541,29,6,23,18,267,1
"2279",16,8,0,550,28,5,23,17,452,1
"2280",18,6,0,423,27,9,18,14,115,1
"2281",17,8,0,550,29,6,23,18,66,1
"2282",17,8,0,558,29,5,24,18,98,1
"2283",17,8,0,559,29,5,24,18,104,1
"2284",17,8,0,555,29,6,24,18,81,1
"2285",17,8,0,560,29,5,24,18,108,1
"2286",17,8,0,552,29,6,23,18,86,1
"2287",17,8,0,560,29,5,24,18,113,1
"2288",15,6,0,551,26,5,22,16,114,1
"2289",16,11,0,597,31,3,28,17,462,1
"2290",15,11,0,606,30,2,28,15,708,1
"2291",15,11,0,603,30,2,28,15,696,1
"2292",17,9,0,551,30,6,24,18,164,1
"2293",17,9,0,552,30,5,24,18,190,1
"2294",16,9,0,573,29,4,25,17,280,1
"2295",14,10,0,640,30,1,29,15,500,1
"2296",13,11,0,677,30,-1,31,14,588,1
"2297",15,4,0,502,25,7,18,17,39,1
"2298",15,4,0,503,25,7,18,17,26,1
"2299",16,10,0,609,31,3,28,17,562,1
"2300",15,10,0,615,31,3,28,16,690,1
"2301",14,10,0,613,29,1,28,14,1019,1
"2302",14,10,0,613,29,1,28,14,988,1
"2303",15,10,0,613,30,2,28,15,804,1
"2304",16,10,0,617,31,3,28,17,579,1
"2305",16,10,0,611,31,3,28,17,571,1
"2306",15,10,0,610,31,3,28,16,700,1
"2307",16,10,0,615,31,3,28,16,616,1
"2308",15,8,0,579,29,4,24,12,78,1
"2309",16,9,0,573,29,4,25,17,378,1
"2310",17,9,0,562,29,5,24,18,116,1
"2311",17,9,0,566,29,5,24,18,154,1
"2312",17,9,0,566,29,5,24,18,197,1
"2313",16,9,0,573,29,4,25,17,265,1
"2315",15,9,0,579,28,3,25,16,444,1
"2316",16,9,0,574,29,4,25,17,312,1
"2317",17,8,0,563,29,5,24,18,215,1
"2318",16,9,0,574,29,4,25,17,307,1
"2319",16,9,0,575,29,4,25,17,378,1
"2320",15,9,0,579,28,3,25,16,468,1
"2321",16,9,0,577,29,4,25,17,345,1
"2322",18,8,0,557,30,6,24,19,14,1
"2323",16,9,0,572,29,4,24,17,329,1
"2324",17,9,0,566,29,5,24,18,180,1
"2325",15,10,0,625,31,2,29,16,733,1
"2326",15,7,0,532,26,4,22,16,236,1
"2327",17,11,0,593,31,4,28,17,322,1
"2328",15,11,0,583,30,3,27,16,580,1
"2329",14,11,0,582,29,2,27,11,686,1
"2330",16,11,0,592,31,3,28,17,386,1
"2331",15,11,0,584,30,2,27,11,592,1
"2332",16,11,0,593,31,4,28,13,362,1
"2333",16,10,0,620,32,3,28,17,521,1
"2334",16,11,0,620,31,3,29,16,453,1
"2335",18,11,0,582,32,4,28,19,229,1
"2336",17,8,0,548,29,6,24,18,199,1
"2337",13,10,0,620,29,0,28,13,999,1
"2338",12,10,0,622,28,0,28,13,1123,1
"2339",12,10,0,621,28,0,28,13,1097,1
"2340",12,10,0,624,28,0,28,13,1112,1
"2341",15,11,0,602,30,2,28,15,705,1
"2342",13,10,0,619,29,1,28,14,912,1
"2343",12,10,0,618,28,-1,28,12,1162,1
"2344",13,10,0,626,29,0,29,13,1018,1
"2345",15,11,0,600,30,2,28,15,689,1
"2346",13,10,0,620,29,1,28,14,910,1
"2347",12,10,0,619,28,-1,28,12,1165,1
"2348",14,10,0,622,30,1,29,15,773,1
"2349",14,10,0,623,30,1,29,14,805,1
"2350",14,10,0,621,29,1,28,14,861,1
"2351",16,5,0,482,26,8,18,12,527,1
"2352",17,11,0,590,31,4,28,17,346,1
"2353",16,11,0,596,31,3,28,16,487,1
"2354",17,11,0,590,32,4,28,17,343,1
"2355",15,11,0,597,30,2,28,15,657,1
"2356",15,11,0,598,30,2,28,15,674,1
"2357",16,11,0,592,31,4,28,17,365,1
"2358",14,11,0,599,30,2,28,15,741,1
"2359",15,11,0,598,30,2,28,15,694,1
"2360",16,11,0,592,31,3,28,16,510,1
"2361",15,11,0,599,30,2,28,16,616,1
"2362",15,8,0,587,29,4,25,11,63,1
"2363",13,11,0,613,29,0,29,9,953,1
"2364",13,11,0,612,29,0,29,9,945,1
"2365",13,11,0,613,29,1,29,10,917,1
"2366",13,11,0,614,29,0,29,9,965,1
"2367",13,11,0,619,30,1,29,10,882,1
"2368",13,11,0,611,29,0,28,9,1003,1
"2369",13,11,0,611,29,0,29,9,952,1
"2370",13,11,0,620,29,1,29,10,903,1
"2371",13,11,0,612,29,1,29,10,906,1
"2372",13,11,0,610,28,0,28,9,1044,1
"2373",13,11,0,615,29,0,29,9,954,1
"2374",13,11,0,613,29,0,29,9,955,1
"2375",13,11,0,611,29,0,29,9,1017,1
"2376",15,10,0,622,31,2,28,15,785,1
"2377",15,10,0,601,30,2,28,15,754,1
"2378",11,10,0,581,25,-1,26,12,962,1
"2379",16,10,0,622,32,3,28,17,563,1
"2380",15,11,0,598,30,2,28,11,617,1
"2381",14,11,0,594,29,2,28,15,748,1
"2382",14,11,0,595,30,2,28,11,697,1
"2383",16,9,0,599,29,4,26,12,28,1
"2384",16,9,0,570,29,4,25,17,268,1
"2385",16,9,0,577,29,4,25,17,378,1
"2386",16,9,0,576,28,4,25,17,406,1
"2387",17,9,0,559,30,5,25,18,135,1
"2388",15,9,0,580,28,3,25,16,457,1
"2389",16,9,0,570,29,4,24,17,290,1
"2390",17,9,0,566,29,5,24,18,187,1
"2391",16,9,0,570,29,4,25,17,314,1
"2392",16,9,0,578,28,3,25,16,445,1
"2393",16,9,0,569,29,4,24,17,263,1
"2394",14,9,0,555,26,2,25,14,674,1
"2395",15,9,0,556,27,3,25,16,480,1
"2396",12,9,0,556,25,1,24,13,914,1
"2397",14,9,0,553,27,2,24,15,619,1
"2398",13,9,0,557,26,1,25,14,782,1
"2399",16,11,0,615,32,3,29,17,486,1
"2400",15,11,0,613,31,2,29,16,610,1
"2401",17,10,0,560,30,5,26,18,252,1
"2402",17,10,0,560,30,5,26,18,236,1
"2403",17,10,0,558,30,5,25,18,188,1
"2404",17,10,0,559,30,5,25,18,191,1
"2405",16,11,0,595,31,3,28,16,534,1
"2406",15,11,0,598,30,2,28,16,617,1
"2407",16,11,0,590,31,4,28,17,365,1
"2408",16,11,0,591,31,4,28,17,371,1
"2409",17,11,0,589,31,4,28,17,344,1
"2410",15,11,0,597,30,2,28,15,679,1
"2411",15,11,0,597,30,2,28,16,644,1
"2412",16,11,0,592,31,3,28,17,394,1
"2413",17,5,0,508,28,8,20,19,181,1
"2414",18,5,0,494,28,9,19,19,99,1
"2416",16,11,0,606,31,3,28,17,545,1
"2417",17,8,0,536,29,6,22,19,137,1
"2418",15,11,0,603,30,2,28,16,715,1
"2419",16,8,0,586,29,4,25,12,32,1
"2420",18,10,0,570,31,5,26,19,137,1
"2421",17,10,0,571,31,5,26,18,175,1
"2422",16,10,0,596,31,4,27,17,504,1
"2423",14,10,0,612,29,2,28,15,506,1
"2424",16,11,0,602,31,3,28,16,650,1
"2425",15,11,0,605,30,2,28,16,766,1
"2426",14,10,0,586,28,2,26,15,846,1
"2427",16,10,0,606,31,3,28,17,600,1
"2428",16,10,0,612,31,3,28,16,670,1
"2429",15,10,0,608,31,2,28,16,675,1
"2430",15,11,0,644,31,1,30,8,890,1
"2431",14,8,0,555,26,3,23,16,316,1
"2432",14,10,0,609,28,1,27,14,619,1
"2433",15,5,0,512,25,6,19,16,75,1
"2434",14,11,0,585,29,2,28,11,743,1
"2435",14,10,0,642,30,1,29,15,492,1
"2436",13,10,0,596,28,1,27,14,982,1
"2437",14,12,0,694,31,0,31,15,451,1
"2438",18,7,0,530,29,7,22,19,38,1
"2439",16,8,0,556,28,5,24,17,437,1
"2440",15,8,0,557,28,4,23,16,545,1
"2441",17,7,0,534,28,6,22,18,205,1
"2442",16,8,0,549,28,5,23,17,398,1
"2443",17,8,0,541,29,6,23,18,247,1
"2444",16,10,0,596,31,3,28,17,551,1
"2445",15,11,0,586,30,2,28,15,617,1
"2446",14,11,0,591,29,1,28,14,826,1
"2447",15,11,0,585,30,2,28,16,547,1
"2448",15,11,0,586,30,2,28,16,556,1
"2449",14,11,0,589,29,1,28,15,752,1
"2450",15,11,0,588,30,2,28,16,601,1
"2451",15,11,0,586,30,2,28,16,570,1
"2452",15,11,0,586,30,2,28,16,570,1
"2453",14,11,0,592,29,1,28,14,783,1
"2454",14,11,0,617,30,1,29,15,681,1
"2455",14,11,0,619,30,1,29,15,705,1
"2456",16,10,0,601,31,3,28,16,637,1
"2457",14,11,0,619,30,1,29,15,755,1
"2458",15,11,0,618,30,2,29,15,603,1
"2459",16,10,0,598,30,3,28,16,639,1
"2460",16,10,0,600,30,3,28,16,652,1
"2461",14,11,0,593,29,1,28,14,818,1
"2462",15,11,0,605,30,2,28,16,776,1
"2463",14,8,0,558,27,3,23,15,777,1
"2464",14,10,0,556,27,2,25,15,711,1
"2465",14,10,0,555,27,2,25,15,718,1
"2466",14,10,0,553,28,3,25,15,636,1
"2467",13,10,0,558,27,2,25,14,823,1
"2468",14,10,0,556,27,2,25,15,756,1
"2469",14,10,0,556,27,2,25,15,705,1
"2470",14,10,0,558,27,2,25,15,761,1
"2471",14,10,0,556,27,2,25,15,721,1
"2472",15,10,0,554,28,3,25,15,632,1
"2473",15,11,0,600,30,2,28,11,670,1
"2474",14,11,0,600,30,2,28,11,699,1
"2475",14,11,0,599,30,2,28,11,704,1
"2476",14,11,0,601,30,2,28,11,712,1
"2477",17,10,0,577,32,5,27,18,308,1
"2478",17,8,0,519,28,6,22,18,118,1
"2479",17,8,0,519,28,6,22,18,122,1
"2480",16,9,0,556,29,5,24,17,382,1
"2481",17,9,0,551,30,5,24,18,250,1
"2482",15,10,0,576,29,3,26,16,648,1
"2483",17,7,0,522,28,6,22,18,77,1
"2484",18,6,0,428,27,9,18,13,155,1
"2485",16,7,0,534,28,6,22,17,390,1
"2486",16,7,0,533,28,6,22,18,364,1
"2487",15,7,0,548,27,5,22,16,584,1
"2488",15,7,0,547,27,5,22,16,597,1
"2489",17,10,0,583,32,5,27,18,196,1
"2490",18,10,0,582,32,5,27,18,155,1
"2491",14,8,0,562,27,3,24,8,1058,1
"2492",18,7,0,501,29,8,22,20,79,1
"2493",16,7,0,540,27,6,22,17,174,1
"2494",17,10,0,530,31,5,26,11,388,1
"2495",16,9,0,569,29,4,25,16,512,1
"2496",16,9,0,562,30,5,25,17,345,1
"2497",16,9,0,563,29,4,25,17,403,1
"2498",16,9,0,565,29,4,25,17,386,1
"2499",16,8,0,552,28,4,24,17,544,1
"2500",16,8,0,551,28,4,24,17,554,1
"2501",18,7,0,450,28,9,20,13,40,1
"2502",15,10,0,611,30,2,28,16,348,1
"2503",15,9,0,587,29,3,26,16,371,1
"2504",13,6,0,530,24,4,21,14,427,1
"2505",14,8,0,573,27,3,24,7,314,1
"2506",17,8,0,544,28,5,23,18,268,1
"2507",16,8,0,545,28,5,23,17,313,1
"2508",16,8,0,544,28,5,23,18,303,1
"2509",17,9,0,548,29,5,24,18,232,1
"2510",16,9,0,535,28,5,23,17,264,1
"2511",16,10,0,576,29,3,26,17,324,1
"2512",16,9,0,540,29,5,24,17,268,1
"2513",16,10,0,560,29,3,26,16,466,1
"2514",15,10,0,560,29,3,26,16,533,1
"2515",14,10,0,562,28,2,26,15,662,1
"2516",14,10,0,563,28,2,26,15,730,1
"2517",15,10,0,563,28,2,26,15,640,1
"2518",16,9,0,553,29,4,24,17,377,1
"2519",14,10,0,598,29,1,28,14,800,1
"2520",15,10,0,605,30,2,28,15,677,1
"2521",15,10,0,609,31,2,28,16,540,1
"2522",15,10,0,606,30,2,28,15,656,1
"2523",15,10,0,606,30,2,28,16,581,1
"2524",14,10,0,600,29,1,28,15,790,1
"2525",14,10,0,604,30,2,28,15,697,1
"2526",16,5,0,506,26,7,19,17,122,1
"2527",15,10,0,609,31,3,28,16,689,1
"2528",15,10,0,608,30,2,28,16,726,1
"2529",16,10,0,608,30,3,27,16,220,1
"2530",14,11,0,606,30,2,28,15,749,1
"2531",15,11,0,602,30,2,28,16,666,1
"2532",15,11,0,605,30,2,28,15,720,1
"2533",15,11,0,604,30,2,28,15,707,1
"2534",14,11,0,605,30,2,28,15,751,1
"2535",15,11,0,605,30,2,28,15,734,1
"2536",15,11,0,604,30,2,28,15,722,1
"2537",16,8,0,561,28,4,24,17,494,1
"2538",15,7,0,553,27,5,22,17,296,1
"2539",12,10,0,604,27,0,27,13,956,1
"2540",16,10,0,556,29,4,25,17,438,1
"2542",16,3,0,463,25,8,16,17,29,1
"2543",17,6,0,534,28,7,21,18,401,1
"2544",13,11,0,626,29,0,29,15,987,1
"2545",12,11,0,625,28,0,28,14,1056,1
"2546",12,11,0,622,27,-1,28,14,1140,1
"2547",12,11,0,626,28,0,29,14,1035,1
"2548",16,7,0,542,28,5,22,17,329,1
"2549",13,8,0,551,25,2,23,14,541,1
"2550",13,10,0,605,28,0,27,14,467,1
"2551",14,10,0,592,27,1,26,14,428,1
"2552",18,7,0,535,29,7,22,19,26,1
"2553",14,7,0,549,25,3,23,15,460,1
"2554",13,10,0,622,29,0,29,13,999,1
"2555",13,10,0,624,29,1,29,14,887,1
"2556",14,10,0,625,30,1,29,14,837,1
"2557",13,10,0,622,29,1,29,14,893,1
"2558",13,10,0,622,29,0,29,13,977,1
"2559",13,10,0,625,29,0,29,14,930,1
"2560",15,10,0,608,30,2,28,16,307,1
"2561",13,9,0,588,27,1,26,14,714,1
"2562",14,11,0,597,29,1,28,10,842,1
"2563",14,11,0,599,30,2,28,11,681,1
"2564",14,11,0,599,30,2,28,11,700,1
"2565",16,10,0,560,29,4,26,16,446,1
"2566",18,11,0,573,32,5,27,19,72,1
"2567",17,11,0,576,32,4,27,18,180,1
"2568",14,9,0,568,27,2,25,15,747,1
"2569",16,9,0,553,29,4,25,17,383,1
"2570",17,10,0,569,31,4,26,18,214,1
"2571",17,10,0,571,31,4,26,18,224,1
"2572",17,11,0,594,31,4,28,18,422,1
"2573",16,11,0,602,31,3,28,17,586,1
"2574",16,10,0,637,32,3,29,17,159,1
"2575",11,10,0,583,25,-1,26,12,964,1
"2576",15,6,0,538,26,6,21,17,324,1
"2577",17,11,0,576,31,4,27,17,300,1
"2578",15,11,0,600,31,3,28,16,566,1
"2579",17,10,0,568,31,5,26,18,141,1
"2580",16,11,0,597,31,3,28,16,517,1
"2581",17,11,0,573,31,4,27,17,288,1
"2582",15,10,0,584,30,3,27,16,559,1
"2583",14,11,0,602,30,2,28,15,769,1
"2584",13,11,0,584,28,1,27,9,977,1
"2585",15,8,0,549,27,4,23,17,134,1
"2586",17,10,0,631,32,3,28,17,65,1
"2587",16,10,0,593,30,3,27,17,59,1
"2588",16,10,0,636,31,3,29,17,190,1
"2589",19,12,0,572,33,5,28,19,46,1
"2590",15,9,0,587,28,3,25,8,148,1
"2591",15,7,0,548,27,5,22,12,47,1
"2592",14,10,0,570,28,2,26,14,798,1
"2593",14,10,0,568,28,2,26,15,724,1
"2594",15,10,0,562,29,3,26,15,580,1
"2595",17,8,0,559,29,5,23,18,65,1
"2596",17,5,0,484,27,8,19,12,408,1
"2597",15,9,0,590,29,3,26,9,69,1
"2598",15,10,0,594,30,3,28,16,565,1
"2599",15,9,0,594,29,3,26,16,255,1
"2600",14,10,0,630,29,1,28,14,567,1
"2601",14,10,0,603,28,1,27,14,451,1
"2602",15,11,0,585,30,3,28,16,496,1
"2603",15,11,0,586,30,2,28,16,532,1
"2604",15,8,0,551,27,4,23,9,926,1
"2605",14,10,0,608,29,2,27,15,481,1
"2606",17,9,0,534,28,5,23,18,218,1
"2607",16,9,0,542,28,4,24,17,349,1
"2610",15,11,0,585,30,2,27,16,639,1
"2611",14,10,0,603,29,1,27,14,605,1
"2612",16,11,0,580,30,3,27,17,401,1
"2613",15,9,0,543,27,3,24,15,521,1
"2614",16,9,0,542,28,4,24,17,328,1
"2615",14,11,0,682,31,1,30,10,803,1
"2616",17,11,0,587,32,4,28,18,286,1
"2617",18,7,0,542,29,7,22,19,110,1
"2618",19,5,0,460,28,10,18,17,108,1
"2619",12,11,0,606,28,0,28,9,1090,1
"2620",15,11,0,641,31,1,30,9,862,1
"2621",17,11,0,581,31,4,27,18,272,1
"2622",16,11,0,592,31,3,28,16,495,1
"2623",17,11,0,582,31,4,27,18,261,1
"2624",15,6,0,524,25,5,20,16,182,1
"2625",14,6,0,528,25,5,20,16,210,1
"2626",15,5,0,490,26,6,19,11,692,1
"2627",16,10,0,619,32,3,28,17,587,1
"2628",15,11,0,601,30,2,28,16,635,1
"2629",16,11,0,577,30,3,27,16,463,1
"2630",14,10,0,580,28,2,26,15,791,1
"2631",15,10,0,574,30,3,26,16,736,1
"2632",16,10,0,592,30,4,26,17,30,1
"2633",16,7,0,549,28,5,22,17,200,1
"2634",12,10,0,595,26,0,26,13,979,1
"2635",14,10,0,678,31,1,30,10,888,1
"2636",14,11,0,612,30,2,28,11,722,1
"2637",16,11,0,610,31,3,28,12,510,1
"2638",14,11,0,609,30,2,28,11,722,1
"2639",15,11,0,611,31,2,28,11,593,1
"2640",16,11,0,610,31,3,28,12,516,1
"2641",15,11,0,611,30,2,28,11,662,1
"2642",14,11,0,611,30,1,28,10,766,1
"2643",14,11,0,608,30,1,28,10,755,1
"2644",16,11,0,610,31,3,28,12,518,1
"2645",14,11,0,609,29,1,28,10,854,1
"2646",14,11,0,608,30,2,28,11,729,1
"2647",16,7,0,574,29,5,24,12,2,1
"2648",18,5,0,473,28,9,18,13,249,1
"2649",13,10,0,616,28,1,27,14,522,1
"2650",17,11,0,585,32,4,28,18,254,1
"2651",15,10,0,591,29,3,27,16,746,1
"2652",15,8,0,528,27,4,23,10,699,1
"2653",14,10,0,603,29,2,27,15,574,1
"2654",12,10,0,598,27,0,27,13,851,1
"2655",17,7,0,460,27,7,20,12,371,1
"2656",14,10,0,640,30,1,29,15,908,1
"2657",15,5,0,510,25,6,19,17,255,1
"2658",17,10,0,585,32,4,27,18,263,1
"2659",17,12,0,635,33,3,30,17,487,1
"2660",13,12,0,686,30,-1,31,13,613,1
"2661",11,11,0,650,27,-3,29,13,947,1
"2662",15,5,0,516,25,5,19,16,199,1
"2663",12,12,0,673,29,-2,31,13,743,1
"2664",18,2,0,432,26,11,15,19,126,1
"2665",17,5,0,442,26,8,18,12,297,1
"2666",15,6,0,484,25,6,19,10,769,1
"2667",15,11,0,703,32,0,31,15,301,1
"2668",13,9,0,589,27,1,26,14,532,1
"2669",15,11,0,669,31,1,30,11,867,1
"2670",11,10,0,584,25,-1,26,12,874,1
"2671",15,8,0,578,29,4,24,12,67,1
"2672",16,8,0,551,28,5,24,17,555,1
"2673",11,10,0,586,25,-1,26,12,868,1
"2674",15,9,0,576,28,3,25,16,402,1
"2675",15,8,0,568,27,3,24,16,452,1
"2677",17,6,0,503,28,7,20,12,463,1
"2678",17,11,0,601,32,4,28,13,518,1
"2679",18,8,0,546,30,6,23,19,81,1
"2680",16,10,0,633,32,3,29,17,164,1
"2681",14,10,0,615,28,1,28,15,388,1
"2682",18,8,0,544,29,6,23,19,109,1
"2683",15,6,0,549,26,5,21,16,500,1
"2684",16,9,0,574,29,4,25,17,357,1
"2685",13,10,0,594,27,0,27,14,485,1
"2686",14,7,0,546,26,3,23,15,390,1
"2687",16,6,0,535,27,6,21,17,261,1
"2688",16,9,0,570,29,4,26,17,520,1
"2689",16,5,0,507,26,6,20,21,110,1
"2690",17,6,0,437,27,9,19,13,174,1
"2691",14,10,0,592,29,2,27,15,854,1
"2692",17,6,0,457,28,8,20,13,159,1
"2693",14,11,0,672,30,0,30,6,996,1
"2694",14,10,0,630,29,0,28,19,303,1
"2695",17,11,0,637,33,3,30,17,491,1
"2696",16,12,0,635,33,3,30,17,492,1
"2697",14,10,0,607,29,2,27,15,486,1
"2698",14,5,0,515,24,5,19,15,288,1
"2699",15,6,0,522,26,5,20,17,234,1
"2700",19,5,0,463,29,10,18,17,41,1
"2701",14,10,0,587,29,2,27,15,772,1
"2702",17,5,0,487,27,8,19,12,497,1
"2703",17,7,0,558,29,6,23,18,31,1
"2704",16,11,0,595,30,3,28,16,626,1
"2705",17,7,0,458,27,7,20,12,345,1
"2707",14,10,0,589,27,1,26,15,408,1
"2708",14,7,0,493,26,5,21,10,779,1
"2709",17,9,0,563,30,5,25,18,378,1
"2710",17,8,0,534,28,6,22,18,260,1
"2711",14,10,0,617,28,1,27,14,452,1
"2712",16,6,0,530,27,6,21,17,486,1
"2713",15,10,0,562,28,3,25,16,603,1
"2714",13,10,0,615,28,0,28,13,634,1
"2715",14,11,0,691,31,0,31,15,429,1
"2716",14,10,0,602,28,1,27,15,365,1
"2717",13,11,0,613,29,0,29,10,1074,1
"2718",14,10,0,615,29,2,28,16,709,1
"2719",17,11,0,662,33,3,29,19,163,1
"2720",13,10,0,597,28,1,27,13,832,1
"2721",13,10,0,602,28,1,27,14,713,1
"2722",12,12,0,657,28,-1,30,13,709,1
"2723",15,8,0,557,28,4,24,16,513,1
"2724",15,9,0,556,28,4,24,16,533,1
"2725",15,9,0,556,28,4,24,16,498,1
"2726",14,9,0,565,27,2,25,15,730,1
"2727",18,6,0,501,28,9,20,19,117,1
"2728",14,10,0,598,29,1,28,15,857,1
"2729",13,12,0,684,30,-1,31,14,576,1
"2730",17,9,0,553,30,5,24,18,191,1
"2731",18,9,0,551,30,6,24,18,120,1
"2732",18,9,0,550,30,6,24,18,117,1
"2733",14,10,0,595,29,2,27,15,837,1
"2734",14,10,0,596,29,1,27,14,912,1
"2735",14,10,0,596,29,1,27,15,875,1
"2736",12,10,0,595,27,0,27,13,1148,1
"2737",13,10,0,596,28,1,27,14,934,1
"2738",14,10,0,596,29,1,28,14,907,1
"2739",13,10,0,592,28,1,27,14,962,1
"2740",13,10,0,597,28,1,28,14,1000,1
"2741",18,11,0,568,32,5,27,19,168,1
"2742",18,12,0,578,33,5,28,19,118,1
"2743",16,11,0,595,31,3,28,17,514,1
"2744",18,8,0,546,30,6,23,19,99,1
"2745",15,11,0,658,32,1,30,10,736,1
"2746",16,8,0,546,28,5,23,17,420,1
"2747",17,8,0,535,29,6,23,18,257,1
"2748",17,9,0,559,30,5,25,18,152,1
"2749",15,12,0,704,32,0,32,15,342,1
"2750",14,12,0,690,31,-1,31,14,490,1
"2751",14,12,0,698,31,0,31,15,397,1
"2752",15,10,0,579,28,3,26,16,488,1
"2753",13,10,0,600,29,1,28,14,976,1
"2754",16,11,0,578,31,3,27,17,367,1
"2755",15,11,0,613,30,1,29,8,841,1
"2756",16,9,0,587,30,4,26,10,684,1
"2757",15,6,0,533,25,4,21,16,338,1
"2758",14,11,0,695,31,0,31,17,404,1
"2759",17,5,0,471,26,8,18,12,458,1
"2760",17,6,0,510,28,7,21,11,496,1
"2761",15,8,0,554,28,4,23,10,826,1
"2762",14,11,0,638,29,0,29,7,1153,1
"2763",14,11,0,636,30,1,29,8,1113,1
"2764",16,5,0,423,26,8,17,12,359,1
"2765",15,11,0,674,32,1,31,11,746,1
"2766",15,11,0,619,31,2,29,15,799,1
"2767",18,4,0,430,27,10,16,14,160,1
"2768",13,9,0,582,26,1,26,14,653,1
"2769",14,9,0,579,27,1,25,14,501,1
"2770",13,9,0,580,26,1,26,14,586,1
"2771",19,5,0,501,30,10,20,20,65,0
"2772",19,8,0,523,30,8,23,16,160,0
"2773",10,10,0,633,24,-3,28,6,1134,0
"2774",15,11,0,700,32,1,31,11,811,0
"2775",11,10,0,589,26,-1,27,13,965,0
"2776",8,10,0,598,23,-4,27,10,1672,0
"2777",2,9,0,601,15,-11,26,4,2325,0
"2778",11,9,0,586,25,-1,26,7,676,0
"2779",14,12,0,689,31,0,31,15,475,0
"2780",10,10,0,591,25,-1,26,7,1165,0
"2781",14,11,0,653,30,0,29,14,526,0
"2782",18,11,0,639,34,5,30,14,318,0
"2783",19,6,0,476,29,9,19,17,118,0
"2784",15,11,0,640,31,2,29,18,293,0
"2785",13,11,0,682,29,-1,30,8,1013,0
"2786",15,11,0,670,32,1,30,11,758,0
"2787",17,12,0,620,33,3,30,18,398,0
"2788",18,8,0,397,29,9,20,14,2,0
"2789",19,11,0,652,35,6,30,15,133,0
"2790",17,10,0,455,31,7,24,13,161,0
"2791",13,10,0,568,27,1,26,15,488,0
"2792",15,11,0,697,32,1,31,11,780,0
"2793",19,11,0,570,33,5,27,20,38,0
"2794",17,11,0,664,33,3,30,19,162,0
"2795",16,8,0,595,29,4,25,12,87,0
"2796",17,11,0,719,34,2,32,12,572,0
"2797",15,11,0,631,31,2,28,17,417,0
"2798",12,11,0,652,29,-1,30,8,1203,0
"2799",13,12,0,664,31,-1,31,6,1178,0
"2800",7,9,0,590,20,-5,25,0,1511,0
"2801",11,11,0,636,27,-2,29,13,1263,0
"2802",12,11,0,678,29,-1,30,8,1038,0
"2803",13,10,0,592,28,1,27,14,972,0
"2804",12,11,0,643,28,-1,29,14,1051,0
"2805",16,11,0,655,32,3,30,12,545,0
"2806",18,11,0,641,35,5,30,15,212,0
"2807",18,7,0,506,29,7,21,19,196,0
"2808",10,10,0,650,26,-2,28,6,1414,0
"2809",12,8,0,583,25,1,24,8,439,0
"2810",7,10,0,605,22,-5,27,9,1846,0
"2811",16,11,0,672,33,2,30,12,608,0
"2812",15,9,0,612,29,3,26,16,24,0
"2813",9,9,0,585,23,-2,25,6,923,0
"2814",8,11,0,700,23,-8,30,9,1166,0
"2815",19,6,0,488,29,9,20,14,89,0
"2816",12,8,0,588,26,1,25,9,333,0
"2817",17,12,0,710,34,2,32,13,496,0
"2818",11,10,0,669,27,-2,29,7,1250,0
"2819",17,11,0,682,33,3,30,12,458,0
"2820",13,11,0,675,30,0,30,9,1027,0
"2821",15,10,0,654,30,1,29,15,149,0
"2822",15,11,0,666,32,2,30,18,460,0
"2823",15,12,0,701,32,0,32,15,366,0
"2824",16,11,0,688,33,2,30,12,569,0
"2825",13,9,0,503,24,2,22,8,284,0
"2826",11,10,0,657,27,-2,29,7,1335,0
"2827",13,9,0,588,27,1,26,14,448,0
"2828",14,9,0,576,27,2,25,16,156,0
"2829",18,9,0,492,30,7,23,13,40,0
"2830",16,11,0,659,33,3,30,12,603,0
"2831",15,11,0,678,32,2,30,8,757,0
"2832",5,9,0,568,19,-6,25,2,1927,0
"2833",16,9,0,639,31,3,28,16,24,0
"2834",16,11,0,600,31,3,28,17,520,0
"2835",9,8,0,580,23,-2,25,6,875,0
"2836",11,11,0,653,27,-2,29,12,891,0
"2837",18,6,0,500,29,9,20,20,10,0
"2838",10,10,0,608,25,-2,28,11,876,0
"2839",13,8,0,573,26,2,24,15,213,0
"2840",15,11,0,657,31,2,30,17,547,0
"2841",18,6,0,402,28,10,18,16,154,0
"2842",17,11,0,599,32,4,28,18,290,0
"2843",16,9,0,619,30,3,27,12,89,0
"2844",12,10,0,658,27,-1,29,13,773,0
"2845",13,9,0,624,28,1,27,13,349,0
"2846",13,10,0,570,27,1,26,7,1029,0
"2847",16,11,0,693,33,2,31,19,191,0
"2848",13,10,0,611,28,0,27,9,590,0
"2849",18,8,0,548,30,6,23,19,28,0
"2850",14,10,0,654,29,0,29,14,328,0
"2851",16,11,0,711,33,2,31,12,633,0
"2852",17,12,0,695,34,2,32,10,487,0
"2853",14,10,0,620,30,2,28,17,621,0
"2854",13,9,0,577,26,2,24,15,239,0
"2855",9,10,0,616,24,-3,28,10,961,0
"2856",8,9,0,571,22,-3,25,9,1683,0
"2857",18,8,0,550,31,7,24,13,301,0
"2858",10,10,0,670,24,-5,29,6,865,0
"2859",13,10,0,619,28,0,28,9,638,0
"2860",15,11,0,704,32,1,31,10,791,0
"2861",18,10,0,507,32,6,26,13,87,0
"2862",15,9,0,572,28,4,25,16,310,0
"2863",16,12,0,688,33,1,31,8,655,0
"2864",14,10,0,616,29,2,28,10,381,0
"2865",11,8,0,578,24,0,24,7,583,0
"2866",15,10,0,608,29,2,27,16,300,0
"2867",13,10,0,644,29,0,29,13,1042,0
"2868",19,11,0,606,35,6,29,15,67,0
"2869",18,7,0,461,29,9,20,14,4,0
"2870",12,9,0,561,25,0,24,6,617,0
"2871",17,10,0,526,32,6,26,12,259,0
"2872",15,11,0,710,32,1,31,10,751,0
"2873",11,11,0,664,28,-1,29,13,1174,0
"2874",18,12,0,512,33,6,27,12,314,0
"2875",11,9,0,629,25,-2,26,11,678,0
"2876",14,11,0,693,31,0,30,10,923,0
"2877",10,8,0,565,24,0,25,7,773,0
"2878",15,9,0,547,27,3,24,15,501,0
"2879",17,9,0,544,30,5,24,18,337,0
"2880",16,8,0,556,27,4,23,17,83,0
"2881",11,8,0,579,25,0,24,8,482,0
"2882",15,10,0,652,30,2,28,15,96,0
"2883",18,8,0,537,30,7,24,19,146,0
"2884",15,9,0,601,29,3,26,15,110,0
"2885",13,10,0,602,28,1,27,10,462,0
"2886",11,8,0,503,23,1,22,6,646,0
"2887",12,11,0,612,28,0,28,14,1046,0
"2888",13,11,0,693,30,0,30,9,923,0
"2889",15,7,0,573,28,4,24,16,14,0
"2890",11,8,0,566,24,0,24,7,573,0
"2891",13,9,0,649,28,1,27,14,208,0
"2892",13,11,0,650,29,-1,30,6,1125,0
"2893",12,8,0,568,26,2,24,15,337,0
"2894",15,9,0,574,28,3,25,16,111,0
"2895",12,10,0,597,26,-1,27,12,685,0
"2896",15,6,0,542,27,5,21,16,-1,0
"2897",7,10,0,659,22,-7,28,4,1190,0
"2898",15,11,0,730,32,1,32,10,636,0
"2899",17,10,0,573,30,4,26,18,422,0
"2900",16,11,0,659,32,3,30,17,198,0
"2901",11,9,0,564,24,0,24,14,624,0
"2902",15,11,0,713,33,1,31,11,653,0
"2903",14,12,0,644,30,1,30,16,706,0
"2904",14,11,0,695,31,0,30,10,772,0
"2905",11,10,0,607,26,-1,27,13,1242,0
"2906",6,10,0,642,21,-6,27,3,1654,0
"2907",18,12,0,516,33,5,27,12,335,0
"2908",10,8,0,536,23,0,23,7,832,0
"2909",14,12,0,686,30,0,31,14,471,0
"2910",16,11,0,711,33,1,32,11,694,0
"2911",16,8,0,555,28,4,24,17,641,0
"2912",14,10,0,646,29,1,28,14,207,0
"2913",11,8,0,539,24,0,24,8,805,0
"2914",17,11,0,664,33,3,30,20,75,0
"2915",3,10,0,653,18,-11,29,4,1888,0
"2916",14,9,0,668,29,1,28,14,138,0
"2917",19,12,0,662,35,4,31,15,152,0
"2918",15,11,0,695,32,1,31,11,795,0
"2919",14,9,0,517,25,2,23,8,186,0
"2920",14,10,0,642,29,1,28,14,249,0
"2921",12,10,0,609,27,0,27,13,459,0
"2922",14,12,0,640,30,1,29,16,710,0
"2923",13,10,0,605,28,1,27,15,780,0
"2924",16,11,0,637,32,3,29,16,691,0
"2925",9,10,0,644,25,-4,29,3,1657,0
"2926",8,9,0,614,21,-5,26,8,1120,0
"2927",15,12,0,697,32,0,32,15,402,0
"2928",14,10,0,610,29,2,27,15,495,0
"2929",14,8,0,582,28,3,25,11,168,0
"2930",14,10,0,589,29,2,27,17,334,0
"2931",13,9,0,561,26,2,24,12,244,0
"2932",14,11,0,647,30,0,30,10,988,0
"2933",15,7,0,568,27,4,23,13,83,0
"2934",13,11,0,617,29,0,29,14,1076,0
"2935",15,3,0,453,24,8,16,17,186,0
"2936",13,9,0,553,26,1,25,14,883,0
"2937",10,10,0,575,23,-2,26,12,1040,0
"2938",15,11,0,678,32,2,30,11,757,0
"2939",17,12,0,692,34,2,32,9,544,0
"2940",13,10,0,572,27,1,26,15,624,0
"2941",15,10,0,620,30,2,29,15,745,0
"2942",14,10,0,663,29,0,29,14,255,0
"2943",19,12,0,606,35,6,29,15,66,0
"2944",15,10,0,634,30,2,28,17,349,0
"2945",15,11,0,623,31,2,29,16,610,0
"2946",17,10,0,565,31,4,26,18,299,0
"2947",16,10,0,628,32,4,29,13,541,0
"2948",14,9,0,665,30,1,28,15,119,0
"2949",9,8,0,584,22,-3,25,9,1010,0
"2950",13,11,0,647,30,0,30,7,1106,0
"2951",14,10,0,631,29,1,28,10,312,0
"2952",9,10,0,650,23,-4,28,5,1306,0
"2953",13,8,0,564,26,2,24,15,274,0
"2954",13,11,0,649,29,-1,30,6,1204,0
"2955",17,11,0,660,33,2,30,13,532,0
"2956",16,12,0,625,33,3,30,17,470,0
"2957",14,10,0,691,31,1,30,10,843,0
"2958",15,7,0,554,27,4,23,12,174,0
"2959",15,10,0,642,31,2,29,15,819,0
"2960",14,11,0,609,29,1,28,10,852,0
"2961",9,10,0,620,23,-5,27,11,1265,0
"2962",15,11,0,688,32,1,31,11,708,0
"2963",15,11,0,664,32,2,30,18,372,0
"2964",17,10,0,574,32,5,27,11,407,0
"2965",11,11,0,639,27,-2,29,13,1180,0
"2966",18,11,0,705,35,3,32,14,343,0
"2967",14,11,0,709,31,0,31,10,727,0
"2968",17,9,0,559,30,5,25,18,283,0
"2969",12,10,0,621,27,-1,28,14,1093,0
"2970",16,11,0,680,32,2,30,12,628,0
"2971",12,8,0,556,24,1,24,11,481,0
"2972",13,8,0,574,26,2,24,15,263,0
"2973",5,9,0,615,19,-7,26,1,1891,0
"2974",16,9,0,549,28,4,25,17,378,0
"2975",15,11,0,684,32,1,31,10,773,0
"2976",17,11,0,555,32,5,28,11,541,0
"2977",14,10,0,635,30,1,29,10,294,0
"2978",12,8,0,585,25,1,24,8,420,0
"2979",15,12,0,648,31,1,30,8,785,0
"2980",10,10,0,640,26,-2,28,12,1393,0
"2981",18,10,0,572,33,6,27,12,295,0
"2982",12,9,0,580,26,0,26,13,986,0
"2983",15,11,0,719,33,1,32,11,657,0
"2984",11,9,0,564,25,1,24,8,470,0
"2985",13,11,0,635,29,0,29,15,940,0
"2986",9,11,0,622,25,-4,29,11,1541,0
"2987",15,11,0,707,32,1,31,11,681,0
"2988",14,11,0,698,31,0,30,9,819,0
"2989",13,11,0,628,29,0,30,10,1013,0
"2990",15,12,0,611,31,1,29,15,763,0
"2991",16,10,0,705,33,2,31,12,604,0
"2992",15,11,0,726,33,1,32,10,676,0
"2993",11,11,0,643,28,-1,29,13,1192,0
"2994",14,10,0,651,30,1,29,14,513,0
"2995",8,10,0,676,22,-7,29,4,1165,0
"2996",10,10,0,640,24,-4,28,10,895,0
"2997",9,10,0,616,23,-4,27,9,1076,0
"2998",15,11,0,728,33,1,32,11,658,0
"2999",14,11,0,687,30,0,30,10,993,0
"3000",7,10,0,574,22,-4,26,4,1612,0
"3001",14,11,0,636,30,1,30,10,856,0
"3002",17,11,0,632,33,3,30,13,411,0
"3003",11,9,0,614,26,0,26,8,828,0
"3004",16,11,0,692,33,2,31,19,167,0
"3005",19,11,0,657,35,5,30,15,136,0
"3006",11,11,0,635,27,-2,29,13,1242,0
"3007",14,10,0,590,29,2,27,15,226,0
"3008",18,8,0,544,29,6,23,19,99,0
"3009",18,11,0,576,32,4,27,19,220,0
"3010",15,8,0,585,28,4,25,12,118,0
"3011",14,9,0,572,28,2,26,8,898,0
"3012",15,12,0,651,32,1,30,8,810,0
"3013",-1,9,0,597,13,-13,25,1,2605,0
"3014",7,10,0,612,21,-7,27,11,1613,0
"3015",12,11,0,641,28,-1,29,8,999,0
"3016",14,11,0,686,31,0,31,10,900,0
"3017",15,12,0,713,32,0,32,15,298,0
"3018",12,8,0,552,25,1,24,11,438,0
"3019",15,11,0,639,31,2,29,17,504,0
"3020",11,9,0,576,25,-1,25,7,723,0
"3021",14,10,0,591,29,2,27,15,842,0
"3022",11,11,0,629,26,-2,28,12,1275,0
"3023",11,8,0,562,24,1,23,5,543,0
"3024",17,12,0,668,33,3,31,13,428,0
"3025",13,11,0,621,29,0,29,9,914,0
"3026",13,8,0,562,26,2,24,15,240,0
"3027",17,8,0,431,29,8,21,13,264,0
"3028",11,8,0,545,24,0,23,5,736,0
"3029",11,11,0,641,28,-1,29,13,1171,0
"3030",1,8,0,552,14,-9,23,-1,2303,0
"3031",2,10,0,680,17,-13,29,3,2037,0
"3032",10,9,0,598,23,-3,26,7,954,0
"3033",13,11,0,675,29,-1,30,8,1082,0
"3034",15,9,0,595,28,2,26,15,218,0
"3035",12,11,0,618,27,-1,28,17,690,0
"3036",15,11,0,704,32,1,31,11,787,0
"3037",13,9,0,568,26,2,24,13,188,0
"3038",14,10,0,618,30,2,28,16,632,0
"3039",13,11,0,659,29,-1,30,13,424,0
"3040",1,10,0,599,15,-12,26,3,2422,0
"3041",17,10,0,478,30,6,25,12,326,0
"3042",10,10,0,590,26,-1,27,12,1141,0
"3043",13,9,0,579,26,1,25,15,293,0
"3044",12,11,0,623,28,-1,29,9,1245,0
"3045",12,11,0,674,29,-1,30,8,1106,0
"3046",16,12,0,632,32,1,30,9,623,0
"3047",16,11,0,649,32,3,29,19,236,0
"3048",18,6,0,463,28,9,19,20,43,0
"3049",17,9,0,564,30,5,25,14,477,0
"3050",12,9,0,566,24,0,24,14,580,0
"3051",14,11,0,645,30,1,29,15,879,0
"3052",17,11,0,654,33,4,30,20,190,0
"3053",16,10,0,560,31,4,27,10,472,0
"3054",6,10,0,604,20,-7,27,8,1674,0
"3055",12,10,0,609,27,-1,28,6,1265,0
"3056",16,7,0,561,28,5,23,12,0,0
"3057",15,11,0,729,33,1,32,11,645,0
"3058",15,11,0,718,32,1,31,10,660,0
"3059",9,8,0,530,22,-1,23,4,1032,0
"3060",14,9,0,586,28,2,26,15,262,0
"3061",13,10,0,612,29,1,28,16,657,0
"3062",16,8,0,562,29,5,23,17,85,0
"3063",18,11,0,638,34,5,29,14,269,0
"3064",15,10,0,586,29,2,26,16,455,0
"3065",11,11,0,619,27,-2,29,8,1354,0
"3066",16,11,0,686,33,2,31,19,145,0
"3067",11,8,0,576,25,1,24,8,481,0
"3068",6,9,0,582,20,-5,25,3,1628,0
"3069",18,12,0,645,35,4,31,15,170,0
"3070",8,10,0,666,22,-7,29,4,1222,0
"3071",13,10,0,612,28,1,27,13,382,0
"3072",14,11,0,670,31,1,30,10,816,0
"3073",17,12,0,600,32,3,29,18,374,0
"3074",15,11,0,734,33,1,32,11,663,0
"3075",19,11,0,578,34,6,28,15,24,0
"3076",17,6,0,514,28,7,21,18,281,0
"3077",16,11,0,661,33,3,30,12,529,0
"3078",18,7,0,521,29,7,22,16,283,0
"3079",19,10,0,514,33,7,26,13,11,0
"3080",13,10,0,610,28,1,27,15,852,0
"3081",12,8,0,578,25,1,24,8,461,0
"3082",13,7,0,580,26,2,24,10,462,0
"3083",9,9,0,614,22,-4,26,9,957,0
"3084",11,8,0,564,24,0,24,13,582,0
"3085",14,11,0,678,30,0,30,14,515,0
"3086",13,9,0,563,27,1,25,10,394,0
"3087",17,11,0,625,33,3,30,13,423,0
"3088",3,9,0,612,17,-9,26,6,1996,0
"3089",15,12,0,614,31,2,30,16,638,0
"3090",14,11,0,691,31,0,30,10,789,0
"3091",12,10,0,660,28,-1,29,8,1291,0
"3092",15,11,0,701,32,2,31,11,689,0
"3093",10,11,0,650,26,-4,30,3,1785,0
"3094",15,9,0,608,29,3,26,15,99,0
"3095",19,11,0,614,35,5,29,15,102,0
"3096",19,11,0,591,35,6,29,12,75,0
"3097",14,10,0,603,28,1,27,15,369,0
"3098",15,11,0,670,32,2,30,11,727,0
"3099",12,8,0,572,25,1,24,14,429,0
"3100",16,11,0,657,32,3,30,19,228,0
"3101",12,9,0,558,24,0,24,14,605,0
"3102",17,9,0,553,30,5,24,18,225,0
"3103",14,10,0,562,29,2,26,8,971,0
"3104",13,8,0,569,26,2,24,15,211,0
"3105",12,11,0,667,28,-2,30,15,752,0
"3106",15,11,0,723,32,1,31,10,620,0
"3107",13,11,0,593,28,0,28,9,1010,0
"3108",16,11,0,710,33,2,31,11,693,0
"3109",7,8,0,576,21,-4,25,8,1235,0
"3110",1,10,0,716,16,-15,30,2,2274,0
"3111",11,11,0,634,28,-1,29,13,1156,0
"3112",16,11,0,585,31,3,28,17,406,0
"3113",6,10,0,648,21,-8,28,3,1452,0
"3114",12,8,0,572,25,1,24,8,469,0
"3115",14,9,0,536,26,3,24,11,116,0
"3116",12,11,0,681,29,0,30,8,996,0
"3117",18,7,0,502,29,8,21,20,55,0
"3118",15,11,0,673,32,1,30,15,691,0
"3119",1,9,0,598,14,-11,25,3,2347,0
"3120",18,5,0,406,27,10,17,14,75,0
"3121",10,9,0,587,23,-2,25,8,919,0
"3122",19,11,0,690,35,4,31,14,228,0
"3123",9,10,0,647,25,-3,28,5,1515,0
"3124",14,10,0,576,28,2,26,16,547,0
"3125",11,9,0,538,24,0,24,13,906,0
"3126",18,9,0,492,30,7,23,13,46,0
"3127",14,11,0,618,30,1,30,8,856,0
"3128",18,8,0,544,29,6,23,19,114,0
"3129",12,11,0,664,28,-1,29,14,1128,0
"3130",12,10,0,592,26,-1,27,6,1399,0
"3131",15,11,0,640,31,2,30,16,730,0
"3132",14,11,0,649,31,1,30,10,762,0
"3133",16,11,0,664,32,2,30,18,329,0
"3134",15,10,0,559,30,3,27,9,709,0
"3135",17,11,0,690,33,3,31,12,465,0
"3136",15,11,0,727,33,1,32,11,647,0
"3137",14,10,0,622,29,1,28,14,848,0
"3138",16,3,0,458,24,9,16,14,24,0
"3139",15,12,0,677,32,1,32,8,833,0
"3140",14,11,0,641,30,0,30,10,1042,0
"3141",12,10,0,584,26,0,26,13,944,0
"3142",14,9,0,662,29,1,28,14,136,0
"3143",14,8,0,583,27,3,24,7,165,0
"3144",16,8,0,562,29,5,24,17,139,0
"3145",16,11,0,659,32,3,30,12,548,0
"3146",13,11,0,668,30,0,30,9,990,0
"3147",19,12,0,607,35,5,29,12,99,0
"3148",16,11,0,660,33,3,30,19,274,0
"3149",13,11,0,657,29,-1,30,13,391,0
"3150",18,11,0,611,34,5,30,15,148,0
"3151",17,10,0,663,34,4,30,13,373,0
"3152",13,9,0,554,26,2,24,7,173,0
"3153",12,10,0,574,27,1,26,14,798,0
"3154",9,11,0,617,24,-4,28,5,1889,0
"3155",15,12,0,670,33,1,32,8,810,0
"3156",16,5,0,423,25,8,17,14,522,0
"3157",14,9,0,532,26,2,24,8,145,0
"3158",18,9,0,434,30,8,22,14,93,0
"3159",14,12,0,662,31,0,31,7,1061,0
"3160",12,11,0,690,29,-1,30,8,1074,0
"3161",14,12,0,669,31,0,31,6,988,0
"3162",6,9,0,577,20,-5,25,3,1621,0
"3163",18,9,0,495,31,7,24,13,111,0
"3164",18,11,0,577,33,5,28,19,77,0
"3165",13,11,0,668,29,-1,30,13,651,0
"3166",14,8,0,580,27,2,25,10,248,0
"3167",17,9,0,567,30,5,26,14,521,0
"3168",15,11,0,659,31,2,30,17,540,0
"3169",14,11,0,706,31,0,31,10,818,0
"3170",11,11,0,672,27,-3,30,12,631,0
"3171",11,10,0,568,26,0,26,13,972,0
"3172",16,7,0,529,27,5,22,10,739,0
"3173",13,11,0,634,29,0,29,15,950,0
"3174",12,11,0,631,28,-1,28,14,1088,0
"3175",12,10,0,590,27,0,27,14,1009,0
"3176",17,10,0,575,31,5,26,18,196,0
"3177",14,11,0,686,31,1,30,10,857,0
"3178",16,11,0,723,33,1,32,11,618,0
"3179",10,10,0,609,25,-2,27,12,1381,0
"3180",14,11,0,688,30,-1,30,16,543,0
"3181",15,5,0,526,26,6,20,16,0,0
"3182",16,11,0,678,32,2,30,12,644,0
"3183",13,9,0,559,26,2,24,12,238,0
"3184",12,10,0,623,27,-1,28,17,779,0
"3185",13,8,0,575,26,2,24,15,292,0
"3186",14,10,0,592,29,2,27,16,377,0
"3187",6,9,0,622,20,-6,26,3,1658,0
"3188",12,10,0,600,26,-1,27,17,722,0
"3189",19,11,0,613,35,6,29,15,37,0
"3190",17,9,0,562,31,5,25,18,304,0
"3191",14,10,0,619,29,1,28,10,493,0
"3192",11,8,0,572,24,0,24,8,508,0
"3193",18,11,0,639,34,4,30,14,296,0
"3194",13,10,0,624,29,1,28,9,546,0
"3195",12,9,0,568,26,1,24,15,352,0
"3196",7,10,0,625,22,-6,27,10,1518,0
"3197",16,8,0,563,29,5,24,10,715,0
"3198",16,10,0,690,32,2,30,11,676,0
"3199",18,12,0,698,35,3,32,14,280,0
"3200",12,11,0,628,28,-1,30,8,1219,0
"3201",13,11,0,634,29,0,29,15,872,0
"3202",13,12,0,671,30,-1,31,6,1037,0
"3203",12,11,0,647,29,-1,29,14,1003,0
"3204",13,10,0,579,27,1,26,9,533,0
"3205",8,10,0,626,22,-5,28,5,1187,0
"3206",16,10,0,582,30,4,26,17,548,0
"3207",16,6,0,455,27,7,19,12,416,0
"3208",14,9,0,560,29,3,26,9,907,0
"3209",15,10,0,660,31,2,29,15,50,0
"3210",15,11,0,638,31,1,30,11,694,0
"3211",15,11,0,679,32,2,31,17,680,0
"3212",15,9,0,583,28,3,25,20,342,0
"3213",18,10,0,539,33,6,27,12,138,0
"3214",14,10,0,649,30,1,29,10,201,0
"3215",17,10,0,622,33,4,29,13,443,0
"3216",13,11,0,652,30,0,30,9,913,0
"3217",16,11,0,578,30,3,27,17,428,0
"3218",14,7,0,558,26,3,23,8,1102,0
"3219",7,10,0,660,21,-7,28,3,1222,0
"3220",10,9,0,630,24,-2,26,11,646,0
"3221",18,11,0,541,33,6,28,13,68,0
"3222",11,9,0,547,23,0,24,10,642,0
"3223",17,9,0,551,29,5,24,18,440,0
"3224",13,11,0,684,30,0,30,9,906,0
"3225",11,10,0,638,26,-2,28,11,690,0
"3226",13,9,0,553,26,2,24,12,275,0
"3227",15,8,0,590,29,3,25,11,35,0
"3228",16,10,0,616,31,3,28,17,172,0
"3229",13,11,0,646,30,1,29,16,765,0
"3230",13,12,0,639,29,0,29,15,880,0
"3231",15,11,0,671,31,1,30,16,295,0
"3232",15,9,0,623,30,3,27,16,12,0
"3233",14,10,0,646,30,1,29,15,412,0
"3234",16,11,0,594,31,3,28,10,561,0
"3235",17,11,0,612,33,4,29,14,385,0
"3236",11,11,0,638,28,-1,29,13,1136,0
"3237",12,8,0,559,24,1,23,6,480,0
"3238",15,11,0,642,30,1,29,8,1054,0
"3239",14,10,0,666,30,1,29,15,129,0
"3240",11,8,0,568,24,0,24,8,593,0
"3241",14,10,0,591,29,2,27,15,936,0
"3242",10,8,0,570,24,0,24,7,700,0
"3243",11,10,0,673,25,-4,29,11,695,0
"3244",18,11,0,689,35,4,31,14,273,0
"3245",12,10,0,587,27,0,27,14,869,0
"3246",12,11,0,660,29,-2,30,5,1422,0
"3247",10,10,0,594,25,-2,27,12,1275,0
"3248",14,11,0,693,30,0,31,15,416,0
"3249",13,11,0,658,30,0,30,14,958,0
"3250",11,10,0,618,27,-1,28,13,1165,0
"3251",12,9,0,588,26,0,26,8,578,0
"3252",12,11,0,648,29,-1,29,14,1042,0
"3253",11,9,0,562,24,0,24,10,674,0
"3254",13,11,0,696,30,-1,31,9,910,0
"3255",13,11,0,625,29,0,29,9,1146,0
"3256",16,10,0,525,30,4,26,10,720,0
"3257",13,11,0,681,30,0,30,9,1037,0
"3258",11,10,0,566,24,-2,26,15,932,0
"3259",10,8,0,552,23,0,23,7,787,0
"3260",6,9,0,595,21,-5,25,3,1572,0
"3261",12,8,0,575,25,1,24,14,381,0
"3262",11,11,0,653,26,-3,29,11,992,0
"3263",10,10,0,656,26,-2,28,6,1386,0
"3264",15,11,0,638,31,2,29,16,378,0
"3265",14,12,0,641,30,1,29,16,672,0
"3266",18,9,0,475,30,7,23,13,129,0
"3267",17,9,0,585,31,5,26,11,531,0
"3268",11,11,0,647,27,-2,29,13,1289,0
"3269",16,11,0,686,33,2,31,19,145,0
"3270",17,10,0,585,32,4,27,18,247,0
"3271",9,9,0,573,23,-2,25,6,956,0
"3272",8,8,0,580,22,-3,25,9,1041,0
"3273",19,11,0,608,34,5,29,12,143,0
"3274",11,9,0,532,25,0,24,6,756,0
"3275",14,8,0,574,27,3,24,11,416,0
"3276",13,12,0,691,30,-1,31,14,559,0
"3277",17,12,0,619,33,3,30,17,456,0
"3278",11,11,0,661,26,-4,30,12,635,0
"3279",12,9,0,598,26,0,26,9,592,0
"3280",15,11,0,690,32,1,31,11,682,0
"3281",11,12,0,646,27,-3,30,4,1457,0
"3282",11,11,0,658,28,-1,29,13,1184,0
"3283",13,10,0,550,27,1,26,7,1042,0
"3284",9,8,0,576,23,-2,24,6,862,0
"3285",14,11,0,717,32,0,31,10,750,0
"3286",12,12,0,662,29,-2,31,5,1353,0
"3287",17,8,0,531,28,6,23,18,433,0
"3288",11,11,0,629,27,-1,28,13,1121,0
"3289",11,11,0,629,26,-2,28,16,880,0
"3290",15,7,0,543,27,4,23,16,275,0
"3291",9,9,0,566,23,-2,25,10,1462,0
"3292",18,5,0,360,27,11,16,15,15,0
"3293",17,12,0,674,34,3,31,13,367,0
"3294",14,9,0,581,27,2,25,16,153,0
"3295",13,10,0,606,28,1,27,14,607,0
"3296",16,8,0,563,28,4,24,17,232,0
"3297",12,8,0,570,26,2,24,9,409,0
"3298",16,10,0,570,29,4,26,17,266,0
"3299",16,5,0,503,26,7,19,18,5,0
"3300",14,9,0,576,27,2,24,16,156,0
"3301",12,11,0,665,28,-2,30,15,799,0
"3302",14,10,0,634,29,1,29,10,311,0
"3303",14,12,0,640,30,1,29,16,706,0
"3304",13,10,0,618,28,0,28,13,646,0
"3305",15,8,0,561,27,3,24,16,219,0
"3306",15,10,0,660,31,2,29,16,33,0
"3307",11,8,0,552,24,0,24,5,694,0
"3308",16,11,0,664,32,2,30,18,348,0
"3309",18,4,0,423,27,11,16,14,69,0
"3310",15,10,0,560,29,3,26,15,602,0
"3311",14,12,0,640,31,1,30,17,585,0
"3312",14,8,0,587,27,2,24,11,275,0
"3313",15,11,0,690,32,1,31,10,749,0
"3314",16,10,0,653,32,3,29,12,654,0
"3315",13,9,0,553,26,2,24,12,243,0
"3316",15,11,0,724,32,1,31,10,748,0
"3317",11,9,0,560,25,0,24,12,1094,0
"3318",12,11,0,663,29,-1,29,14,1064,0
"3319",15,10,0,634,31,2,28,17,516,0
"3320",15,11,0,684,31,1,30,15,385,0
"3321",1,11,0,691,16,-14,30,2,2216,0
"3322",13,11,0,645,30,1,29,16,773,0
"3323",16,9,0,601,29,3,26,16,227,0
"3324",14,11,0,704,32,1,31,10,698,0
"3325",12,11,0,629,28,-1,29,14,1148,0
"3326",13,10,0,534,26,1,25,12,532,0
"3327",13,10,0,602,28,1,27,9,587,0
"3328",9,9,0,589,23,-2,25,6,1189,0
"3329",15,12,0,636,31,1,30,8,764,0
"3330",15,10,0,677,31,1,30,15,372,0
"3331",12,11,0,642,29,0,29,14,964,0
"3332",18,12,0,688,35,3,32,14,277,0
"3333",10,9,0,561,22,-2,24,12,937,0
"3334",0,9,0,622,14,-12,26,2,2601,0
"3335",13,11,0,674,29,-1,30,16,637,0
"3336",14,11,0,588,29,2,28,15,681,0
"3337",14,11,0,697,31,1,30,10,713,0
"3338",16,10,0,692,32,2,30,12,697,0
"3339",13,11,0,613,29,0,29,14,1039,0
"3340",12,11,0,650,28,-1,29,12,516,0
"3341",11,8,0,565,24,1,24,14,514,0
"3342",15,11,0,678,31,1,30,15,320,0
"3343",13,11,0,683,30,0,30,9,963,0
"3344",11,8,0,567,24,0,24,8,604,0
"3345",15,11,0,717,32,1,31,10,762,0
"3346",13,11,0,687,30,-1,30,8,959,0
"3347",13,11,0,639,29,0,29,15,847,0
"3348",13,10,0,650,30,0,29,14,990,0
"3349",14,10,0,596,28,2,26,17,249,0
"3350",13,8,0,558,25,2,24,12,309,0
"3351",18,6,0,390,27,10,18,14,18,0
"3352",14,11,0,620,29,0,29,10,1007,0
"3353",11,9,0,573,24,-1,25,7,886,0
"3354",16,10,0,615,30,3,28,9,778,0
"3355",15,8,0,613,29,3,26,16,58,0
"3356",10,8,0,539,23,0,23,5,846,0
"3357",0,9,0,626,14,-12,26,2,2564,0
"3358",16,11,0,636,33,3,30,17,499,0
"3359",14,10,0,598,29,1,27,10,414,0
"3360",16,8,0,502,29,6,23,11,504,0
"3361",12,10,0,625,27,0,27,8,774,0
"3362",16,11,0,661,32,3,30,19,286,0
"3363",-1,9,0,604,12,-13,25,-4,2710,0
"3364",7,9,0,593,20,-5,25,9,1500,0
"3365",14,10,0,627,29,1,28,10,346,0
"3366",8,9,0,632,22,-5,26,10,1426,0
"3367",15,10,0,653,31,2,29,15,50,0
"3368",6,8,0,554,20,-4,24,3,1315,0
"3369",14,10,0,628,30,2,28,16,627,0
"3370",16,11,0,526,31,4,27,11,617,0
"3371",17,8,0,536,29,6,23,18,164,0
"3372",13,9,0,551,25,1,24,12,390,0
"3373",13,10,0,654,29,0,28,14,319,0
"3374",14,11,0,697,31,0,30,9,804,0
"3375",13,10,0,658,28,0,28,14,320,0
"3376",17,6,0,450,27,9,19,13,288,0
"3377",15,12,0,676,32,0,32,8,839,0
"3378",19,11,0,669,36,5,31,15,75,0
"3379",12,10,0,613,28,0,28,9,684,0
"3380",10,8,0,558,23,0,24,7,742,0
"3381",15,11,0,667,31,2,30,15,348,0
"3382",14,12,0,663,31,0,31,7,1068,0
"3383",14,12,0,696,31,0,31,15,400,0
"3384",14,6,0,537,25,4,21,15,250,0
"3385",17,9,0,568,30,5,25,18,150,0
"3386",14,8,0,585,28,3,25,11,144,0
"3387",15,11,0,633,31,2,29,11,619,0
"3388",11,11,0,633,27,-2,28,13,1229,0
"3389",15,8,0,587,29,4,25,11,138,0
"3390",8,10,0,601,23,-4,27,9,1729,0
"3391",16,11,0,682,32,2,30,12,633,0
"3392",17,7,0,520,28,6,22,18,332,0
"3393",12,11,0,640,28,-1,29,14,1020,0
"3394",11,11,0,652,27,-2,30,12,868,0
"3395",13,11,0,688,30,0,30,9,885,0
"3396",15,11,0,718,33,1,32,11,687,0
"3397",13,10,0,595,28,1,27,10,1121,0
"3398",18,12,0,694,35,3,32,14,243,0
"3399",14,12,0,687,31,0,31,15,450,0
"3400",11,11,0,677,28,-2,30,4,1366,0
"3401",16,11,0,717,33,2,31,11,621,0
"3402",11,10,0,647,27,-2,28,7,1317,0
"3403",11,12,0,684,26,-5,31,7,695,0
"3404",14,11,0,688,31,1,30,10,840,0
"3405",11,8,0,558,24,1,23,13,591,0
"3406",16,10,0,609,31,4,28,17,497,0
"3407",12,10,0,586,26,-1,27,17,685,0
"3408",15,11,0,639,31,2,29,18,410,0
"3409",15,11,0,718,33,1,31,11,672,0
"3410",13,10,0,596,28,1,27,15,723,0
"3411",12,10,0,620,27,-1,28,5,1439,0
"3412",19,11,0,664,35,5,31,15,177,0
"3413",10,8,0,551,23,0,23,7,772,0
"3414",14,11,0,663,31,0,31,7,1093,0
"3415",15,10,0,594,29,2,26,16,111,0
"3416",2,9,0,628,16,-10,26,4,2251,0
"3417",10,10,0,574,25,-2,27,10,1439,0
"3418",14,11,0,691,31,1,30,10,827,0
"3419",16,9,0,557,29,5,24,17,379,0
"3420",12,11,0,625,29,-1,29,9,1167,0
"3421",18,6,0,399,28,10,18,14,23,0
"3422",15,11,0,668,32,1,30,15,731,0
"3423",11,11,0,640,28,-1,29,13,1161,0
"3424",13,11,0,663,30,0,30,14,577,0
"3425",17,12,0,649,33,2,31,10,536,0
"3426",15,10,0,644,31,2,29,15,788,0
"3427",13,11,0,660,30,0,30,10,1016,0
"3428",11,11,0,635,27,-2,29,13,1223,0
"3429",15,11,0,705,32,1,31,11,800,0
"3430",9,10,0,619,24,-4,27,10,1005,0
"3431",11,11,0,618,27,-1,29,8,1337,0
"3432",11,10,0,587,25,-2,27,16,931,0
"3433",16,10,0,598,31,3,28,17,552,0
"3434",11,10,0,662,27,-2,29,7,1326,0
"3435",11,10,0,621,26,-1,27,8,856,0
"3436",13,12,0,617,28,-1,29,13,1153,0
"3437",16,7,0,477,28,7,22,12,414,0
"3438",18,9,0,552,30,6,25,19,257,0
"3439",18,11,0,452,31,7,25,13,76,0
"3440",18,10,0,567,32,6,26,19,43,0
"3441",17,10,0,570,32,5,27,11,425,0
"3442",15,11,0,683,31,1,30,8,843,0
"3443",17,11,0,487,32,6,26,12,255,0
"3444",14,10,0,615,29,2,28,10,385,0
"3445",10,10,0,555,24,-1,25,12,1130,0
"3446",15,10,0,613,30,2,28,16,291,0
"3447",19,12,0,650,35,4,31,15,162,0
"3448",15,12,0,670,32,0,32,8,868,0
"3449",10,10,0,562,25,-1,26,12,1100,0
"3450",16,8,0,582,28,4,24,12,28,0
"3451",15,10,0,641,31,2,29,16,730,0
"3452",12,10,0,621,27,0,28,14,1079,0
"3453",15,10,0,660,31,2,29,16,11,0
"3454",14,12,0,686,31,0,31,10,947,0
"3455",14,10,0,643,30,1,29,14,182,0
"3456",17,10,0,621,32,3,28,10,656,0
"3457",13,10,0,647,29,0,29,18,592,0
"3458",14,11,0,691,31,1,30,10,905,0
"3459",14,11,0,678,31,1,30,10,890,0
"3460",15,8,0,569,28,3,24,16,143,0
"3461",15,10,0,621,31,3,28,18,478,0
"3462",10,8,0,580,23,-1,24,6,791,0
"3463",13,10,0,633,28,0,28,9,587,0
"3464",14,11,0,673,31,1,30,10,830,0
"3465",6,9,0,577,19,-5,24,8,1497,0
"3466",7,10,0,652,21,-7,28,7,1323,0
"3467",17,10,0,509,31,6,26,12,349,0
"3468",15,11,0,646,32,2,29,18,398,0
"3469",15,10,0,624,31,2,29,11,799,0
"3470",14,8,0,581,28,3,25,8,195,0
"3471",11,9,0,621,26,-1,27,7,941,0
"3472",15,11,0,601,30,2,28,16,503,0
"3473",16,11,0,685,33,2,30,12,639,0
"3474",14,9,0,548,26,2,24,7,168,0
"3475",12,10,0,616,28,0,28,9,702,0
"3476",11,10,0,660,27,-2,29,7,1318,0
"3477",15,8,0,575,27,3,25,16,240,0
"3478",10,9,0,572,24,-1,25,7,801,0
"3479",13,9,0,590,27,1,26,14,483,0
"3480",17,12,0,644,33,2,30,13,420,0
"3481",12,11,0,670,27,-3,30,12,603,0
"3482",18,12,0,695,35,3,32,14,293,0
"3483",10,11,0,621,26,-2,28,12,1306,0
"3484",12,10,0,566,27,0,27,7,1431,0
"3485",18,4,0,453,27,10,18,20,44,0
"3486",11,8,0,562,24,0,24,8,527,0
"3487",16,11,0,693,33,2,31,19,220,0
"3488",15,10,0,667,31,2,29,15,46,0
"3489",17,4,0,375,25,11,15,14,231,0
"3490",16,11,0,641,32,3,29,17,592,0
"3491",10,8,0,583,24,-1,25,10,737,0
"3492",15,11,0,633,32,3,29,12,704,0
"3493",14,11,0,610,30,1,29,15,898,0
"3494",13,9,0,575,27,2,24,16,171,0
"3495",14,11,0,615,30,1,30,11,872,0
"3496",14,10,0,644,30,1,29,10,260,0
"3497",15,8,0,544,26,4,22,16,456,0
"3498",13,11,0,680,29,-1,30,16,611,0
"3499",15,8,0,489,28,5,23,11,786,0
"3500",19,7,0,478,29,9,20,17,42,0
"3501",17,9,0,546,30,5,25,18,297,0
"3502",18,8,0,486,30,8,22,13,27,0
"3503",15,11,0,617,31,2,29,16,786,0
"3504",19,11,0,612,35,5,30,15,83,0
"3505",15,10,0,614,30,2,28,15,637,0
"3506",12,10,0,647,27,-1,28,8,800,0
"3507",10,9,0,644,25,-3,28,11,718,0
"3508",12,11,0,640,28,-1,29,14,1137,0
"3509",12,8,0,559,25,1,24,6,537,0
"3510",17,10,0,538,31,5,26,11,284,0
"3511",6,9,0,558,19,-5,24,5,1483,0
"3512",15,5,0,514,25,6,20,17,224,0
"3513",13,9,0,607,28,1,27,10,387,0
"3514",14,10,0,630,30,1,29,15,812,0
"3515",12,11,0,626,28,-1,29,14,939,0
"3516",13,10,0,684,30,0,30,9,975,0
"3517",16,11,0,631,32,2,30,16,609,0
"3518",15,11,0,704,33,1,32,11,762,0
"3519",16,12,0,679,33,1,32,8,689,0
"3520",13,11,0,682,30,0,30,9,934,0
"3521",1,9,0,691,16,-12,28,3,2208,0
"3522",15,10,0,597,30,3,27,12,828,0
"3523",14,10,0,647,30,1,29,14,168,0
"3524",13,11,0,643,30,0,29,15,812,0
"3525",17,11,0,500,32,6,26,12,289,0
"3526",14,10,0,611,29,2,28,10,357,0
"3527",12,11,0,657,28,-1,29,15,722,0
"3528",15,11,0,699,32,1,31,10,729,0
"3529",18,11,0,640,34,5,29,14,323,0
"3530",14,11,0,688,31,1,30,10,919,0
"3531",14,8,0,586,28,3,25,11,247,0
"3532",14,11,0,700,31,0,31,10,806,0
"3533",14,8,0,611,28,2,26,15,214,0
"3534",14,10,0,626,30,2,28,17,649,0
"3535",18,11,0,658,35,5,30,14,279,0
"3536",15,11,0,689,32,1,31,7,864,0
"3537",13,12,0,674,29,-1,30,13,652,0
"3538",17,12,0,698,34,3,32,10,433,0
"3539",11,11,0,642,28,-1,29,7,1056,0
"3540",12,8,0,565,25,2,24,6,337,0
"3541",16,11,0,735,33,1,32,11,590,0
"3542",11,10,0,622,26,-1,28,13,1218,0
"3543",17,11,0,700,34,2,32,10,430,0
"3544",8,9,0,572,21,-4,24,7,1165,0
"3545",12,11,0,635,29,0,29,14,957,0
"3546",12,10,0,611,27,0,28,8,787,0
"3547",16,11,0,637,32,3,30,16,595,0
"3548",5,9,0,615,18,-7,26,7,1797,0
"3549",15,11,0,649,31,1,30,11,814,0
"3550",15,11,0,706,32,1,32,16,251,0
"3551",13,12,0,641,29,-1,30,7,1023,0
"3552",15,11,0,624,31,2,29,11,599,0
"3553",18,12,0,692,35,3,32,14,264,0
"3554",14,11,0,693,31,0,30,9,798,0
"3555",14,9,0,538,26,3,24,10,132,0
"3556",15,10,0,581,29,2,27,16,842,0
"3557",15,11,0,656,31,1,30,17,547,0
"3558",12,8,0,552,25,1,24,6,454,0
"3559",16,8,0,563,29,5,24,17,76,0
"3560",15,11,0,689,32,1,31,10,738,0
"3561",16,8,0,561,28,5,23,17,87,0
"3562",15,10,0,619,30,3,28,17,545,0
"3563",18,11,0,695,35,4,31,14,345,0
"3564",13,9,0,537,25,2,24,13,210,0
"3565",16,11,0,698,33,1,31,16,231,0
"3566",16,11,0,691,33,2,31,19,144,0
"3567",13,11,0,644,29,0,29,15,908,0
"3568",15,10,0,626,31,3,29,16,673,0
"3569",14,9,0,650,28,1,27,14,192,0
"3570",17,11,0,622,33,4,29,13,442,0
"3571",15,11,0,726,33,1,32,11,684,0
"3572",17,10,0,628,33,4,29,13,440,0
"3573",13,10,0,662,29,0,29,14,294,0
"3574",13,9,0,573,26,2,24,15,289,0
"3575",3,9,0,602,16,-9,25,5,2064,0
"3576",16,10,0,563,29,3,26,16,705,0
"3577",0,10,0,657,14,-14,28,-3,2289,0
"3578",12,11,0,631,28,-1,29,14,1097,0
"3579",16,12,0,700,33,1,32,16,251,0
"3580",12,8,0,541,24,0,23,6,597,0
"3581",13,10,0,588,27,1,26,16,454,0
"3582",9,11,0,618,24,-4,28,5,1270,0
"3583",16,11,0,636,32,3,29,17,615,0
"3584",18,9,0,542,31,6,24,16,278,0
"3585",15,11,0,697,31,0,31,15,368,0
"3586",13,9,0,556,26,2,24,13,175,0
"3587",15,8,0,571,27,3,24,13,70,0
"3588",17,8,0,492,29,6,23,12,324,0
"3589",12,11,0,642,29,0,29,14,945,0
"3590",14,12,0,696,31,0,31,14,435,0
"3591",14,10,0,609,28,1,27,15,376,0
"3592",14,11,0,689,31,0,30,7,962,0
"3593",15,11,0,656,32,2,30,11,690,0
"3594",17,11,0,591,31,3,28,18,381,0
"3595",14,10,0,553,27,2,25,15,679,0
"3596",15,11,0,647,31,2,29,17,382,0
"3597",1,9,0,618,15,-11,26,3,2328,0
"3598",14,11,0,660,31,1,30,10,896,0
"3599",13,11,0,592,28,0,28,9,1000,0
"3600",18,11,0,707,35,3,32,13,424,0
"3601",12,10,0,630,26,-2,28,12,672,0
"3602",10,9,0,576,24,-2,25,10,1380,0
"3603",17,12,0,697,34,3,32,10,454,0
"3604",13,8,0,531,24,2,23,7,355,0
"3605",15,11,0,727,33,1,31,10,702,0
"3606",11,11,0,662,28,-2,29,13,1240,0
"3607",14,11,0,655,31,1,30,10,855,0
"3608",12,11,0,680,29,-1,30,8,1084,0
"3609",13,8,0,568,27,2,24,16,187,0
"3610",14,12,0,695,31,-1,32,14,500,0
"3611",13,8,0,554,25,2,24,12,331,0
"3612",14,11,0,690,31,1,30,9,806,0
"3613",13,10,0,660,28,-1,28,9,703,0
"3614",15,11,0,712,32,1,31,10,701,0
"3615",17,11,0,625,33,4,29,18,432,0
"3616",16,6,0,535,28,6,21,18,396,0
"3617",11,11,0,656,28,-1,29,14,1126,0
"3618",15,11,0,684,31,1,30,15,373,0
"3619",15,5,0,539,26,5,20,13,167,0
"3620",14,10,0,616,30,2,28,16,628,0
"3621",16,11,0,639,32,2,29,9,820,0
"3622",17,10,0,615,34,5,28,14,333,0
"3623",14,10,0,581,28,2,27,16,511,0
"3624",12,11,0,683,29,-1,30,8,997,0
"3625",18,10,0,572,33,6,27,12,320,0
"3626",12,11,0,635,28,-1,29,14,1044,0
"3627",15,9,0,596,29,3,26,11,95,0
"3628",12,11,0,641,29,0,29,14,1019,0
"3629",15,10,0,646,31,2,29,15,59,0
"3630",11,10,0,560,25,-1,26,12,1076,0
"3631",14,11,0,661,31,1,30,14,872,0
"3632",15,11,0,714,32,1,31,11,717,0
"3633",16,12,0,660,33,2,31,12,543,0
"3634",16,11,0,716,33,1,32,11,641,0
"3635",15,11,0,727,33,1,32,11,651,0
"3636",12,11,0,669,29,-1,30,8,1098,0
"3637",17,10,0,555,30,5,25,18,405,0
"3638",18,6,0,487,29,9,20,20,7,0
"3639",15,11,0,675,31,1,30,15,317,0
"3640",14,10,0,580,28,2,26,16,578,0
"3641",15,11,0,662,31,1,30,16,327,0
"3642",12,10,0,623,27,-1,28,17,716,0
"3643",10,10,0,551,25,-1,25,12,1028,0
"3644",16,11,0,708,33,1,31,11,749,0
"3645",14,11,0,692,31,0,30,10,786,0
"3646",8,10,0,568,21,-4,25,10,1328,0
"3647",10,9,0,596,24,-2,26,7,941,0
"3648",14,11,0,672,30,0,30,14,498,0
"3649",11,8,0,548,24,0,23,10,642,0
"3650",9,10,0,633,25,-3,28,11,1568,0
"3651",14,10,0,689,31,0,30,10,951,0
"3652",15,11,0,667,32,1,30,11,742,0
"3653",19,12,0,644,35,5,30,15,136,0
"3654",11,10,0,660,28,-2,30,5,1356,0
"3655",11,9,0,593,25,-1,26,8,871,0
"3656",15,11,0,646,31,1,30,8,1014,0
"3657",14,11,0,646,30,1,29,16,716,0
"3658",8,10,0,617,22,-6,28,8,1208,0
"3659",9,8,0,549,22,-1,24,6,941,0
"3660",12,11,0,633,28,-1,29,14,1017,0
"3661",15,11,0,722,32,1,31,10,726,0
"3662",16,11,0,593,31,3,28,17,466,0
"3663",12,11,0,630,28,-1,29,14,1017,0
"3664",16,11,0,723,33,1,32,11,631,0
"3665",15,9,0,596,28,3,26,11,163,0
"3666",11,9,0,577,25,0,26,12,1092,0
"3667",13,9,0,655,28,0,27,13,252,0
"3668",12,9,0,578,26,1,25,9,502,0
"3669",14,11,0,658,30,1,29,15,421,0
"3670",16,11,0,717,33,1,31,11,631,0
"3671",13,10,0,654,28,0,28,16,619,0
"3672",13,9,0,578,27,2,25,16,195,0
"3673",15,8,0,597,29,3,26,12,170,0
"3674",11,11,0,644,28,-1,29,13,1160,0
"3675",15,11,0,717,33,1,32,10,697,0
"3676",15,11,0,720,33,1,31,11,677,0
"3677",15,11,0,698,32,1,31,15,320,0
"3678",13,10,0,617,28,0,28,18,515,0
"3679",11,11,0,640,28,-1,29,13,1163,0
"3680",14,10,0,615,29,2,28,16,772,0
"3681",17,11,0,715,34,2,32,12,546,0
"3682",14,11,0,682,31,1,30,10,855,0
"3683",12,8,0,577,25,1,24,8,424,0
"3684",10,9,0,586,23,-2,26,12,1078,0
"3685",19,8,0,527,30,7,23,16,184,0
"3686",14,9,0,545,27,2,25,8,853,0
"3687",14,10,0,669,30,1,29,15,116,0
"3688",15,11,0,694,32,1,31,10,738,0
"3689",18,10,0,458,31,7,25,13,146,0
"3690",13,11,0,642,29,0,29,7,1265,0
"3691",12,7,0,572,25,2,23,13,1128,0
"3692",15,10,0,606,30,3,28,16,226,0
"3693",15,8,0,578,28,4,24,12,31,0
"3694",16,9,0,579,29,4,25,17,189,0
"3695",15,12,0,661,32,1,31,8,1002,0
"3696",11,10,0,578,24,-2,26,13,893,0
"3697",12,10,0,626,28,-1,28,17,708,0
"3698",15,11,0,688,32,1,31,11,693,0
"3699",10,10,0,634,24,-4,28,10,882,0
"3700",15,7,0,558,27,4,23,12,62,0
"3701",14,12,0,654,31,0,30,7,912,0
"3702",13,9,0,546,26,2,24,12,239,0
"3703",14,11,0,607,30,1,28,15,702,0
"3704",10,10,0,653,26,-2,28,6,1394,0
"3705",16,11,0,660,33,3,30,19,294,0
"3706",18,12,0,629,35,5,30,15,158,0
"3707",15,5,0,510,25,6,19,16,0,0
"3708",15,10,0,661,31,2,29,16,13,0
"3709",9,9,0,636,23,-5,27,9,987,0
"3710",15,11,0,719,32,1,31,10,733,0
"3711",15,12,0,634,31,1,30,8,755,0
"3712",15,11,0,618,31,1,30,8,775,0
"3713",18,11,0,621,33,4,30,14,330,0
"3714",13,11,0,651,28,-1,30,13,442,0
"3715",14,11,0,596,29,1,28,15,760,0
"3716",15,11,0,698,32,1,31,10,799,0
"3717",18,11,0,618,34,4,30,14,248,0
"3718",11,11,0,642,28,-1,29,13,1131,0
"3719",15,10,0,614,30,2,28,11,260,0
"3720",10,10,0,634,24,-3,28,12,1135,0
"3721",18,8,0,456,30,8,21,14,6,0
"3722",14,10,0,607,29,2,28,10,377,0
"3723",13,11,0,680,30,0,30,9,1040,0
"3724",16,11,0,606,31,2,28,16,735,0
"3725",12,11,0,641,29,-1,30,6,1167,0
"3726",14,11,0,692,30,0,30,9,861,0
"3727",13,10,0,604,27,1,27,14,554,0
"3728",15,11,0,718,33,1,32,10,695,0
"3729",19,11,0,641,35,6,30,15,65,0
"3730",16,4,0,482,25,8,18,17,42,0
"3731",12,10,0,670,28,-1,29,8,1123,0
"3732",13,7,0,570,26,2,23,14,385,0
"3733",12,11,0,661,28,-1,29,8,1068,0
"3734",15,10,0,632,30,2,28,15,383,0
"3735",9,8,0,582,23,-2,25,6,863,0
"3736",6,9,0,561,19,-5,24,8,1474,0
"3737",14,8,0,586,28,3,25,8,83,0
"3738",14,11,0,686,31,1,30,10,758,0
"3739",12,10,0,601,27,-1,27,13,696,0
"3740",12,8,0,553,25,1,24,6,638,0
"3741",18,5,0,360,27,11,16,15,9,0
"3742",10,11,0,633,26,-3,28,12,1408,0
"3743",13,11,0,668,30,0,30,9,1072,0
"3744",13,12,0,640,30,0,30,15,830,0
"3745",14,9,0,644,29,1,27,14,188,0
"3746",13,11,0,653,28,-1,30,13,487,0
"3747",12,11,0,636,29,-1,29,14,969,0
"3748",14,9,0,660,29,1,28,14,115,0
"3749",13,9,0,584,27,2,25,16,156,0
"3750",18,11,0,719,35,3,32,14,358,0
"3751",16,11,0,731,33,1,32,11,613,0
"3752",18,11,0,583,32,5,28,19,166,0
"3753",13,10,0,612,28,0,28,14,494,0
"3754",19,12,0,658,35,5,31,15,145,0
"3755",15,11,0,725,32,1,32,10,702,0
"3756",8,8,0,528,19,-3,22,2,1271,0
"3757",16,11,0,700,33,2,31,12,654,0
"3758",12,11,0,634,28,-1,29,14,1046,0
"3759",9,10,0,619,25,-3,28,11,1479,0
"3760",16,11,0,591,31,3,28,17,450,0
"3761",15,11,0,693,32,1,31,10,744,0
"3762",13,11,0,640,29,0,29,6,1045,0
"3763",19,11,0,596,34,5,29,12,138,0
"3764",18,8,0,545,29,7,23,19,71,0
"3765",18,10,0,671,34,4,30,14,305,0
"3766",19,11,0,678,35,4,31,15,154,0
"3767",12,10,0,576,26,0,26,8,797,0
"3768",10,10,0,589,25,-1,27,12,1170,0
"3769",17,9,0,565,29,5,24,18,171,0
"3770",11,10,0,584,25,-2,27,15,960,0
"3771",16,11,0,692,33,2,31,16,194,0
"3772",14,11,0,672,31,0,30,10,954,0
"3773",18,10,0,557,33,6,27,12,150,0
"3774",8,9,0,566,22,-3,25,5,1128,0
"3775",5,9,0,584,18,-7,25,7,1760,0
"3776",14,12,0,675,31,-1,31,7,983,0
"3777",15,10,0,630,31,3,28,18,455,0
"3778",15,9,0,563,29,3,26,9,751,0
"3779",15,11,0,717,33,1,32,11,645,0
"3780",14,10,0,583,28,2,27,16,357,0
"3781",15,11,0,665,32,2,30,18,386,0
"3782",16,10,0,651,32,2,29,12,701,0
"3783",13,11,0,685,30,0,30,9,873,0
"3784",13,9,0,564,26,2,24,12,253,0
"3785",13,11,0,629,29,1,28,16,731,0
"3786",13,9,0,566,26,2,24,13,207,0
"3787",15,8,0,603,29,4,25,16,2,0
"3788",11,8,0,580,25,0,24,8,529,0
"3789",11,10,0,652,27,-2,29,7,1273,0
"3790",12,10,0,576,27,0,26,9,645,0
"3791",18,10,0,647,34,5,29,14,328,0
"3792",6,9,0,601,19,-6,25,8,1647,0
"3793",11,8,0,571,24,0,24,8,516,0
"3794",19,6,0,467,29,10,19,17,27,0
"3795",13,10,0,654,28,-1,29,13,386,0
"3796",15,11,0,664,32,1,30,11,731,0
"3797",16,7,0,593,28,4,24,13,57,0
"3798",18,10,0,572,32,5,27,19,246,0
"3799",16,11,0,638,32,3,29,12,650,0
"3800",14,8,0,582,28,3,25,11,92,0
"3801",14,10,0,584,29,3,27,17,419,0
"3802",10,8,0,556,23,0,24,7,753,0
"3803",16,8,0,620,30,4,26,16,4,0
"3804",16,11,0,660,32,3,30,18,348,0
"3805",12,11,0,635,28,0,29,14,953,0
"3806",15,10,0,623,30,2,28,12,157,0
"3807",13,10,0,563,27,2,26,15,451,0
"3808",14,9,0,655,30,1,28,15,127,0
"3809",15,11,0,673,32,2,30,17,702,0
"3810",16,8,0,590,29,5,25,12,4,0
"3811",13,11,0,589,28,1,28,10,899,0
"3812",11,11,0,645,28,-2,30,5,1461,0
"3813",10,11,0,721,24,-6,30,6,878,0
"3814",15,9,0,593,28,3,25,12,159,0
"3815",14,11,0,691,30,-1,31,14,447,0
"3816",18,6,0,498,29,9,20,20,15,0
"3817",12,8,0,566,25,1,24,8,489,0
"3818",16,9,0,568,29,4,24,17,237,0
"3819",13,9,0,554,25,2,24,12,325,0
"3820",11,11,0,632,27,-2,28,13,1248,0
"3821",13,9,0,562,26,2,24,15,283,0
"3822",15,10,0,663,31,2,29,15,77,0
"3823",12,10,0,587,27,0,26,14,948,0
"3824",8,10,0,637,22,-5,27,10,1377,0
"3825",6,11,0,672,21,-9,30,7,1463,0
"3826",14,11,0,698,31,1,30,10,722,0
"3827",5,9,0,570,19,-6,25,2,1864,0
"3828",13,9,0,590,27,1,26,10,556,0
"3829",14,9,0,652,30,2,28,15,116,0
"3830",13,10,0,580,27,1,26,9,518,0
"3831",11,11,0,639,28,-1,29,13,1130,0
"3832",19,12,0,666,35,4,31,15,135,0
"3833",14,10,0,618,29,2,28,10,372,0
"3834",12,8,0,584,26,1,25,9,368,0
"3835",13,11,0,640,29,0,29,15,1015,0
"3836",12,11,0,633,28,-1,29,14,1054,0
"3837",13,11,0,693,30,0,30,9,903,0
"3838",13,9,0,582,26,1,26,10,426,0
"3839",14,11,0,628,30,1,29,15,738,0
"3840",15,11,0,701,32,1,31,11,820,0
"3841",12,11,0,634,28,-1,29,14,1081,0
"3842",17,11,0,631,33,4,29,18,384,0
"3843",19,11,0,664,35,5,30,15,196,0
"3844",18,12,0,704,35,3,32,14,296,0
"3845",13,8,0,569,26,2,24,7,408,0
"3846",13,10,0,621,29,1,28,15,812,0
"3847",15,11,0,669,31,2,30,15,342,0
"3848",13,8,0,629,27,1,26,13,402,0
"3849",16,11,0,680,33,2,30,12,606,0
"3850",12,11,0,663,29,-1,29,8,1027,0
"3851",14,10,0,617,30,1,28,15,759,0
"3852",15,11,0,678,31,0,31,7,833,0
"3853",13,9,0,503,25,2,22,8,241,0
"3854",14,9,0,571,27,2,25,19,420,0
"3855",15,9,0,594,29,3,26,16,253,0
"3856",9,9,0,625,23,-3,26,10,843,0
"3857",16,11,0,594,31,2,28,17,581,0
"3858",11,11,0,635,28,-1,29,13,1138,0
"3859",12,10,0,533,26,1,25,6,607,0
"3860",17,6,0,521,27,7,20,18,40,0
"3861",11,11,0,640,28,-2,29,5,1314,0
"3862",13,11,0,681,29,-1,30,8,1027,0
"3863",15,11,0,700,32,1,31,11,851,0
"3864",5,10,0,635,19,-9,28,1,1662,0
"3865",13,10,0,586,26,0,26,15,522,0
"3866",17,7,0,465,28,7,21,12,447,0
"3867",15,11,0,733,33,1,32,11,650,0
"3868",13,11,0,626,30,1,29,10,888,0
"3869",15,11,0,691,32,2,31,16,311,0
"3870",19,11,0,595,35,6,29,16,19,0
"3871",14,8,0,588,28,3,25,8,91,0
"3872",17,8,0,536,28,6,22,18,188,0
"3873",14,11,0,652,31,0,30,7,1010,0
"3874",11,8,0,562,24,0,24,5,725,0
"3875",18,10,0,554,32,6,27,12,272,0
"3876",12,11,0,597,28,0,28,9,1043,0
"3877",9,8,0,508,21,-1,23,4,1025,0
"3878",15,11,0,698,32,1,31,11,812,0
"3879",14,11,0,657,31,1,29,15,440,0
"3880",18,6,0,397,27,10,18,14,35,0
"3881",14,10,0,696,31,1,30,10,846,0
"3882",12,10,0,633,27,-1,28,12,602,0
"3883",14,11,0,638,31,1,30,15,843,0
"3884",6,9,0,564,18,-6,24,4,1580,0
"3885",12,11,0,644,29,0,29,8,956,0
"3886",14,11,0,690,31,1,30,10,929,0
"3887",18,11,0,581,34,6,29,15,75,0
"3888",9,11,0,631,24,-4,29,11,1302,0
"3889",13,9,0,550,25,1,24,12,311,0
"3890",16,7,0,484,28,6,22,11,687,0
"3891",14,11,0,685,31,1,30,10,799,0
"3892",15,9,0,665,30,2,29,15,41,0
"3893",12,11,0,641,29,-1,29,14,1026,0
"3894",7,9,0,581,21,-5,26,4,1675,0
"3895",13,11,0,633,29,0,29,15,970,0
"3896",9,10,0,638,25,-3,28,5,1533,0
"3897",15,10,0,640,31,2,29,15,824,0
"3898",16,10,0,707,33,2,31,12,629,0
"3899",15,10,0,642,31,2,29,16,725,0
"3900",13,10,0,585,26,0,26,15,546,0
"3901",16,12,0,656,32,2,30,9,767,0
"3902",15,11,0,706,32,1,32,16,255,0
"3903",15,11,0,611,30,2,28,15,735,0
"3904",7,10,0,646,22,-6,27,4,1498,0
"3905",8,9,0,633,22,-5,27,9,1035,0
"3906",15,11,0,694,32,1,31,11,774,0
"3907",16,12,0,705,33,1,32,16,196,0
"3908",15,11,0,723,32,1,32,10,657,0
"3909",4,10,0,684,19,-11,30,5,1750,0
"3910",0,9,0,696,15,-14,29,2,2313,0
"3911",14,11,0,653,29,0,29,14,321,0
"3912",19,9,0,512,32,7,25,13,1,0
"3913",16,11,0,675,33,2,30,12,503,0
"3914",14,10,0,624,30,2,28,16,667,0
"3915",14,10,0,569,28,2,26,14,790,0
"3916",14,10,0,628,30,2,28,17,451,0
"3917",14,12,0,653,30,0,30,7,1024,0
"3918",14,7,0,564,26,3,23,11,439,0
"3919",11,10,0,611,26,-1,27,7,903,0
"3920",15,9,0,597,29,3,26,12,34,0
"3921",13,11,0,653,30,1,30,16,808,0
"3922",9,10,0,643,25,-3,28,5,1523,0
"3923",15,4,0,476,24,7,17,13,248,0
"3924",18,10,0,535,32,7,26,12,99,0
"3925",15,11,0,693,32,1,31,10,735,0
"3926",9,8,0,559,22,-1,24,6,902,0
"3927",7,9,0,550,21,-4,24,4,1272,0
"3928",13,11,0,641,29,1,29,14,524,0
"3929",14,9,0,574,27,2,24,16,162,0
"3930",10,9,0,631,24,-2,27,11,776,0
"3931",17,10,0,577,31,4,27,18,316,0
"3932",14,11,0,707,31,0,31,9,897,0
"3933",19,11,0,559,34,6,28,15,25,0
"3934",18,11,0,572,34,6,28,15,148,0
"3935",12,9,0,555,25,1,24,13,1011,0
"3936",15,11,0,719,33,1,31,11,581,0
"3937",12,11,0,638,28,-1,29,14,1087,0
"3938",11,10,0,597,25,-2,27,13,884,0
"3939",15,11,0,686,32,1,30,10,697,0
"3940",19,9,0,492,32,7,24,13,3,0
"3941",12,10,0,613,27,0,27,14,1020,0
"3942",15,10,0,622,30,2,28,15,440,0
"3943",18,12,0,570,33,5,27,19,60,0
"3944",17,7,0,519,28,7,21,18,297,0
"3945",15,11,0,737,33,1,32,11,659,0
"3946",16,12,0,539,31,3,28,10,758,0
"3947",14,11,0,669,31,0,30,10,889,0
"3948",11,9,0,555,24,0,24,12,1184,0
"3949",15,11,0,608,30,1,29,15,815,0
"3950",15,7,0,537,26,4,22,16,290,0
"3951",13,12,0,638,30,0,29,15,829,0
"3952",16,5,0,506,25,7,19,17,134,0
"3953",12,11,0,632,28,-1,29,14,1097,0
"3954",13,9,0,556,26,1,25,13,895,0
"3955",18,11,0,562,34,6,28,15,84,0
"3956",15,10,0,657,30,2,28,15,115,0
"3957",19,11,0,553,34,6,28,13,42,0
"3958",16,10,0,559,30,3,27,10,514,0
"3959",14,11,0,650,31,2,29,17,566,0
"3960",15,11,0,688,32,2,30,16,328,0
"3961",16,10,0,581,29,3,26,16,351,0
"3962",17,4,0,501,27,8,18,19,-3,0
"3963",15,11,0,641,31,2,29,18,374,0
"3964",12,8,0,590,25,1,25,8,345,0
"3965",15,11,0,702,32,1,31,11,820,0
"3966",13,11,0,646,30,0,30,9,917,0
"3967",14,11,0,645,30,1,30,10,927,0
"3968",14,10,0,572,28,1,26,8,901,0
"3969",13,11,0,642,30,0,29,15,815,0
"3970",11,9,0,580,25,0,26,8,647,0
"3971",13,11,0,613,29,1,28,10,925,0
"3972",14,10,0,624,29,1,28,14,467,0
"3973",16,11,0,659,32,3,29,19,301,0
"3974",13,9,0,657,27,0,27,13,212,0
"3975",18,11,0,630,34,4,30,15,202,0
"3976",14,11,0,711,32,1,31,10,773,0
"3977",13,8,0,574,26,2,24,7,218,0
"3978",10,10,0,620,24,-3,27,6,911,0
