"","code.pop","sp.name","presence","date","x","y","precision","source"
"1",7673,"Convolvulus lanuginosus",1,"1990-04-12",3.01604284970876,42.9255560370328,500,"cbnmed"
"2",7584,"Convolvulus lanuginosus",1,"1990-04-12",3.05675399830708,42.9112886336581,500,"cbnmed"
"3",13037517,"Convolvulus lanuginosus",1,"1990-05-30",5.7716332062227,43.220700672199,500,"cbnmed"
"4",8368343,"Convolvulus lanuginosus",1,"1990-06-15",5.7658082595155,43.2445129641187,500,"cbnmed"
"5",37570490,"Convolvulus lanuginosus",1,"1991-10-20",3.060682,43.096785,500,"cbnmed"
"6",12874536,"Convolvulus lanuginosus",1,"1992-01-12",5.7220238803752,43.1424197532112,500,"cbnmed"
"7",1342045,"Convolvulus lanuginosus",1,"1993-01-01",5.66616616796064,43.200794082215,500,"cbnmed"
"8",727143,"Convolvulus lanuginosus",1,"1993-01-01",2.7537157846247,42.7842300812574,10,"cbnmed"
"9",8368342,"Convolvulus lanuginosus",1,"1993-01-24",5.69411244318991,43.1474228864278,500,"cbnmed"
"10",8368341,"Convolvulus lanuginosus",1,"1993-03-07",5.71142980128618,43.1455667181643,500,"cbnmed"
"11",9310,"Convolvulus lanuginosus",1,"1994-03-20",3.09158383032705,43.1357367428724,500,"cbnmed"
"12",19371,"Convolvulus lanuginosus",1,"1994-04-17",3.00273973633303,42.8964116846957,500,"cbnmed"
"13",9377,"Convolvulus lanuginosus",1,"1994-04-17",3.05397427435433,42.9216677572092,500,"cbnmed"
"14",19353,"Convolvulus lanuginosus",1,"1994-04-17",3.0584989441734,42.9189315684465,500,"cbnmed"
"15",12854270,"Convolvulus lanuginosus",1,"1994-06-01",5.74012755072929,43.203603233626,500,"cbnmed"
"16",12854378,"Convolvulus lanuginosus",1,"1994-06-01",5.76532647737144,43.2360015848263,500,"cbnmed"
"17",18470,"Convolvulus lanuginosus",1,"1995-01-01",3.07052163455139,43.0960605622688,500,"cbnmed"
"18",6635,"Convolvulus lanuginosus",1,"1995-08-25",3.01776053945241,42.9002591065736,10,"cbnmed"
"19",1449506,"Convolvulus lanuginosus",1,"1996-01-01",5.59571131570455,43.2172178481452,10,"cbnmed"
"20",32327344,"Convolvulus lanuginosus",1,"1996-05-22",3.001541,43.067822,500,"cbnmed"
"21",242243,"Convolvulus lanuginosus",1,"1996-05-22",3.00273543718325,43.06476625875,10,"cbnmed"
"22",6852,"Convolvulus lanuginosus",1,"1996-11-10",3.01758598176913,42.929701516243,500,"cbnmed"
"23",1328398,"Convolvulus lanuginosus",1,"1997-01-01",5.59423191127949,43.2163354260447,500,"cbnmed"
"24",3926146,"Convolvulus lanuginosus",1,"1997-01-01",5.669267111787,43.1941563557765,500,"cbnmed"
"25",12966510,"Convolvulus lanuginosus",1,"1997-04-22",5.7635281104638,43.1711991102827,500,"cbnmed"
"26",117688,"Convolvulus lanuginosus",1,"1998-01-01",3.15347028673794,43.1725534097388,500,"cbnmed"
"27",1341964,"Convolvulus lanuginosus",1,"1998-01-01",5.57345804763843,43.1754251407337,500,"cbnmed"
"28",117687,"Convolvulus lanuginosus",1,"1998-01-01",3.11372360367017,43.1337278830196,500,"cbnmed"
"29",117686,"Convolvulus lanuginosus",1,"1998-01-01",3.09915120145927,43.1296857679505,10,"cbnmed"
"30",117685,"Convolvulus lanuginosus",1,"1998-01-01",3.13807497217255,43.1482346148189,10,"cbnmed"
"31",135225,"Convolvulus lanuginosus",1,"1998-03-29",2.98201639749472,42.8701070582595,500,"cbnmed"
"32",239664,"Convolvulus lanuginosus",1,"1998-03-29",2.98585555582601,42.868569929004,500,"cbnmed"
"33",1522,"Convolvulus lanuginosus",1,"1998-04-16",3.08928070552385,43.1474585484114,500,"cbnmed"
"34",170539,"Convolvulus lanuginosus",1,"1998-11-01",3.17008975014825,43.1697850851297,500,"cbnmed"
"35",1813,"Convolvulus lanuginosus",1,"1998-11-16",3.10906124350782,43.1556434397627,10,"cbnmed"
"36",117689,"Convolvulus lanuginosus",1,"1998-12-15",3.1788342196512,43.1760492989283,10,"cbnmed"
"37",170463,"Convolvulus lanuginosus",1,"1998-12-15",3.17655411610538,43.1739482726578,500,"cbnmed"
"38",13013193,"Convolvulus lanuginosus",1,"1999-03-28",5.72213446509175,43.1585988495764,500,"cbnmed"
"39",13013402,"Convolvulus lanuginosus",1,"1999-03-28",5.73743262692836,43.147798501645,500,"cbnmed"
"40",13013277,"Convolvulus lanuginosus",1,"1999-03-28",5.72302661983903,43.1397034643788,500,"cbnmed"
"41",18485,"Convolvulus lanuginosus",1,"2000-01-01",3.03023635565396,42.8991142506151,500,"cbnmed"
"42",239605,"Convolvulus lanuginosus",1,"2000-04-09",3.03098710190059,42.9994405816127,500,"cbnmed"
"43",774,"Convolvulus lanuginosus",1,"2000-04-09",3.034136111388,42.9995475498891,500,"cbnmed"
"44",735803,"Convolvulus lanuginosus",1,"2000-04-30",2.76112573589875,42.8050270128183,500,"cbnmed"
"45",136351,"Convolvulus lanuginosus",1,"2000-05-07",2.90910968638976,42.9445568700068,500,"cbnmed"
"46",239718,"Convolvulus lanuginosus",1,"2000-05-07",2.91874705548057,42.9419835923335,500,"cbnmed"
"47",24276570,"Convolvulus lanuginosus",1,"2000-05-22",2.95715697728338,42.8598311017196,500,"cbnmed"
"48",242116,"Convolvulus lanuginosus",1,"2000-06-01",3.04742832401692,42.9222373953121,500,"cbnmed"
"49",19224,"Convolvulus lanuginosus",1,"2001-01-01",3.11664185606657,43.1435917464676,10,"cbnmed"
"50",12988272,"Convolvulus lanuginosus",1,"2001-02-25",5.77972438351917,43.2387010814546,500,"cbnmed"
"51",12988230,"Convolvulus lanuginosus",1,"2001-02-25",5.77343238125936,43.2333004331566,500,"cbnmed"
"52",24279833,"Convolvulus lanuginosus",1,"2001-04-16",2.96939665460612,42.8620831153167,500,"cbnmed"
"53",1271610,"Convolvulus lanuginosus",1,"2001-05-01",5.20681544418763,43.3315989645929,10,"cbnmed"
"54",13077697,"Convolvulus lanuginosus",1,"2001-05-07",5.73743606265371,43.1963992611136,500,"cbnmed"
"55",13003911,"Convolvulus lanuginosus",1,"2001-12-27",5.73293572280413,43.2278978578259,500,"cbnmed"
"56",13003921,"Convolvulus lanuginosus",1,"2001-12-27",5.73383265801149,43.2315023702217,500,"cbnmed"
"57",12915050,"Convolvulus lanuginosus",1,"2002-01-17",5.69422746358184,43.2107982817955,500,"cbnmed"
"58",12914986,"Convolvulus lanuginosus",1,"2002-01-17",5.68150920500271,43.2180542575043,500,"cbnmed"
"59",13003269,"Convolvulus lanuginosus",1,"2002-01-27",5.68072474051174,43.2054014316766,500,"cbnmed"
"60",13003295,"Convolvulus lanuginosus",1,"2002-01-27",5.68882678561342,43.1954976544383,500,"cbnmed"
"61",6394,"Convolvulus lanuginosus",1,"2002-07-01",3.01391549827507,42.9845331008062,10,"cbnmed"
"62",1510917,"Convolvulus lanuginosus",1,"2003-03-02",5.77820150313805,43.1607867783856,10,"cbnmed"
"63",19235,"Convolvulus lanuginosus",1,"2004-01-01",3.00347910560207,42.9883830979859,10,"cbnmed"
"64",19225,"Convolvulus lanuginosus",1,"2004-01-01",3.016588295151,42.9928965525461,10,"cbnmed"
"65",19234,"Convolvulus lanuginosus",1,"2004-01-01",3.00539061353818,42.9932214589421,10,"cbnmed"
"66",117991,"Convolvulus lanuginosus",1,"2004-03-19",3.11026022848196,43.1465666652216,500,"cbnmed"
"67",24286260,"Convolvulus lanuginosus",1,"2004-05-24",2.94491398673958,42.8620739542727,500,"cbnmed"
"68",24286343,"Convolvulus lanuginosus",1,"2004-05-25",2.76157726893552,42.788403036031,500,"cbnmed"
"69",24286439,"Convolvulus lanuginosus",1,"2004-05-29",2.79511146370102,42.7720610518651,500,"cbnmed"
"70",778288,"Convolvulus lanuginosus",1,"2004-06-01",2.74475829307884,42.7975080356867,500,"cbnmed"
"71",1550010,"Convolvulus lanuginosus",1,"2004-06-19",5.76401365451363,43.1952265841708,10,"cbnmed"
"72",77359,"Convolvulus lanuginosus",1,"2004-06-28",3.05854296113703,42.9140484539418,10,"cbnmed"
"73",77459,"Convolvulus lanuginosus",1,"2004-07-08",3.05254574751548,42.9251127286752,10,"cbnmed"
"74",814692,"Convolvulus lanuginosus",1,"2005-03-01",2.91446528638481,42.8490144159006,10,"cbnmed"
"75",1536058,"Convolvulus lanuginosus",1,"2005-04-27",5.72980684024336,43.2348714579222,10,"cbnmed"
"76",1449373,"Convolvulus lanuginosus",1,"2005-04-28",5.61413985517124,43.2219930638734,10,"cbnmed"
"77",1566815,"Convolvulus lanuginosus",1,"2005-05-06",5.7084256788491,43.1630300719907,10,"cbnmed"
"78",24288847,"Convolvulus lanuginosus",1,"2005-05-14",2.72150018953294,42.7796916055395,10,"cbnmed"
"79",12904520,"Convolvulus lanuginosus",1,"2005-05-15",5.73743609754335,43.2387015463982,500,"cbnmed"
"80",1449332,"Convolvulus lanuginosus",1,"2005-07-01",5.59111402626559,43.2178773140612,10,"cbnmed"
"81",1723430,"Convolvulus lanuginosus",1,"2005-09-03",5.70073523621072,43.1634209680934,10,"cbnmed"
"82",1595325,"Convolvulus lanuginosus",1,"2005-11-12",5.6866922373621,43.1578138680622,10,"cbnmed"
"83",1589500,"Convolvulus lanuginosus",1,"2005-11-12",5.69341975925076,43.159724989197,10,"cbnmed"
"84",1589555,"Convolvulus lanuginosus",1,"2005-11-12",5.69043095220997,43.15863862537,10,"cbnmed"
"85",19188,"Convolvulus lanuginosus",1,"2006-01-01",2.9895248481693,42.9943812333211,10,"cbnmed"
"86",778293,"Convolvulus lanuginosus",1,"2006-02-05",2.76424142756118,42.7654611263256,10,"cbnmed"
"87",1415795,"Convolvulus lanuginosus",1,"2006-04-26",5.63648704708246,43.1995883943858,10,"cbnmed"
"88",1402430,"Convolvulus lanuginosus",1,"2006-04-26",5.63590133395535,43.1999627038793,10,"cbnmed"
"89",1345301,"Convolvulus lanuginosus",1,"2006-04-27",5.58965158172552,43.2162744299068,10,"cbnmed"
"90",1652968,"Convolvulus lanuginosus",1,"2006-05-27",5.73501412991013,43.2218868643736,10,"cbnmed"
"91",1629401,"Convolvulus lanuginosus",1,"2006-06-29",5.71264138486799,43.21511615577,500,"cbnmed"
"92",13025126,"Convolvulus lanuginosus",1,"2006-06-29",5.71403050722699,43.219797436169,500,"cbnmed"
"93",24296988,"Convolvulus lanuginosus",1,"2006-09-27",2.77191391820887,42.7970304762331,10,"cbnmed"
"94",1617417,"Convolvulus lanuginosus",1,"2006-10-20",5.81382980775941,43.2347302173513,500,"cbnmed"
"95",1617540,"Convolvulus lanuginosus",1,"2006-10-22",5.82596931724046,43.2143951231125,10,"cbnmed"
"96",1617446,"Convolvulus lanuginosus",1,"2006-10-22",5.80646846253789,43.2400523625047,10,"cbnmed"
"97",1618769,"Convolvulus lanuginosus",1,"2006-11-03",5.7297741548342,43.1459587217595,10,"cbnmed"
"98",1620340,"Convolvulus lanuginosus",1,"2006-11-26",5.80188079249956,43.2175794508614,500,"cbnmed"
"99",1620655,"Convolvulus lanuginosus",1,"2006-12-03",5.72415189594452,43.1854852067551,10,"cbnmed"
"100",20496003,"Convolvulus lanuginosus",1,"2007-03-09",2.92417664672285,42.871061962438,500,"cbnmed"
"101",1415783,"Convolvulus lanuginosus",1,"2007-04-13",5.60009135143732,43.2150154280447,10,"cbnmed"
"102",117816,"Convolvulus lanuginosus",1,"2007-04-19",3.10008465947454,43.1297748498618,10,"cbnmed"
"103",1415821,"Convolvulus lanuginosus",1,"2007-04-25",5.21028171964917,43.3326171021205,10,"cbnmed"
"104",1753833,"Convolvulus lanuginosus",1,"2007-04-26",5.70687772898717,43.1491460671919,10,"cbnmed"
"105",1753935,"Convolvulus lanuginosus",1,"2007-04-26",5.70339211767823,43.1563524402745,10,"cbnmed"
"106",239644,"Convolvulus lanuginosus",1,"2007-04-27",2.96853536411651,42.9537096543522,500,"cbnmed"
"107",134957,"Convolvulus lanuginosus",1,"2007-04-27",2.96521583173721,42.9564875006662,500,"cbnmed"
"108",24302927,"Convolvulus lanuginosus",1,"2007-04-28",2.93268244091489,42.8530621011069,500,"cbnmed"
"109",24302912,"Convolvulus lanuginosus",1,"2007-04-28",2.91737859994782,42.8598091623626,500,"cbnmed"
"110",1415810,"Convolvulus lanuginosus",1,"2007-05-09",5.18186729993506,43.334957981901,10,"cbnmed"
"111",1415837,"Convolvulus lanuginosus",1,"2007-05-09",5.18333102223848,43.3342174936246,10,"cbnmed"
"112",1415743,"Convolvulus lanuginosus",1,"2007-05-25",5.61722115423462,43.2210093863276,10,"cbnmed"
"113",1653116,"Convolvulus lanuginosus",1,"2007-05-27",5.82475038914388,43.214634055384,10,"cbnmed"
"114",1653044,"Convolvulus lanuginosus",1,"2007-05-27",5.75362855212485,43.2119449823979,10,"cbnmed"
"115",1415828,"Convolvulus lanuginosus",1,"2007-05-30",5.6552279259974,43.2170840074475,10,"cbnmed"
"116",1415718,"Convolvulus lanuginosus",1,"2007-05-30",5.61382559272632,43.2164116617982,10,"cbnmed"
"117",1415927,"Convolvulus lanuginosus",1,"2007-05-30",5.6497733328209,43.2164800558451,10,"cbnmed"
"118",1415924,"Convolvulus lanuginosus",1,"2007-05-30",5.65480914341778,43.2160052907547,10,"cbnmed"
"119",1415729,"Convolvulus lanuginosus",1,"2007-05-30",5.6492123722659,43.2176638455359,10,"cbnmed"
"120",1753888,"Convolvulus lanuginosus",1,"2007-06-06",5.7706685215282,43.1541944795005,10,"cbnmed"
"121",278435,"Convolvulus lanuginosus",1,"2007-06-07",2.95969768527421,42.8982566427123,500,"cbnmed"
"122",1415724,"Convolvulus lanuginosus",1,"2007-06-19",5.6004104815819,43.2166367292269,10,"cbnmed"
"123",1753901,"Convolvulus lanuginosus",1,"2007-06-26",5.77302252064799,43.197614531167,10,"cbnmed"
"124",20495714,"Convolvulus lanuginosus",1,"2007-06-29",2.93200749857345,42.8655548576969,10,"cbnmed"
"125",1753925,"Convolvulus lanuginosus",1,"2007-06-29",5.72512732984323,43.1391643793233,10,"cbnmed"
"126",1753927,"Convolvulus lanuginosus",1,"2007-06-29",5.73679775731394,43.1499656179077,10,"cbnmed"
"127",1415800,"Convolvulus lanuginosus",1,"2007-07-13",5.67138913077202,43.2065239751864,10,"cbnmed"
"128",1415798,"Convolvulus lanuginosus",1,"2007-07-13",5.67407048523337,43.2088966051987,10,"cbnmed"
"129",1415809,"Convolvulus lanuginosus",1,"2007-07-13",5.67541843631283,43.2090431970647,10,"cbnmed"
"130",1415869,"Convolvulus lanuginosus",1,"2007-07-13",5.66550583934485,43.2131405752725,10,"cbnmed"
"131",1415852,"Convolvulus lanuginosus",1,"2007-07-13",5.67111436598312,43.2173400019723,10,"cbnmed"
"132",1753948,"Convolvulus lanuginosus",1,"2007-07-13",5.68736386961188,43.2031842403792,10,"cbnmed"
"133",24935758,"Convolvulus lanuginosus",1,"2007-11-27",3.01275080518482,42.9800545736508,10,"cbnmed"
"134",24317963,"Convolvulus lanuginosus",1,"2008-04-12",2.92044289539594,42.8530542508747,500,"cbnmed"
"135",24318374,"Convolvulus lanuginosus",1,"2008-04-18",2.78735977204109,42.7632139405685,500,"cbnmed"
"136",24320895,"Convolvulus lanuginosus",1,"2008-05-03",2.77948697281872,42.7662250501404,500,"cbnmed"
"137",24320795,"Convolvulus lanuginosus",1,"2008-05-03",2.78620894107291,42.7366345666238,500,"cbnmed"
"138",24320491,"Convolvulus lanuginosus",1,"2008-05-03",2.78509080487124,42.7561802788059,10,"cbnmed"
"139",111258,"Convolvulus lanuginosus",1,"2008-05-06",3.08997767219898,43.1374920215778,10,"cbnmed"
"140",1684184,"Convolvulus lanuginosus",1,"2008-05-12",5.76267964267262,43.2331711244944,10,"cbnmed"
"141",111337,"Convolvulus lanuginosus",1,"2008-05-24",2.96221178679618,42.9255865613779,10,"cbnmed"
"142",23070373,"Convolvulus lanuginosus",1,"2008-07-02",3.02226099158229,42.8980640591064,10,"cbnmed"
"143",1696552,"Convolvulus lanuginosus",1,"2008-12-07",5.69613112541144,43.220471071721,10,"cbnmed"
"144",1696714,"Convolvulus lanuginosus",1,"2008-12-07",5.69092274978699,43.2201510381881,10,"cbnmed"
"145",1696581,"Convolvulus lanuginosus",1,"2008-12-07",5.6944243229447,43.2255628957053,10,"cbnmed"
"146",1696583,"Convolvulus lanuginosus",1,"2008-12-07",5.68945249371618,43.2282159942518,10,"cbnmed"
"147",1696716,"Convolvulus lanuginosus",1,"2008-12-07",5.7028652171233,43.2113203016361,10,"cbnmed"
"148",814561,"Convolvulus lanuginosus",1,"2009-01-01",2.89694197997267,42.8412207389812,500,"cbnmed"
"149",814568,"Convolvulus lanuginosus",1,"2009-01-01",2.94124282774117,42.8597692252498,500,"cbnmed"
"150",24334173,"Convolvulus lanuginosus",1,"2009-03-18",2.71271594547864,42.7784822293229,500,"cbnmed"
"151",24340638,"Convolvulus lanuginosus",1,"2009-05-06",2.77390080208954,42.7618182240473,500,"cbnmed"
"152",8203398,"Convolvulus lanuginosus",1,"2009-05-10",2.72568241860304,42.7904832485377,500,"cbnmed"
"153",241968,"Convolvulus lanuginosus",1,"2009-05-11",3.13860154614863,43.1577952237856,500,"cbnmed"
"154",8541945,"Convolvulus lanuginosus",1,"2009-05-14",5.74788750007063,43.2379139943439,10,"cbnmed"
"155",24344526,"Convolvulus lanuginosus",1,"2009-05-27",2.71583971615362,42.7626759476949,500,"cbnmed"
"156",24346146,"Convolvulus lanuginosus",1,"2009-06-06",2.723920184017,42.7623441081294,500,"cbnmed"
"157",24346195,"Convolvulus lanuginosus",1,"2009-06-06",2.74029298142845,42.7604860713782,500,"cbnmed"
"158",23132565,"Convolvulus lanuginosus",1,"2009-08-25",3.10748858684164,43.1489979998476,10,"cbnmed"
"159",1734828,"Convolvulus lanuginosus",1,"2010-03-29",5.74430762223884,43.1965486976608,10,"cbnmed"
"160",24366282,"Convolvulus lanuginosus",1,"2010-04-21",2.74944420691167,42.7650017718023,500,"cbnmed"
"161",170696,"Convolvulus lanuginosus",1,"2010-04-25",3.09838099713322,43.1461554121968,10,"cbnmed"
"162",279124,"Convolvulus lanuginosus",1,"2010-05-01",2.97712305216979,42.9092058794537,500,"cbnmed"
"163",239674,"Convolvulus lanuginosus",1,"2010-05-01",2.98384064922666,42.90447692879,500,"cbnmed"
"164",24371619,"Convolvulus lanuginosus",1,"2010-05-22",2.72505636982709,42.7523518019779,500,"cbnmed"
"165",24371693,"Convolvulus lanuginosus",1,"2010-05-22",2.7300309526247,42.7623596768686,500,"cbnmed"
"166",8320937,"Convolvulus lanuginosus",1,"2010-06-16",5.44819506015116,43.2734744937428,500,"cbnmed"
"167",1763361,"Convolvulus lanuginosus",1,"2010-12-18",5.73388313951613,43.1912511779569,10,"cbnmed"
"168",1435039,"Convolvulus lanuginosus",1,"2010-12-18",5.66073756538091,43.1937820573998,10,"cbnmed"
"169",1768383,"Convolvulus lanuginosus",1,"2011-04-07",5.69956527772225,43.1533793683995,10,"cbnmed"
"170",203745,"Convolvulus lanuginosus",1,"2011-04-15",2.96995456862538,42.8847171485177,10,"cbnmed"
"171",1430423,"Convolvulus lanuginosus",1,"2011-05-02",5.63746903808865,43.2270146010689,10,"cbnmed"
"172",9875744,"Convolvulus lanuginosus",1,"2011-05-05",5.58725647688606,43.2284547984755,10,"cbnmed"
"173",24426740,"Convolvulus lanuginosus",1,"2012-05-05",2.76968950685062,42.7705638952943,500,"cbnmed"
"174",24427148,"Convolvulus lanuginosus",1,"2012-05-05",2.77580110661812,42.7705768541094,500,"cbnmed"
"175",24427365,"Convolvulus lanuginosus",1,"2012-05-08",2.73720359438575,42.7695057301139,500,"cbnmed"
"176",8200599,"Convolvulus lanuginosus",1,"2012-05-13",2.76220734467933,42.7943650340444,500,"cbnmed"
"177",229867,"Convolvulus lanuginosus",1,"2012-06-11",2.9594227496384,42.9591204559907,10,"cbnmed"
"178",2081622,"Convolvulus lanuginosus",1,"2012-11-01",5.72945255817775,43.1883392850939,10,"cbnmed"
"179",2085676,"Convolvulus lanuginosus",1,"2012-11-01",5.7207325195423,43.1826104502168,10,"cbnmed"
"180",2085717,"Convolvulus lanuginosus",1,"2012-11-01",5.70896270674202,43.1511456670648,10,"cbnmed"
"181",1813189,"Convolvulus lanuginosus",1,"2013-01-17",5.75262327431763,43.2476401448007,10,"cbnmed"
"182",1813064,"Convolvulus lanuginosus",1,"2013-01-17",5.73186156741389,43.2137852816527,10,"cbnmed"
"183",24448666,"Convolvulus lanuginosus",1,"2013-02-23",2.71580956375567,42.7694334061526,500,"cbnmed"
"184",20566148,"Convolvulus lanuginosus",1,"2013-04-17",3.10184947189741,43.1347291464786,10,"cbnmed"
"185",24456492,"Convolvulus lanuginosus",1,"2013-04-27",2.80218960052251,42.7988333781224,500,"cbnmed"
"186",24456738,"Convolvulus lanuginosus",1,"2013-04-27",2.8104249776985,42.8078981786736,500,"cbnmed"
"187",24457714,"Convolvulus lanuginosus",1,"2013-05-02",2.73707988217042,42.7987478732795,500,"cbnmed"
"188",24457621,"Convolvulus lanuginosus",1,"2013-05-02",2.80131754661192,42.8078826827574,500,"cbnmed"
"189",3987849,"Convolvulus lanuginosus",1,"2013-05-22",5.58528083065397,43.2077033503373,10,"cbnmed"
"190",4127564,"Convolvulus lanuginosus",1,"2013-05-24",5.79209975201205,43.2410459848104,10,"cbnmed"
"191",4127567,"Convolvulus lanuginosus",1,"2013-05-24",5.79545025996234,43.242606445872,10,"cbnmed"
"192",4127563,"Convolvulus lanuginosus",1,"2013-05-24",5.79150945302508,43.2402961755776,10,"cbnmed"
"193",4127593,"Convolvulus lanuginosus",1,"2013-05-28",5.81859717237751,43.2244618337688,10,"cbnmed"
"194",4127592,"Convolvulus lanuginosus",1,"2013-05-28",5.81712153272079,43.2272636252242,10,"cbnmed"
"195",9873700,"Convolvulus lanuginosus",1,"2013-11-20",5.630674511469,43.2197103092189,10,"cbnmed"
"196",24489536,"Convolvulus lanuginosus",1,"2014-04-09",2.62711594809727,42.782679733766,500,"cbnmed"
"197",8169262,"Convolvulus lanuginosus",1,"2014-04-24",3.04842507317183,43.090262527255,500,"cbnmed"
"198",24492929,"Convolvulus lanuginosus",1,"2014-05-03",2.80959606764657,42.7679258594647,500,"cbnmed"
"199",24493270,"Convolvulus lanuginosus",1,"2014-05-03",2.81056231676535,42.7628712783482,500,"cbnmed"
"200",4083631,"Convolvulus lanuginosus",1,"2014-07-04",5.75530671177283,43.2365368038326,10,"cbnmed"
"201",36593190,"Convolvulus lanuginosus",1,"2015-04-22",5.7515210590285,43.2306180374562,10,"cbnmed"
"202",8275380,"Convolvulus lanuginosus",1,"2015-05-08",5.58949393560183,43.1746273330705,10,"cbnmed"
"203",8559809,"Convolvulus lanuginosus",1,"2015-05-14",3.01985672912431,43.0208658065343,10,"cbnmed"
"204",20507208,"Convolvulus lanuginosus",1,"2015-05-19",5.72413840124518,43.2282282425771,10,"cbnmed"
"205",20507913,"Convolvulus lanuginosus",1,"2015-05-19",5.70026658723185,43.2189006278479,10,"cbnmed"
"206",8489300,"Convolvulus lanuginosus",1,"2015-11-11",5.66503954719246,43.2214322776832,10,"cbnmed"
"207",8495951,"Convolvulus lanuginosus",1,"2015-11-15",5.6853847223847,43.2130077490942,10,"cbnmed"
"208",8490948,"Convolvulus lanuginosus",1,"2015-11-15",5.69265335529128,43.2076514821059,10,"cbnmed"
"209",12656591,"Convolvulus lanuginosus",1,"2016-01-01",5.64198082752882,43.226094249002,10,"cbnmed"
"210",24925731,"Convolvulus lanuginosus",1,"2016-04-27",2.81424518512784,42.8132429235102,10,"cbnmed"
"211",24925961,"Convolvulus lanuginosus",1,"2016-04-27",2.81916487850497,42.813997666395,10,"cbnmed"
"212",12765648,"Convolvulus lanuginosus",1,"2016-05-12",3.00131116529413,43.0049850145317,500,"cbnmed"
"213",24925950,"Convolvulus lanuginosus",1,"2016-05-27",2.81754167746042,42.8175017998231,10,"cbnmed"
"214",12743455,"Convolvulus lanuginosus",1,"2016-11-20",5.68318073331324,43.1941802061361,10,"cbnmed"
"215",39219060,"Convolvulus lanuginosus",1,"2017-03-15",2.7403777528165,42.7845447918155,10,"cbnmed"
"216",39218932,"Convolvulus lanuginosus",1,"2017-03-15",2.74163862760903,42.7859550513658,10,"cbnmed"
"217",39221371,"Convolvulus lanuginosus",1,"2017-04-21",2.73928625626331,42.8008083833269,10,"cbnmed"
"218",23133279,"Convolvulus lanuginosus",1,"2017-04-28",2.874681012399,43.0326213492946,10,"cbnmed"
"219",23133115,"Convolvulus lanuginosus",1,"2017-04-28",2.87195508156746,43.0179135059839,500,"cbnmed"
"220",24251372,"Convolvulus lanuginosus",1,"2017-05-11",2.95372,42.9044799999999,10,"cbnmed"
"221",38336261,"Convolvulus lanuginosus",1,"2017-05-15",3.07625940590171,43.09145163748,10,"cbnmed"
"222",20782281,"Convolvulus lanuginosus",1,"2017-05-22",5.581588,43.2209909999998,10,"cbnmed"
"223",24731286,"Convolvulus lanuginosus",1,"2018-09-03",2.80085,42.77326,500,"cbnmed"
"224",23004833,"Convolvulus lanuginosus",1,"2018-11-08",5.67798229491272,43.1834103163072,10,"cbnmed"
"225",23211554,"Convolvulus lanuginosus",1,"2019-05-05",3.0511848348774,43.088651300684,10,"cbnmed"
"226",33060963,"Convolvulus lanuginosus",1,"2019-06-06",3.0116268023263,42.994363128188,10,"cbnmed"
"227",24932120,"Convolvulus lanuginosus",1,"2020-04-15",2.90102591970684,42.8396509501614,10,"cbnmed"
"228",24931930,"Convolvulus lanuginosus",1,"2020-04-28",2.88562545854118,42.8419286494432,10,"cbnmed"
"229",24922794,"Convolvulus lanuginosus",1,"2020-05-12",2.72339507887275,42.7682857650385,10,"cbnmed"
"230",24922853,"Convolvulus lanuginosus",1,"2020-05-12",2.72666907681961,42.7675838253642,10,"cbnmed"
"231",33721135,"Convolvulus lanuginosus",1,"2020-05-17",2.77379967462562,42.7898222704421,500,"cbnmed"
"232",33736445,"Convolvulus lanuginosus",1,"2020-05-17",2.78570313283324,42.7898017653075,500,"cbnmed"
"233",33721849,"Convolvulus lanuginosus",1,"2020-05-19",2.78390978489552,42.8006288858418,10,"cbnmed"
"234",33720696,"Convolvulus lanuginosus",1,"2020-05-19",2.75298690974121,42.7805148112594,500,"cbnmed"
"235",33724762,"Convolvulus lanuginosus",1,"2020-06-05",2.77257667180229,42.752941158796,10,"cbnmed"
"236",33726415,"Convolvulus lanuginosus",1,"2020-06-05",2.73795976626901,42.753585169983,500,"cbnmed"
"237",37495180,"Convolvulus lanuginosus",1,"2021-04-15",5.80636271888783,43.2274988852701,10,"cbnmed"
"238",33617760,"Convolvulus lanuginosus",1,"2021-05-19",3.1407339,43.1703797,10,"cbnmed"
"239",36076934,"Convolvulus lanuginosus",1,"2022-01-26",5.79706,43.1538,10,"cbnmed"
"240",39018396,"Convolvulus lanuginosus",1,"2022-05-24",5.58309264075079,43.2119767666994,10,"cbnmed"
"241",38315403,"Convolvulus lanuginosus",1,"2023-04-05",5.193426,43.331862,10,"cbnmed"
"242",38322722,"Convolvulus lanuginosus",1,"2023-05-11",2.820128,42.995807,10,"cbnmed"
"243",39934933,"Convolvulus lanuginosus",1,"2023-05-30",2.75192269786024,42.7936313752545,10,"cbnmed"
"244",39938792,"Convolvulus lanuginosus",1,"2024-06-03",2.72924757706613,42.7948983153528,10,"cbnmed"
"245",40804298,"Convolvulus lanuginosus",1,"2024-12-22",5.74617,43.2302,10,"cbnmed"
"246",1501275298,"Convolvulus lanuginosus",1,"1990-03-04",-0.94,39.41,707,"gbif"
"247",1501075367,"Convolvulus lanuginosus",1,"1990-03-16",-0.35,39.11,707,"gbif"
"248",30859602,"Convolvulus lanuginosus",1,"1990-03-17",-1.84,37.15,707,"gbif"
"249",3033731456,"Convolvulus lanuginosus",1,"1990-04-12",1.95,41.38,371,"gbif"
"250",318108243,"Convolvulus lanuginosus",1,"1990-04-22",-0.04,38.66,707,"gbif"
"251",318108465,"Convolvulus lanuginosus",1,"1990-05-19",-0.2,38.65,707,"gbif"
"252",199469796,"Convolvulus lanuginosus",1,"1990-05-29",-4.39,36.76,707,"gbif"
"253",895204143,"Convolvulus lanuginosus",1,"1990-06-09",-0.46,39.71,71,"gbif"
"254",3033720519,"Convolvulus lanuginosus",1,"1991-03-28",0.16,40.88,707,"gbif"
"255",318108462,"Convolvulus lanuginosus",1,"1991-04-05",-0.18,38.55,707,"gbif"
"256",3855076637,"Convolvulus lanuginosus",1,"1991-04-30",-2.02,36.89,707,"gbif"
"257",3713855854,"Convolvulus lanuginosus",1,"1991-05-05",-2.17,37.34,707,"gbif"
"258",318108463,"Convolvulus lanuginosus",1,"1991-05-18",-0.1,38.71,707,"gbif"
"259",1501075567,"Convolvulus lanuginosus",1,"1991-05-24",-0.92,39.76,707,"gbif"
"260",895282991,"Convolvulus lanuginosus",1,"1991-06-15",0.02,40.29,707,"gbif"
"261",1501075522,"Convolvulus lanuginosus",1,"1991-06-15",0.03,40.31,707,"gbif"
"262",318108263,"Convolvulus lanuginosus",1,"1992-04-17",-0.06,38.72,707,"gbif"
"263",30859754,"Convolvulus lanuginosus",1,"1992-05-15",-2.62,37.27,707,"gbif"
"264",2597220492,"Convolvulus lanuginosus",1,"1992-05-25",-4.72,36.94,707,"gbif"
"265",4040504319,"Convolvulus lanuginosus",1,"1992-07-15",0.22,38.73,707,"gbif"
"266",1502126783,"Convolvulus lanuginosus",1,"1992-11-08",-0.52,39.43,707,"gbif"
"267",895282979,"Convolvulus lanuginosus",1,"1993-05-01",3e-05,40.34,100,"gbif"
"268",318108433,"Convolvulus lanuginosus",1,"1993-05-16",-0.72,38.47,707,"gbif"
"269",318108368,"Convolvulus lanuginosus",1,"1993-05-30",-0.91,38.25,707,"gbif"
"270",1500425589,"Convolvulus lanuginosus",1,"1993-06-05",-0.32,39.83,707,"gbif"
"271",1501275241,"Convolvulus lanuginosus",1,"1993-06-06",0.02,38.64,707,"gbif"
"272",1500426020,"Convolvulus lanuginosus",1,"1993-06-06",-0.49,39.93,707,"gbif"
"273",1501275388,"Convolvulus lanuginosus",1,"1994-04-09",-0.1,38.72,707,"gbif"
"274",318108477,"Convolvulus lanuginosus",1,"1994-05-01",-0.84,38.59,707,"gbif"
"275",895225475,"Convolvulus lanuginosus",1,"1994-05-05",-1.42,41.47,707,"gbif"
"276",30859760,"Convolvulus lanuginosus",1,"1994-05-06",-2.1,36.76,707,"gbif"
"277",895285953,"Convolvulus lanuginosus",1,"1994-05-10",-0.79,38.4,707,"gbif"
"278",1501275340,"Convolvulus lanuginosus",1,"1994-05-14",-0.31,38.8,707,"gbif"
"279",30859756,"Convolvulus lanuginosus",1,"1994-05-16",-2.14,37.36,707,"gbif"
"280",318107943,"Convolvulus lanuginosus",1,"1994-05-17",0.2,42.19,707,"gbif"
"281",318107863,"Convolvulus lanuginosus",1,"1994-05-17",-0.76,38.44,707,"gbif"
"282",318107859,"Convolvulus lanuginosus",1,"1994-05-21",-0.86,38.29,707,"gbif"
"283",895212276,"Convolvulus lanuginosus",1,"1994-05-22",1.89,41.57,707,"gbif"
"284",2521418212,"Convolvulus lanuginosus",1,"1994-05-22",1.89,41.578,707.11,"gbif"
"285",3713868817,"Convolvulus lanuginosus",1,"1994-05-25",-2.67,37.18,707,"gbif"
"286",5085215748,"Convolvulus lanuginosus",1,"1994-06-04",-3.69,37.57,707,"gbif"
"287",1501275323,"Convolvulus lanuginosus",1,"1994-09-18",-0.79,39.33,707,"gbif"
"288",1501210502,"Convolvulus lanuginosus",1,"1994-09-25",-0.58,39.65,707,"gbif"
"289",1501913005,"Convolvulus lanuginosus",1,"1994-10-12",-0.63,39.8,707,"gbif"
"290",1501907226,"Convolvulus lanuginosus",1,"1994-10-12",-0.6,39.92,707,"gbif"
"291",1501907205,"Convolvulus lanuginosus",1,"1994-10-12",-0.58,39.92,707,"gbif"
"292",1501907184,"Convolvulus lanuginosus",1,"1994-10-12",-0.57,39.92,707,"gbif"
"293",1501189432,"Convolvulus lanuginosus",1,"1994-10-12",-0.66,39.81,707,"gbif"
"294",1501162847,"Convolvulus lanuginosus",1,"1994-10-12",-0.63,39.82,707,"gbif"
"295",1501162828,"Convolvulus lanuginosus",1,"1994-10-12",-0.66,39.82,707,"gbif"
"296",1501162066,"Convolvulus lanuginosus",1,"1994-10-12",-0.67,39.9,707,"gbif"
"297",1501158409,"Convolvulus lanuginosus",1,"1994-10-12",-0.62,39.81,707,"gbif"
"298",1501154395,"Convolvulus lanuginosus",1,"1994-10-12",-0.63,39.81,707,"gbif"
"299",1501076593,"Convolvulus lanuginosus",1,"1994-10-12",-0.67,39.82,707,"gbif"
"300",1851325160,"Convolvulus lanuginosus",1,"1995-04-08",-0.107,38.728,707,"gbif"
"301",2960591374,"Convolvulus lanuginosus",1,"1995-04-10",-0.05,38.708,707.11,"gbif"
"302",4040999600,"Convolvulus lanuginosus",1,"1995-04-19",-0.61,39.14,707,"gbif"
"303",3713842363,"Convolvulus lanuginosus",1,"1995-04-21",-2.65,36.87,707,"gbif"
"304",3799432702,"Convolvulus lanuginosus",1,"1995-06-03",-2.41,37.41,707,"gbif"
"305",1501076947,"Convolvulus lanuginosus",1,"1995-06-08",-1.38,40.04,707,"gbif"
"306",1501892889,"Convolvulus lanuginosus",1,"1996-03-19",-0.27,39.8,707,"gbif"
"307",1501892852,"Convolvulus lanuginosus",1,"1996-03-19",-0.26,39.79,707,"gbif"
"308",1501881407,"Convolvulus lanuginosus",1,"1996-03-19",-0.23,39.8,707,"gbif"
"309",1501203469,"Convolvulus lanuginosus",1,"1996-03-19",-0.3,39.76,707,"gbif"
"310",1501185627,"Convolvulus lanuginosus",1,"1996-03-19",-0.3,39.77,707,"gbif"
"311",1501185617,"Convolvulus lanuginosus",1,"1996-03-19",-0.29,39.76,707,"gbif"
"312",1501167569,"Convolvulus lanuginosus",1,"1996-03-19",-0.25,39.8,707,"gbif"
"313",1501167558,"Convolvulus lanuginosus",1,"1996-03-19",-0.26,39.8,707,"gbif"
"314",1501153698,"Convolvulus lanuginosus",1,"1996-03-19",-0.25,39.81,707,"gbif"
"315",1501106886,"Convolvulus lanuginosus",1,"1996-03-19",-0.24,39.76,707,"gbif"
"316",1501106882,"Convolvulus lanuginosus",1,"1996-03-19",-0.22,39.76,707,"gbif"
"317",1501275235,"Convolvulus lanuginosus",1,"1996-03-23",0.41,40.48,707,"gbif"
"318",1501275221,"Convolvulus lanuginosus",1,"1996-03-23",0.2,40.41,707,"gbif"
"319",1501275263,"Convolvulus lanuginosus",1,"1996-03-24",0.34,40.56,707,"gbif"
"320",1501275234,"Convolvulus lanuginosus",1,"1996-03-24",0.2,40.63,707,"gbif"
"321",1501077480,"Convolvulus lanuginosus",1,"1996-04-05",-0.01,40.04,707,"gbif"
"322",895143918,"Convolvulus lanuginosus",1,"1996-04-07",-0.5,39.31,707,"gbif"
"323",895291290,"Convolvulus lanuginosus",1,"1996-04-11",-0.93,39.67,707,"gbif"
"324",1500832033,"Convolvulus lanuginosus",1,"1996-04-11",-0.93,39.69,707,"gbif"
"325",318107936,"Convolvulus lanuginosus",1,"1996-04-14",-0.07,38.66,707,"gbif"
"326",895248119,"Convolvulus lanuginosus",1,"1996-04-18",-0.36,39.78,707,"gbif"
"327",1500869949,"Convolvulus lanuginosus",1,"1996-04-18",-0.37,39.79,707,"gbif"
"328",895144151,"Convolvulus lanuginosus",1,"1996-05-01",-1.5,39.52,707,"gbif"
"329",318107942,"Convolvulus lanuginosus",1,"1996-05-05",-0.96,38.14,707,"gbif"
"330",1501275289,"Convolvulus lanuginosus",1,"1996-05-05",-1.07,39.37,707,"gbif"
"331",1501275283,"Convolvulus lanuginosus",1,"1996-05-05",-1.08,39.38,707,"gbif"
"332",1500992837,"Convolvulus lanuginosus",1,"1996-05-08",-0.72,39.34,707,"gbif"
"333",1500992094,"Convolvulus lanuginosus",1,"1996-05-08",-0.7,39.31,707,"gbif"
"334",1501953500,"Convolvulus lanuginosus",1,"1996-05-12",-0.5,39.93,707,"gbif"
"335",1501928017,"Convolvulus lanuginosus",1,"1996-05-12",-0.51,39.93,707,"gbif"
"336",1501907233,"Convolvulus lanuginosus",1,"1996-05-12",-0.51,39.92,707,"gbif"
"337",1500443489,"Convolvulus lanuginosus",1,"1996-05-12",-0.51,39.9,707,"gbif"
"338",3713850608,"Convolvulus lanuginosus",1,"1996-05-18",-2.81,36.84,707,"gbif"
"339",318107937,"Convolvulus lanuginosus",1,"1996-05-18",-0.95,38.39,707,"gbif"
"340",1500896810,"Convolvulus lanuginosus",1,"1996-05-18",-0.49,39.01,707,"gbif"
"341",1500430237,"Convolvulus lanuginosus",1,"1996-05-18",-0.33,39.82,707,"gbif"
"342",1500430146,"Convolvulus lanuginosus",1,"1996-05-18",-0.35,39.83,707,"gbif"
"343",3713856123,"Convolvulus lanuginosus",1,"1996-05-24",-2.7,36.87,707,"gbif"
"344",1501138810,"Convolvulus lanuginosus",1,"1996-05-25",-0.39,39.71,707,"gbif"
"345",1501124004,"Convolvulus lanuginosus",1,"1996-05-25",-0.4,39.7,707,"gbif"
"346",1501077477,"Convolvulus lanuginosus",1,"1996-05-26",-0.7,39.91,707,"gbif"
"347",1500431102,"Convolvulus lanuginosus",1,"1996-05-26",-0.62,39.92,707,"gbif"
"348",1500992434,"Convolvulus lanuginosus",1,"1996-05-31",-0.77,38.95,707,"gbif"
"349",1501120952,"Convolvulus lanuginosus",1,"1996-06-02",-0.38,40.1,707,"gbif"
"350",1500984154,"Convolvulus lanuginosus",1,"1996-06-05",-0.64,39.09,707,"gbif"
"351",1500983961,"Convolvulus lanuginosus",1,"1996-06-05",-0.6,39.14,707,"gbif"
"352",1500982378,"Convolvulus lanuginosus",1,"1996-06-05",-0.5,39.27,707,"gbif"
"353",1500981589,"Convolvulus lanuginosus",1,"1996-06-05",-0.5,39.29,707,"gbif"
"354",1501907236,"Convolvulus lanuginosus",1,"1996-06-12",-0.5,39.88,707,"gbif"
"355",1501907221,"Convolvulus lanuginosus",1,"1996-06-12",-0.51,39.88,707,"gbif"
"356",1501204049,"Convolvulus lanuginosus",1,"1996-06-12",-0.53,39.89,707,"gbif"
"357",1500992497,"Convolvulus lanuginosus",1,"1996-06-12",-0.37,39,707,"gbif"
"358",1501077493,"Convolvulus lanuginosus",1,"1996-06-15",-0.32,40.03,707,"gbif"
"359",1500431883,"Convolvulus lanuginosus",1,"1996-06-15",-0.35,40.03,707,"gbif"
"360",5085215805,"Convolvulus lanuginosus",1,"1996-06-19",-3,38.06,707,"gbif"
"361",3829882190,"Convolvulus lanuginosus",1,"1996-06-19",0.1988369,42.1888962,707,"gbif"
"362",1500984839,"Convolvulus lanuginosus",1,"1996-06-26",-0.48,38.98,707,"gbif"
"363",1500983976,"Convolvulus lanuginosus",1,"1996-06-26",-0.37,38.99,707,"gbif"
"364",1500981656,"Convolvulus lanuginosus",1,"1996-07-03",-0.65,38.96,707,"gbif"
"365",1500896511,"Convolvulus lanuginosus",1,"1996-07-03",-0.64,38.87,707,"gbif"
"366",1500433458,"Convolvulus lanuginosus",1,"1996-08-03",-0.27,40.07,707,"gbif"
"367",1501899423,"Convolvulus lanuginosus",1,"1996-09-13",-0.27,39.78,707,"gbif"
"368",1501899379,"Convolvulus lanuginosus",1,"1996-09-13",-0.29,39.78,707,"gbif"
"369",1501891974,"Convolvulus lanuginosus",1,"1996-09-13",-0.26,39.78,707,"gbif"
"370",1500833924,"Convolvulus lanuginosus",1,"1996-11-25",-0.85,39.6,707,"gbif"
"371",1501275281,"Convolvulus lanuginosus",1,"1996-12-14",-1.11,39.25,707,"gbif"
"372",1501275286,"Convolvulus lanuginosus",1,"1997-02-08",-0.84,39.13,707,"gbif"
"373",1501275314,"Convolvulus lanuginosus",1,"1997-02-15",-0.83,39.31,707,"gbif"
"374",1501275288,"Convolvulus lanuginosus",1,"1997-02-15",-1.08,39.19,707,"gbif"
"375",1501275278,"Convolvulus lanuginosus",1,"1997-02-15",-1.08,39.2,707,"gbif"
"376",1501275277,"Convolvulus lanuginosus",1,"1997-02-15",-1.15,39.17,707,"gbif"
"377",1501275260,"Convolvulus lanuginosus",1,"1997-02-15",-1.14,39.18,707,"gbif"
"378",30859075,"Convolvulus lanuginosus",1,"1997-03-21",-4.78,36.95,707,"gbif"
"379",1500869857,"Convolvulus lanuginosus",1,"1997-04-04",-0.7,38.74,707,"gbif"
"380",318108136,"Convolvulus lanuginosus",1,"1997-04-12",-3.67,36.81,707,"gbif"
"381",318108293,"Convolvulus lanuginosus",1,"1997-04-22",-1.77,38.36,707,"gbif"
"382",1500868303,"Convolvulus lanuginosus",1,"1997-04-24",-0.8,39.42,707,"gbif"
"383",318108151,"Convolvulus lanuginosus",1,"1997-05-05",-0.47,38.46,707,"gbif"
"384",318108134,"Convolvulus lanuginosus",1,"1997-05-06",-0.59,38.36,707,"gbif"
"385",1500984116,"Convolvulus lanuginosus",1,"1997-05-06",-0.92,39.19,707,"gbif"
"386",1500983044,"Convolvulus lanuginosus",1,"1997-05-06",-0.8,39.26,707,"gbif"
"387",1500896231,"Convolvulus lanuginosus",1,"1997-05-13",-0.81,39.16,707,"gbif"
"388",30859109,"Convolvulus lanuginosus",1,"1997-05-16",-4.74,36.93,707,"gbif"
"389",1500869130,"Convolvulus lanuginosus",1,"1997-05-22",-0.84,39.1,707,"gbif"
"390",895144440,"Convolvulus lanuginosus",1,"1997-05-24",0.18,38.73,707,"gbif"
"391",1501004118,"Convolvulus lanuginosus",1,"1997-06-03",-0.78,38.99,707,"gbif"
"392",1500993206,"Convolvulus lanuginosus",1,"1997-06-03",-0.73,39,707,"gbif"
"393",1500984625,"Convolvulus lanuginosus",1,"1997-06-10",-0.92,38.96,707,"gbif"
"394",1500983852,"Convolvulus lanuginosus",1,"1997-06-10",-0.91,38.92,707,"gbif"
"395",1500981683,"Convolvulus lanuginosus",1,"1997-06-26",-0.9,39.8,707,"gbif"
"396",1500870523,"Convolvulus lanuginosus",1,"1997-07-01",-1.06,39.66,707,"gbif"
"397",1500868599,"Convolvulus lanuginosus",1,"1997-07-08",-1.04,39.82,707,"gbif"
"398",1501008611,"Convolvulus lanuginosus",1,"1997-07-10",-0.87,39.71,707,"gbif"
"399",1501009025,"Convolvulus lanuginosus",1,"1997-07-17",-0.77,38.89,707,"gbif"
"400",1501009106,"Convolvulus lanuginosus",1,"1997-07-24",-0.59,38.7,707,"gbif"
"401",1501009072,"Convolvulus lanuginosus",1,"1997-07-24",-0.78,38.75,707,"gbif"
"402",1501008976,"Convolvulus lanuginosus",1,"1997-07-24",-0.58,38.71,707,"gbif"
"403",1500478950,"Convolvulus lanuginosus",1,"1998-02-05",-0.46,40.07,707,"gbif"
"404",30859172,"Convolvulus lanuginosus",1,"1998-04-08",-4.53,36.65,707,"gbif"
"405",2529355356,"Convolvulus lanuginosus",1,"1998-04-15",-1.662941,38.438222,8,"gbif"
"406",318108188,"Convolvulus lanuginosus",1,"1998-04-16",-0.58,38.45,707,"gbif"
"407",1500764853,"Convolvulus lanuginosus",1,"1998-04-16",0.52,40.52,707,"gbif"
"408",1500764773,"Convolvulus lanuginosus",1,"1998-04-16",0.52,40.51,707,"gbif"
"409",318108190,"Convolvulus lanuginosus",1,"1998-04-20",-0.6,38.43,707,"gbif"
"410",318108195,"Convolvulus lanuginosus",1,"1998-05-26",-0.61,38.47,707,"gbif"
"411",1501009663,"Convolvulus lanuginosus",1,"1998-06-11",-0.34,39.13,707,"gbif"
"412",895313660,"Convolvulus lanuginosus",1,"1998-06-27",-0.85,38.28,707,"gbif"
"413",1500480702,"Convolvulus lanuginosus",1,"1998-09-01",-0.11,40.02,707,"gbif"
"414",1500480660,"Convolvulus lanuginosus",1,"1998-09-01",-0.28,40.09,707,"gbif"
"415",1500480786,"Convolvulus lanuginosus",1,"1998-09-10",0.03,40.07,707,"gbif"
"416",1501918800,"Convolvulus lanuginosus",1,"1999-01-24",-0.59,39.5,707,"gbif"
"417",1501887235,"Convolvulus lanuginosus",1,"1999-01-24",-0.64,39.55,707,"gbif"
"418",1501169862,"Convolvulus lanuginosus",1,"1999-01-24",-0.57,39.5,707,"gbif"
"419",4040555835,"Convolvulus lanuginosus",1,"1999-03-05",-0.86,38.27,707,"gbif"
"420",4040551727,"Convolvulus lanuginosus",1,"1999-03-05",-0.86,38.28,707,"gbif"
"421",4040827606,"Convolvulus lanuginosus",1,"1999-03-25",-0.52,38.21,707,"gbif"
"422",895145711,"Convolvulus lanuginosus",1,"1999-04-17",-0.49,39.52,707,"gbif"
"423",30859224,"Convolvulus lanuginosus",1,"1999-05-02",-4.56,37,707,"gbif"
"424",4040922767,"Convolvulus lanuginosus",1,"1999-05-04",0.03,38.63,707,"gbif"
"425",199470119,"Convolvulus lanuginosus",1,"1999-05-18",-5.57,36.53,707,"gbif"
"426",1500522292,"Convolvulus lanuginosus",1,"1999-05-20",-0.79,38.97,707,"gbif"
"427",1851575958,"Convolvulus lanuginosus",1,"2000-03-15",-0.99,38.53,707,"gbif"
"428",3829875652,"Convolvulus lanuginosus",1,"2000-04-24",0.0088948,38.6288203,707,"gbif"
"429",895219803,"Convolvulus lanuginosus",1,"2000-05-06",-0.51,39.54,707,"gbif"
"430",1501275304,"Convolvulus lanuginosus",1,"2000-05-14",-0.85,38.91,707,"gbif"
"431",1501275293,"Convolvulus lanuginosus",1,"2000-05-14",-0.85,38.92,707,"gbif"
"432",3855047996,"Convolvulus lanuginosus",1,"2000-05-25",-3.67,36.83,707,"gbif"
"433",2521403086,"Convolvulus lanuginosus",1,"2000-05-25",-3.678,36.833,707.11,"gbif"
"434",3855085193,"Convolvulus lanuginosus",1,"2000-06-01",-3.6,36.95,707,"gbif"
"435",3855061497,"Convolvulus lanuginosus",1,"2000-06-05",-3.6,37.02,707,"gbif"
"436",895223221,"Convolvulus lanuginosus",1,"2000-06-07",-3.89,37.32,707,"gbif"
"437",1501939259,"Convolvulus lanuginosus",1,"2000-11-12",-0.37,39.62,707,"gbif"
"438",1501187712,"Convolvulus lanuginosus",1,"2000-11-12",-0.38,39.62,707,"gbif"
"439",1501150104,"Convolvulus lanuginosus",1,"2000-11-12",-0.37,39.63,707,"gbif"
"440",1501150094,"Convolvulus lanuginosus",1,"2000-11-12",-0.38,39.63,707,"gbif"
"441",1500907072,"Convolvulus lanuginosus",1,"2000-11-19",-0.74,39.77,707,"gbif"
"442",1501204063,"Convolvulus lanuginosus",1,"2000-12-06",-0.51,39.89,707,"gbif"
"443",1501106893,"Convolvulus lanuginosus",1,"2001-01-21",-0.42,39.94,707,"gbif"
"444",1501106845,"Convolvulus lanuginosus",1,"2001-01-21",-0.43,39.95,707,"gbif"
"445",1501977420,"Convolvulus lanuginosus",1,"2001-01-28",-0.63,39.73,707,"gbif"
"446",1501873793,"Convolvulus lanuginosus",1,"2001-01-28",-0.63,39.74,707,"gbif"
"447",1501873233,"Convolvulus lanuginosus",1,"2001-01-28",-0.61,39.74,707,"gbif"
"448",1501870950,"Convolvulus lanuginosus",1,"2001-01-28",-0.61,39.73,707,"gbif"
"449",1501860481,"Convolvulus lanuginosus",1,"2001-01-28",-0.63,39.72,707,"gbif"
"450",1500910428,"Convolvulus lanuginosus",1,"2001-01-28",-0.67,39.75,707,"gbif"
"451",1501275350,"Convolvulus lanuginosus",1,"2001-02-11",-0.75,38.86,707,"gbif"
"452",1501905935,"Convolvulus lanuginosus",1,"2001-02-17",-0.59,39.49,707,"gbif"
"453",1501905933,"Convolvulus lanuginosus",1,"2001-02-17",-0.6,39.49,707,"gbif"
"454",1501080211,"Convolvulus lanuginosus",1,"2001-02-17",-0.57,39.43,707,"gbif"
"455",1501064020,"Convolvulus lanuginosus",1,"2001-03-01",0.32,40.35,707,"gbif"
"456",1501275285,"Convolvulus lanuginosus",1,"2001-03-11",-1.14,39.3,707,"gbif"
"457",1501275264,"Convolvulus lanuginosus",1,"2001-03-11",-1.16,39.31,707,"gbif"
"458",1501275236,"Convolvulus lanuginosus",1,"2001-03-11",-1.27,39.34,707,"gbif"
"459",1501275275,"Convolvulus lanuginosus",1,"2001-03-31",-0.77,38.72,707,"gbif"
"460",1501275270,"Convolvulus lanuginosus",1,"2001-03-31",-0.83,38.8,707,"gbif"
"461",3855081381,"Convolvulus lanuginosus",1,"2001-04-05",-3.3,36.9,707,"gbif"
"462",199470126,"Convolvulus lanuginosus",1,"2001-04-15",-4.34,36.72,300,"gbif"
"463",3855059116,"Convolvulus lanuginosus",1,"2001-04-19",-3.6,36.96,707,"gbif"
"464",1502131262,"Convolvulus lanuginosus",1,"2001-04-22",-0.46,38.83,707,"gbif"
"465",1502119622,"Convolvulus lanuginosus",1,"2001-04-22",-0.47,38.83,707,"gbif"
"466",1501275373,"Convolvulus lanuginosus",1,"2001-04-22",-0.46,38.81,707,"gbif"
"467",1501275332,"Convolvulus lanuginosus",1,"2001-04-22",-0.47,38.8,707,"gbif"
"468",1501080232,"Convolvulus lanuginosus",1,"2001-04-22",-0.46,38.82,707,"gbif"
"469",1501929264,"Convolvulus lanuginosus",1,"2001-09-30",-0.3,39.98,707,"gbif"
"470",1501184272,"Convolvulus lanuginosus",1,"2001-09-30",-0.31,39.98,707,"gbif"
"471",1501105223,"Convolvulus lanuginosus",1,"2001-09-30",-0.29,39.98,707,"gbif"
"472",1501275316,"Convolvulus lanuginosus",1,"2001-10-13",-0.89,39.47,707,"gbif"
"473",1501275258,"Convolvulus lanuginosus",1,"2001-10-21",-1.08,39.23,707,"gbif"
"474",1501121684,"Convolvulus lanuginosus",1,"2001-10-27",-0.38,40.11,707,"gbif"
"475",1501275331,"Convolvulus lanuginosus",1,"2001-11-03",-0.92,39.31,707,"gbif"
"476",1501275300,"Convolvulus lanuginosus",1,"2001-11-03",-0.89,39.32,707,"gbif"
"477",1502136703,"Convolvulus lanuginosus",1,"2001-11-25",-0.47,38.98,707,"gbif"
"478",1502114494,"Convolvulus lanuginosus",1,"2001-11-25",-0.44,38.98,707,"gbif"
"479",1501275343,"Convolvulus lanuginosus",1,"2001-12-02",-0.79,39.54,707,"gbif"
"480",1501080226,"Convolvulus lanuginosus",1,"2001-12-02",-0.78,39.54,707,"gbif"
"481",1501080176,"Convolvulus lanuginosus",1,"2001-12-02",-0.79,39.56,707,"gbif"
"482",1500807596,"Convolvulus lanuginosus",1,"2001-12-02",-0.78,39.55,707,"gbif"
"483",1501947362,"Convolvulus lanuginosus",1,"2002-02-10",-0.42,39.64,707,"gbif"
"484",1501943995,"Convolvulus lanuginosus",1,"2002-02-10",-0.44,39.65,707,"gbif"
"485",1501937073,"Convolvulus lanuginosus",1,"2002-02-10",-0.46,39.66,707,"gbif"
"486",1501937066,"Convolvulus lanuginosus",1,"2002-02-10",-0.48,39.66,707,"gbif"
"487",1501937063,"Convolvulus lanuginosus",1,"2002-02-10",-0.48,39.65,707,"gbif"
"488",1501858665,"Convolvulus lanuginosus",1,"2002-02-10",-0.44,39.64,707,"gbif"
"489",1501191816,"Convolvulus lanuginosus",1,"2002-02-10",-0.44,39.61,707,"gbif"
"490",1501165322,"Convolvulus lanuginosus",1,"2002-02-10",-0.42,39.63,707,"gbif"
"491",1501165317,"Convolvulus lanuginosus",1,"2002-02-10",-0.42,39.62,707,"gbif"
"492",1501128109,"Convolvulus lanuginosus",1,"2002-02-10",-0.44,39.62,707,"gbif"
"493",1501106871,"Convolvulus lanuginosus",1,"2002-02-10",-0.43,39.64,707,"gbif"
"494",1501093009,"Convolvulus lanuginosus",1,"2002-03-15",-0.5,39.52,707,"gbif"
"495",1501092978,"Convolvulus lanuginosus",1,"2002-03-15",-0.53,39.53,707,"gbif"
"496",1501093215,"Convolvulus lanuginosus",1,"2002-03-18",-0.49,39.51,707,"gbif"
"497",1501938523,"Convolvulus lanuginosus",1,"2002-04-07",-0.45,39.55,707,"gbif"
"498",1501123136,"Convolvulus lanuginosus",1,"2002-04-07",-0.43,39.55,707,"gbif"
"499",1501106876,"Convolvulus lanuginosus",1,"2002-04-07",-0.42,39.52,707,"gbif"
"500",1501050212,"Convolvulus lanuginosus",1,"2002-04-16",0.33,40.35,707,"gbif"
"501",1501275238,"Convolvulus lanuginosus",1,"2002-04-21",0.07,40.39,707,"gbif"
"502",1501275210,"Convolvulus lanuginosus",1,"2002-04-21",0.05,40.4,707,"gbif"
"503",1501207409,"Convolvulus lanuginosus",1,"2002-05-01",-0.39,39.66,707,"gbif"
"504",1501195310,"Convolvulus lanuginosus",1,"2002-05-01",-0.41,39.65,707,"gbif"
"505",1501187698,"Convolvulus lanuginosus",1,"2002-05-01",-0.39,39.65,707,"gbif"
"506",1501111729,"Convolvulus lanuginosus",1,"2002-05-01",-0.41,39.66,707,"gbif"
"507",1501890192,"Convolvulus lanuginosus",1,"2002-05-04",-0.64,39.6,707,"gbif"
"508",1501093611,"Convolvulus lanuginosus",1,"2002-05-15",-0.52,39.53,707,"gbif"
"509",4040882604,"Convolvulus lanuginosus",1,"2002-05-16",-0.55,38.56,707,"gbif"
"510",1501745937,"Convolvulus lanuginosus",1,"2002-05-17",-0.98,39.21,707,"gbif"
"511",1501745710,"Convolvulus lanuginosus",1,"2002-05-17",-0.96,39.2,707,"gbif"
"512",3713868237,"Convolvulus lanuginosus",1,"2002-05-24",-1.96,37.32,1,"gbif"
"513",1501093877,"Convolvulus lanuginosus",1,"2002-05-27",-0.48,39.51,707,"gbif"
"514",199470195,"Convolvulus lanuginosus",1,"2002-06-06",-5.66,36.54,707,"gbif"
"515",1501082446,"Convolvulus lanuginosus",1,"2002-06-08",-0.31,39.82,707,"gbif"
"516",1501082431,"Convolvulus lanuginosus",1,"2002-06-09",-0.98,39.51,707,"gbif"
"517",1502109100,"Convolvulus lanuginosus",1,"2002-10-11",-0.65,39.12,707,"gbif"
"518",1502104844,"Convolvulus lanuginosus",1,"2002-10-11",-0.65,39.11,707,"gbif"
"519",1501928797,"Convolvulus lanuginosus",1,"2002-11-01",-0.67,39.8,707,"gbif"
"520",1501132052,"Convolvulus lanuginosus",1,"2002-11-01",-0.66,39.8,707,"gbif"
"521",1501275351,"Convolvulus lanuginosus",1,"2002-11-03",-0.72,38.95,707,"gbif"
"522",1501893536,"Convolvulus lanuginosus",1,"2002-11-27",-0.23,40.01,707,"gbif"
"523",1501877664,"Convolvulus lanuginosus",1,"2002-11-27",-0.22,40.01,707,"gbif"
"524",1501153885,"Convolvulus lanuginosus",1,"2002-11-27",-0.23,40,707,"gbif"
"525",1501144035,"Convolvulus lanuginosus",1,"2002-11-27",-0.24,40,707,"gbif"
"526",1500860786,"Convolvulus lanuginosus",1,"2002-12-04",-0.71,39.6,707,"gbif"
"527",1501911127,"Convolvulus lanuginosus",1,"2002-12-15",-0.41,39.55,707,"gbif"
"528",1501084812,"Convolvulus lanuginosus",1,"2003-01-17",-0.91,39.65,707,"gbif"
"529",1500834082,"Convolvulus lanuginosus",1,"2003-01-17",-0.92,39.64,707,"gbif"
"530",1500832291,"Convolvulus lanuginosus",1,"2003-01-17",-0.91,39.66,707,"gbif"
"531",1502114033,"Convolvulus lanuginosus",1,"2003-02-09",-0.25,38.88,707,"gbif"
"532",1501275266,"Convolvulus lanuginosus",1,"2003-02-16",-0.84,39.54,707,"gbif"
"533",1501275339,"Convolvulus lanuginosus",1,"2003-02-22",-0.7,39.11,707,"gbif"
"534",1500915744,"Convolvulus lanuginosus",1,"2003-03-02",-1.04,39.79,707,"gbif"
"535",1501095777,"Convolvulus lanuginosus",1,"2003-03-15",-0.54,39.54,707,"gbif"
"536",1501095774,"Convolvulus lanuginosus",1,"2003-03-23",-0.53,39.54,707,"gbif"
"537",199470265,"Convolvulus lanuginosus",1,"2003-03-28",-4.31,36.71,707,"gbif"
"538",1501921400,"Convolvulus lanuginosus",1,"2003-03-30",-0.5,39.53,707,"gbif"
"539",1501921388,"Convolvulus lanuginosus",1,"2003-03-30",-0.52,39.54,707,"gbif"
"540",1501900594,"Convolvulus lanuginosus",1,"2003-03-30",-0.56,39.53,707,"gbif"
"541",1501900205,"Convolvulus lanuginosus",1,"2003-03-30",-0.57,39.53,707,"gbif"
"542",1501106944,"Convolvulus lanuginosus",1,"2003-03-30",-0.55,39.53,707,"gbif"
"543",1501106889,"Convolvulus lanuginosus",1,"2003-03-30",-0.55,39.54,707,"gbif"
"544",1501106833,"Convolvulus lanuginosus",1,"2003-03-30",-0.56,39.54,707,"gbif"
"545",1501275357,"Convolvulus lanuginosus",1,"2003-04-13",-0.8,39.09,707,"gbif"
"546",1501275310,"Convolvulus lanuginosus",1,"2003-04-13",-0.84,39.14,707,"gbif"
"547",1501275290,"Convolvulus lanuginosus",1,"2003-04-13",-0.79,39.11,707,"gbif"
"548",199470270,"Convolvulus lanuginosus",1,"2003-04-29",-4.33,36.71,707,"gbif"
"549",199470294,"Convolvulus lanuginosus",1,"2003-05-02",-3.97,36.84,707,"gbif"
"550",1501095859,"Convolvulus lanuginosus",1,"2003-05-04",-0.55,39.55,707,"gbif"
"551",1501095834,"Convolvulus lanuginosus",1,"2003-05-04",-0.56,39.55,707,"gbif"
"552",1501746828,"Convolvulus lanuginosus",1,"2003-05-08",-0.75,39.11,707,"gbif"
"553",1500851642,"Convolvulus lanuginosus",1,"2003-05-09",-0.89,39.61,707,"gbif"
"554",1500851633,"Convolvulus lanuginosus",1,"2003-05-09",-0.9,39.61,707,"gbif"
"555",199470295,"Convolvulus lanuginosus",1,"2003-05-16",-3.76,36.8,707,"gbif"
"556",199470293,"Convolvulus lanuginosus",1,"2003-05-20",-4.08,36.88,707,"gbif"
"557",1501084863,"Convolvulus lanuginosus",1,"2003-05-25",-0.92,39.62,707,"gbif"
"558",1500855237,"Convolvulus lanuginosus",1,"2003-05-25",-0.97,39.56,707,"gbif"
"559",1500855234,"Convolvulus lanuginosus",1,"2003-05-25",-0.99,39.56,707,"gbif"
"560",1500855217,"Convolvulus lanuginosus",1,"2003-05-25",-0.97,39.57,707,"gbif"
"561",1500855213,"Convolvulus lanuginosus",1,"2003-05-25",-0.9,39.62,707,"gbif"
"562",1500851097,"Convolvulus lanuginosus",1,"2003-05-25",-0.98,39.56,707,"gbif"
"563",1501750442,"Convolvulus lanuginosus",1,"2003-05-27",-0.75,39.12,707,"gbif"
"564",1501749879,"Convolvulus lanuginosus",1,"2003-05-27",-0.76,39.13,707,"gbif"
"565",1501084917,"Convolvulus lanuginosus",1,"2003-05-31",-1.24,40.06,707,"gbif"
"566",1500415692,"Convolvulus lanuginosus",1,"2003-06-12",-0.68,38.66,707,"gbif"
"567",1501747832,"Convolvulus lanuginosus",1,"2003-06-25",-0.91,39.07,707,"gbif"
"568",1501747691,"Convolvulus lanuginosus",1,"2003-06-25",-0.94,39.07,707,"gbif"
"569",1501751070,"Convolvulus lanuginosus",1,"2003-07-10",-0.98,39.1,707,"gbif"
"570",1500420665,"Convolvulus lanuginosus",1,"2003-08-06",-0.51,38.81,707,"gbif"
"571",1500432657,"Convolvulus lanuginosus",1,"2003-09-23",-0.01,38.7,707,"gbif"
"572",1500431742,"Convolvulus lanuginosus",1,"2003-09-23",-0.02,38.68,707,"gbif"
"573",4040878671,"Convolvulus lanuginosus",1,"2003-09-30",0.13,38.81,707,"gbif"
"574",1501275329,"Convolvulus lanuginosus",1,"2003-12-07",-0.79,39.4,707,"gbif"
"575",1501275326,"Convolvulus lanuginosus",1,"2003-12-07",-0.8,39.39,707,"gbif"
"576",1500422153,"Convolvulus lanuginosus",1,"2003-12-07",-0.44,38.69,707,"gbif"
"577",1500836027,"Convolvulus lanuginosus",1,"2004-01-03",-0.78,39.64,707,"gbif"
"578",1500830611,"Convolvulus lanuginosus",1,"2004-01-03",-0.78,39.63,707,"gbif"
"579",4040913878,"Convolvulus lanuginosus",1,"2004-04-07",-0.54,38.65,707,"gbif"
"580",1501275276,"Convolvulus lanuginosus",1,"2004-04-09",-0.9,38.25,707,"gbif"
"581",1501275262,"Convolvulus lanuginosus",1,"2004-04-09",-0.95,38.24,707,"gbif"
"582",1501945735,"Convolvulus lanuginosus",1,"2004-04-12",-0.45,39.53,707,"gbif"
"583",1500410409,"Convolvulus lanuginosus",1,"2004-04-19",-1,38.1,707,"gbif"
"584",1500409436,"Convolvulus lanuginosus",1,"2004-04-19",-0.99,38.1,707,"gbif"
"585",1500842342,"Convolvulus lanuginosus",1,"2004-04-25",-0.7,39.59,707,"gbif"
"586",199470308,"Convolvulus lanuginosus",1,"2004-04-29",-3.84,36.8,707,"gbif"
"587",318108393,"Convolvulus lanuginosus",1,"2004-05-01",-0.92,38.52,707,"gbif"
"588",1500832508,"Convolvulus lanuginosus",1,"2004-05-09",-0.91,39.63,707,"gbif"
"589",1501747200,"Convolvulus lanuginosus",1,"2004-05-20",-0.75,39.14,707,"gbif"
"590",2558247560,"Convolvulus lanuginosus",1,"2004-06-07",-0.62,39.36,71,"gbif"
"591",1501559010,"Convolvulus lanuginosus",1,"2004-06-07",-0.63,39.36,707,"gbif"
"592",1500436415,"Convolvulus lanuginosus",1,"2004-06-07",-0.63,39.37,707,"gbif"
"593",1501275334,"Convolvulus lanuginosus",1,"2004-11-01",-0.78,38.9,707,"gbif"
"594",1500860796,"Convolvulus lanuginosus",1,"2004-11-01",-0.71,39.61,707,"gbif"
"595",1501198901,"Convolvulus lanuginosus",1,"2005-03-06",-0.29,39.77,707,"gbif"
"596",1501198870,"Convolvulus lanuginosus",1,"2005-03-06",-0.27,39.77,707,"gbif"
"597",1500834413,"Convolvulus lanuginosus",1,"2005-03-19",-0.95,39.7,707,"gbif"
"598",1501951818,"Convolvulus lanuginosus",1,"2005-03-24",-0.47,39.5,707,"gbif"
"599",1501947918,"Convolvulus lanuginosus",1,"2005-03-25",-0.47,39.51,707,"gbif"
"600",1501952596,"Convolvulus lanuginosus",1,"2005-03-30",-0.48,39.52,707,"gbif"
"601",1502133224,"Convolvulus lanuginosus",1,"2005-04-02",-0.38,38.85,707,"gbif"
"602",1502124005,"Convolvulus lanuginosus",1,"2005-04-02",-0.36,38.99,707,"gbif"
"603",1502120370,"Convolvulus lanuginosus",1,"2005-04-02",-0.37,38.85,707,"gbif"
"604",1502120190,"Convolvulus lanuginosus",1,"2005-04-02",-0.38,38.99,707,"gbif"
"605",1502115439,"Convolvulus lanuginosus",1,"2005-04-02",-0.38,38.86,707,"gbif"
"606",1502115419,"Convolvulus lanuginosus",1,"2005-04-02",-0.37,38.86,707,"gbif"
"607",1501275436,"Convolvulus lanuginosus",1,"2005-04-02",-0.4,38.83,707,"gbif"
"608",3713868732,"Convolvulus lanuginosus",1,"2005-04-08",-2.62,36.87,707,"gbif"
"609",1501275362,"Convolvulus lanuginosus",1,"2005-04-09",-0.53,38.53,707,"gbif"
"610",3713856577,"Convolvulus lanuginosus",1,"2005-04-10",-1.74,37.34,707,"gbif"
"611",318108332,"Convolvulus lanuginosus",1,"2005-04-14",-1.7,37.38,707,"gbif"
"612",1501275274,"Convolvulus lanuginosus",1,"2005-04-16",-0.93,38.4,707,"gbif"
"613",1501275261,"Convolvulus lanuginosus",1,"2005-04-16",-0.98,38.41,707,"gbif"
"614",1501160235,"Convolvulus lanuginosus",1,"2005-04-23",-0.49,39.58,707,"gbif"
"615",1501275302,"Convolvulus lanuginosus",1,"2005-04-24",-1.07,39.2,707,"gbif"
"616",1501275279,"Convolvulus lanuginosus",1,"2005-04-24",-1.15,39.19,707,"gbif"
"617",1501275265,"Convolvulus lanuginosus",1,"2005-04-24",-1.15,39.2,707,"gbif"
"618",1501275244,"Convolvulus lanuginosus",1,"2005-04-24",-1.14,39.19,707,"gbif"
"619",3713857276,"Convolvulus lanuginosus",1,"2005-04-29",-2.64,36.89,707,"gbif"
"620",1501955016,"Convolvulus lanuginosus",1,"2005-05-02",-0.54,39.55,707,"gbif"
"621",1842897907,"Convolvulus lanuginosus",1,"2005-05-10",-0.004,38.725,707.11,"gbif"
"622",1500927051,"Convolvulus lanuginosus",1,"2005-05-21",-0.77,39.82,707,"gbif"
"623",1500926443,"Convolvulus lanuginosus",1,"2005-05-21",-0.77,39.81,707,"gbif"
"624",199470359,"Convolvulus lanuginosus",1,"2005-05-26",-3.9,36.76,707,"gbif"
"625",1501950844,"Convolvulus lanuginosus",1,"2005-06-15",-0.47,39.52,707,"gbif"
"626",1500436435,"Convolvulus lanuginosus",1,"2005-06-23",-0.55,39.32,707,"gbif"
"627",1500673688,"Convolvulus lanuginosus",1,"2006-03-15",-0.21,39.86,707,"gbif"
"628",1500642892,"Convolvulus lanuginosus",1,"2006-03-15",-0.24,39.86,707,"gbif"
"629",1502115019,"Convolvulus lanuginosus",1,"2006-03-26",-0.26,39.06,707,"gbif"
"630",1502114940,"Convolvulus lanuginosus",1,"2006-03-26",-0.25,39.06,707,"gbif"
"631",1502114058,"Convolvulus lanuginosus",1,"2006-03-26",-0.27,39.06,707,"gbif"
"632",1502107632,"Convolvulus lanuginosus",1,"2006-03-26",-0.28,39.06,707,"gbif"
"633",1501157551,"Convolvulus lanuginosus",1,"2006-04-21",-0.32,39.82,707,"gbif"
"634",1501154751,"Convolvulus lanuginosus",1,"2006-04-21",-0.33,39.83,707,"gbif"
"635",1500725058,"Convolvulus lanuginosus",1,"2006-04-25",-0.52,38.66,707,"gbif"
"636",1500725017,"Convolvulus lanuginosus",1,"2006-04-25",-0.51,38.66,707,"gbif"
"637",895198723,"Convolvulus lanuginosus",1,"2006-04-30",-0.56,39.43,707,"gbif"
"638",1502119955,"Convolvulus lanuginosus",1,"2006-04-30",-0.54,38.83,707,"gbif"
"639",1502119437,"Convolvulus lanuginosus",1,"2006-04-30",-0.53,38.83,707,"gbif"
"640",1502109878,"Convolvulus lanuginosus",1,"2006-04-30",-0.56,38.83,707,"gbif"
"641",1501087881,"Convolvulus lanuginosus",1,"2006-04-30",-0.67,38.79,707,"gbif"
"642",1501087868,"Convolvulus lanuginosus",1,"2006-04-30",-0.55,38.82,707,"gbif"
"643",3855038605,"Convolvulus lanuginosus",1,"2006-05-01",-3.68,37.02,707,"gbif"
"644",1501950267,"Convolvulus lanuginosus",1,"2006-05-15",-0.52,39.55,707,"gbif"
"645",1500658954,"Convolvulus lanuginosus",1,"2006-05-15",-0.66,39.29,707,"gbif"
"646",1500658910,"Convolvulus lanuginosus",1,"2006-05-16",-0.56,39.32,707,"gbif"
"647",1501275328,"Convolvulus lanuginosus",1,"2006-05-22",-0.78,39.01,707,"gbif"
"648",1501275311,"Convolvulus lanuginosus",1,"2006-05-22",-0.78,39,707,"gbif"
"649",1500651956,"Convolvulus lanuginosus",1,"2006-05-22",-0.78,39.06,707,"gbif"
"650",1500651425,"Convolvulus lanuginosus",1,"2006-05-22",-0.74,39.09,707,"gbif"
"651",1500651391,"Convolvulus lanuginosus",1,"2006-05-22",-0.72,39.08,707,"gbif"
"652",1500651388,"Convolvulus lanuginosus",1,"2006-05-22",-0.75,39.09,707,"gbif"
"653",1500650573,"Convolvulus lanuginosus",1,"2006-05-23",-0.8,39.05,707,"gbif"
"654",1500650444,"Convolvulus lanuginosus",1,"2006-05-23",-0.76,39.08,707,"gbif"
"655",1500650205,"Convolvulus lanuginosus",1,"2006-05-23",-0.8,39.04,707,"gbif"
"656",1500650173,"Convolvulus lanuginosus",1,"2006-05-23",-0.72,39.06,707,"gbif"
"657",1500652650,"Convolvulus lanuginosus",1,"2006-05-24",-0.77,39.08,707,"gbif"
"658",1500654675,"Convolvulus lanuginosus",1,"2006-05-25",-0.73,39.08,707,"gbif"
"659",1500654638,"Convolvulus lanuginosus",1,"2006-05-25",-0.71,39.06,707,"gbif"
"660",1500649979,"Convolvulus lanuginosus",1,"2006-05-25",-0.8,39.08,707,"gbif"
"661",1500649880,"Convolvulus lanuginosus",1,"2006-05-25",-0.76,39.06,707,"gbif"
"662",1500649849,"Convolvulus lanuginosus",1,"2006-05-25",-0.75,39.06,707,"gbif"
"663",1500658906,"Convolvulus lanuginosus",1,"2006-06-01",-0.27,38.99,707,"gbif"
"664",1501275320,"Convolvulus lanuginosus",1,"2006-06-04",-0.8,39.53,707,"gbif"
"665",1500820184,"Convolvulus lanuginosus",1,"2006-06-04",-0.83,39.56,707,"gbif"
"666",1500819311,"Convolvulus lanuginosus",1,"2006-06-04",-0.79,39.55,707,"gbif"
"667",1500818653,"Convolvulus lanuginosus",1,"2006-06-04",-0.83,39.57,707,"gbif"
"668",1500816547,"Convolvulus lanuginosus",1,"2006-06-04",-0.84,39.56,707,"gbif"
"669",1500813892,"Convolvulus lanuginosus",1,"2006-06-04",-0.83,39.55,707,"gbif"
"670",1500813878,"Convolvulus lanuginosus",1,"2006-06-04",-0.82,39.56,707,"gbif"
"671",1500813863,"Convolvulus lanuginosus",1,"2006-06-04",-0.81,39.56,707,"gbif"
"672",1500811560,"Convolvulus lanuginosus",1,"2006-06-04",-0.81,39.55,707,"gbif"
"673",1500809505,"Convolvulus lanuginosus",1,"2006-06-04",-0.82,39.55,707,"gbif"
"674",895193129,"Convolvulus lanuginosus",1,"2006-06-05",-0.38,39.09,707,"gbif"
"675",1501275299,"Convolvulus lanuginosus",1,"2006-06-07",-0.9,39.54,707,"gbif"
"676",1500833187,"Convolvulus lanuginosus",1,"2006-06-07",-0.9,39.56,707,"gbif"
"677",1500822871,"Convolvulus lanuginosus",1,"2006-06-07",-0.89,39.56,707,"gbif"
"678",1500811980,"Convolvulus lanuginosus",1,"2006-06-07",-0.9,39.57,707,"gbif"
"679",1500653025,"Convolvulus lanuginosus",1,"2006-06-21",-0.38,39.69,707,"gbif"
"680",1500725040,"Convolvulus lanuginosus",1,"2006-06-22",-0.57,38.65,707,"gbif"
"681",1500653039,"Convolvulus lanuginosus",1,"2006-07-06",-0.4,39.71,707,"gbif"
"682",1501452840,"Convolvulus lanuginosus",1,"2006-07-11",-0.89,38.97,707,"gbif"
"683",1500658909,"Convolvulus lanuginosus",1,"2006-07-18",-0.27,39.01,707,"gbif"
"684",1500653066,"Convolvulus lanuginosus",1,"2006-07-20",-0.42,39.69,707,"gbif"
"685",1500653078,"Convolvulus lanuginosus",1,"2006-09-07",-0.45,39.7,707,"gbif"
"686",1500653076,"Convolvulus lanuginosus",1,"2006-09-07",-0.43,39.71,707,"gbif"
"687",1500653051,"Convolvulus lanuginosus",1,"2006-09-07",-0.45,39.72,707,"gbif"
"688",4853740117,"Convolvulus lanuginosus",1,"2006-10-29",-0.37,38.98,707,"gbif"
"689",1501275371,"Convolvulus lanuginosus",1,"2006-12-10",-0.37,38.5,707,"gbif"
"690",1501275369,"Convolvulus lanuginosus",1,"2006-12-10",-0.34,38.53,707,"gbif"
"691",1501275363,"Convolvulus lanuginosus",1,"2006-12-10",-0.27,38.55,707,"gbif"
"692",1501275295,"Convolvulus lanuginosus",1,"2006-12-17",-0.91,39.43,707,"gbif"
"693",1500658911,"Convolvulus lanuginosus",1,"2007-01-18",-0.92,39.37,707,"gbif"
"694",199470392,"Convolvulus lanuginosus",1,"2007-02-06",-4.54,36.86,707,"gbif"
"695",1500743945,"Convolvulus lanuginosus",1,"2007-02-14",-0.27,38.98,707,"gbif"
"696",1500743941,"Convolvulus lanuginosus",1,"2007-02-14",-0.52,38.95,707,"gbif"
"697",1502127819,"Convolvulus lanuginosus",1,"2007-02-25",-0.24,39.18,707,"gbif"
"698",1502127778,"Convolvulus lanuginosus",1,"2007-02-25",-0.24,39.19,707,"gbif"
"699",1500743877,"Convolvulus lanuginosus",1,"2007-03-11",-0.4,38.84,707,"gbif"
"700",1500724984,"Convolvulus lanuginosus",1,"2007-03-16",-0.55,38.41,707,"gbif"
"701",1500725055,"Convolvulus lanuginosus",1,"2007-03-23",-0.59,38.43,707,"gbif"
"702",1502136765,"Convolvulus lanuginosus",1,"2007-03-25",-0.45,38.98,707,"gbif"
"703",1502136759,"Convolvulus lanuginosus",1,"2007-03-25",-0.48,38.97,707,"gbif"
"704",1502136705,"Convolvulus lanuginosus",1,"2007-03-25",-0.45,38.99,707,"gbif"
"705",1502120592,"Convolvulus lanuginosus",1,"2007-03-25",-0.34,38.88,707,"gbif"
"706",1502108808,"Convolvulus lanuginosus",1,"2007-03-25",-0.35,38.87,707,"gbif"
"707",1502108807,"Convolvulus lanuginosus",1,"2007-03-25",-0.35,38.88,707,"gbif"
"708",1502108799,"Convolvulus lanuginosus",1,"2007-03-25",-0.37,38.87,707,"gbif"
"709",1502098424,"Convolvulus lanuginosus",1,"2007-03-25",-0.37,38.88,707,"gbif"
"710",1501913482,"Convolvulus lanuginosus",1,"2007-04-01",-0.64,39.56,707,"gbif"
"711",1501913454,"Convolvulus lanuginosus",1,"2007-04-01",-0.65,39.55,707,"gbif"
"712",1500724997,"Convolvulus lanuginosus",1,"2007-04-08",-0.56,38.64,707,"gbif"
"713",1502127978,"Convolvulus lanuginosus",1,"2007-04-22",-0.17,39.91,707,"gbif"
"714",1502123432,"Convolvulus lanuginosus",1,"2007-04-22",-0.19,39.8,707,"gbif"
"715",1502123325,"Convolvulus lanuginosus",1,"2007-04-22",-0.19,39.81,707,"gbif"
"716",1502120778,"Convolvulus lanuginosus",1,"2007-04-22",-0.19,39.78,707,"gbif"
"717",1501909327,"Convolvulus lanuginosus",1,"2007-04-22",-0.2,39.81,707,"gbif"
"718",1501909319,"Convolvulus lanuginosus",1,"2007-04-22",-0.2,39.8,707,"gbif"
"719",1501881557,"Convolvulus lanuginosus",1,"2007-04-22",-0.21,39.78,707,"gbif"
"720",1501186175,"Convolvulus lanuginosus",1,"2007-04-22",-0.2,39.78,707,"gbif"
"721",1501183505,"Convolvulus lanuginosus",1,"2007-04-22",-0.2,39.79,707,"gbif"
"722",1500670663,"Convolvulus lanuginosus",1,"2007-04-26",-0.75,38.84,707,"gbif"
"723",1500670625,"Convolvulus lanuginosus",1,"2007-04-26",-0.75,38.85,707,"gbif"
"724",1501748980,"Convolvulus lanuginosus",1,"2007-05-03",-0.99,39.22,707,"gbif"
"725",895200861,"Convolvulus lanuginosus",1,"2007-05-18",-0.68,39.59,707,"gbif"
"726",1502138525,"Convolvulus lanuginosus",1,"2007-05-29",-0.28,39.07,707,"gbif"
"727",1502138161,"Convolvulus lanuginosus",1,"2007-05-29",-0.27,39.07,707,"gbif"
"728",1502119751,"Convolvulus lanuginosus",1,"2007-05-29",-0.29,39.07,707,"gbif"
"729",1502098217,"Convolvulus lanuginosus",1,"2007-05-29",-0.27,39.08,707,"gbif"
"730",1500748033,"Convolvulus lanuginosus",1,"2007-06-04",-0.41,40.2,707,"gbif"
"731",1500748030,"Convolvulus lanuginosus",1,"2007-06-04",-0.4,40.18,707,"gbif"
"732",1500725047,"Convolvulus lanuginosus",1,"2007-06-04",-0.71,38.67,707,"gbif"
"733",1500748741,"Convolvulus lanuginosus",1,"2007-06-06",-0.37,40.2,707,"gbif"
"734",1500743917,"Convolvulus lanuginosus",1,"2007-06-22",-0.27,38.93,707,"gbif"
"735",1500725083,"Convolvulus lanuginosus",1,"2007-06-22",-0.5,38.67,707,"gbif"
"736",1500725061,"Convolvulus lanuginosus",1,"2007-06-22",-0.49,38.67,707,"gbif"
"737",1500725057,"Convolvulus lanuginosus",1,"2007-06-22",-0.51,38.67,707,"gbif"
"738",1500739526,"Convolvulus lanuginosus",1,"2007-06-26",-0.89,39.44,707,"gbif"
"739",1500739510,"Convolvulus lanuginosus",1,"2007-06-26",-0.9,39.44,707,"gbif"
"740",1500739501,"Convolvulus lanuginosus",1,"2007-06-26",-0.89,39.42,707,"gbif"
"741",1500739474,"Convolvulus lanuginosus",1,"2007-06-26",-0.9,39.42,707,"gbif"
"742",1500739463,"Convolvulus lanuginosus",1,"2007-06-26",-0.91,39.42,707,"gbif"
"743",1500725039,"Convolvulus lanuginosus",1,"2007-06-27",-0.51,38.6,707,"gbif"
"744",1500743976,"Convolvulus lanuginosus",1,"2007-07-24",-0.36,39,707,"gbif"
"745",1500725016,"Convolvulus lanuginosus",1,"2007-07-29",-0.47,38.74,707,"gbif"
"746",1500667858,"Convolvulus lanuginosus",1,"2007-09-05",-0.91,39.55,707,"gbif"
"747",1501932775,"Convolvulus lanuginosus",1,"2007-11-01",-0.54,39.63,707,"gbif"
"748",1501881699,"Convolvulus lanuginosus",1,"2007-11-01",-0.54,39.61,707,"gbif"
"749",1501881681,"Convolvulus lanuginosus",1,"2007-11-01",-0.54,39.62,707,"gbif"
"750",1501907262,"Convolvulus lanuginosus",1,"2007-11-18",-0.38,39.79,707,"gbif"
"751",1501907251,"Convolvulus lanuginosus",1,"2007-11-18",-0.41,39.82,707,"gbif"
"752",1501907248,"Convolvulus lanuginosus",1,"2007-11-18",-0.4,39.81,707,"gbif"
"753",1501907227,"Convolvulus lanuginosus",1,"2007-11-18",-0.44,39.83,707,"gbif"
"754",1502136043,"Convolvulus lanuginosus",1,"2007-11-22",-0.24,38.89,707,"gbif"
"755",1502136021,"Convolvulus lanuginosus",1,"2007-11-22",-0.25,38.89,707,"gbif"
"756",1502102327,"Convolvulus lanuginosus",1,"2007-11-22",-0.25,38.9,707,"gbif"
"757",1502125615,"Convolvulus lanuginosus",1,"2007-11-25",-0.23,38.91,707,"gbif"
"758",1502116711,"Convolvulus lanuginosus",1,"2007-11-25",-0.23,38.9,707,"gbif"
"759",1502107996,"Convolvulus lanuginosus",1,"2007-11-25",-0.24,38.91,707,"gbif"
"760",1502102330,"Convolvulus lanuginosus",1,"2007-11-25",-0.24,38.9,707,"gbif"
"761",1502123237,"Convolvulus lanuginosus",1,"2007-12-02",-0.18,40.03,707,"gbif"
"762",1502123225,"Convolvulus lanuginosus",1,"2007-12-02",-0.18,40.02,707,"gbif"
"763",1502107707,"Convolvulus lanuginosus",1,"2007-12-02",-0.17,40.03,707,"gbif"
"764",1501206512,"Convolvulus lanuginosus",1,"2007-12-02",-0.23,40.02,707,"gbif"
"765",1501206500,"Convolvulus lanuginosus",1,"2007-12-02",-0.23,40.03,707,"gbif"
"766",1501206466,"Convolvulus lanuginosus",1,"2007-12-02",-0.25,40.02,707,"gbif"
"767",1501203373,"Convolvulus lanuginosus",1,"2007-12-02",-0.24,40.03,707,"gbif"
"768",1501209536,"Convolvulus lanuginosus",1,"2008-01-06",-0.52,39.73,707,"gbif"
"769",1501195916,"Convolvulus lanuginosus",1,"2008-01-06",-0.53,39.74,707,"gbif"
"770",1501170286,"Convolvulus lanuginosus",1,"2008-01-06",-0.53,39.72,707,"gbif"
"771",1501170279,"Convolvulus lanuginosus",1,"2008-01-06",-0.53,39.7,707,"gbif"
"772",1501170274,"Convolvulus lanuginosus",1,"2008-01-06",-0.53,39.73,707,"gbif"
"773",1501170235,"Convolvulus lanuginosus",1,"2008-01-06",-0.53,39.71,707,"gbif"
"774",1501950718,"Convolvulus lanuginosus",1,"2008-02-03",-0.62,39.6,707,"gbif"
"775",1501950666,"Convolvulus lanuginosus",1,"2008-02-03",-0.63,39.6,707,"gbif"
"776",1501930706,"Convolvulus lanuginosus",1,"2008-02-03",-0.64,39.61,707,"gbif"
"777",1500849150,"Convolvulus lanuginosus",1,"2008-02-03",-0.77,39.64,707,"gbif"
"778",1500845941,"Convolvulus lanuginosus",1,"2008-02-03",-0.68,39.61,707,"gbif"
"779",1500843498,"Convolvulus lanuginosus",1,"2008-02-03",-0.76,39.66,707,"gbif"
"780",1500830755,"Convolvulus lanuginosus",1,"2008-02-03",-0.76,39.64,707,"gbif"
"781",1500829809,"Convolvulus lanuginosus",1,"2008-02-03",-0.74,39.66,707,"gbif"
"782",1500828916,"Convolvulus lanuginosus",1,"2008-02-03",-0.76,39.65,707,"gbif"
"783",1500824099,"Convolvulus lanuginosus",1,"2008-02-03",-0.85,39.69,707,"gbif"
"784",1500823176,"Convolvulus lanuginosus",1,"2008-02-03",-0.74,39.65,707,"gbif"
"785",1501275387,"Convolvulus lanuginosus",1,"2008-03-19",-0.11,38.67,707,"gbif"
"786",1501275386,"Convolvulus lanuginosus",1,"2008-03-19",-0.11,38.68,707,"gbif"
"787",1501090900,"Convolvulus lanuginosus",1,"2008-03-28",-0.88,39.66,707,"gbif"
"788",1500834454,"Convolvulus lanuginosus",1,"2008-03-28",-0.9,39.67,707,"gbif"
"789",1500834451,"Convolvulus lanuginosus",1,"2008-03-28",-0.9,39.66,707,"gbif"
"790",1500834434,"Convolvulus lanuginosus",1,"2008-03-28",-0.88,39.67,707,"gbif"
"791",1501275342,"Convolvulus lanuginosus",1,"2008-03-30",-0.76,39.1,707,"gbif"
"792",1501275333,"Convolvulus lanuginosus",1,"2008-03-30",-0.77,39.09,707,"gbif"
"793",1501275330,"Convolvulus lanuginosus",1,"2008-03-30",-0.76,39.09,707,"gbif"
"794",1501275318,"Convolvulus lanuginosus",1,"2008-03-30",-0.79,39.09,707,"gbif"
"795",1501930025,"Convolvulus lanuginosus",1,"2008-04-20",-0.5,39.51,707,"gbif"
"796",1501967081,"Convolvulus lanuginosus",1,"2008-04-22",-0.45,39.83,707,"gbif"
"797",1501090870,"Convolvulus lanuginosus",1,"2008-05-01",-1.12,39.74,707,"gbif"
"798",1501090854,"Convolvulus lanuginosus",1,"2008-05-01",-1.12,39.73,707,"gbif"
"799",1500937249,"Convolvulus lanuginosus",1,"2008-05-01",-1.11,39.75,707,"gbif"
"800",1500936692,"Convolvulus lanuginosus",1,"2008-05-01",-1.13,39.75,707,"gbif"
"801",1500936484,"Convolvulus lanuginosus",1,"2008-05-01",-1.13,39.74,707,"gbif"
"802",1500831236,"Convolvulus lanuginosus",1,"2008-05-01",-1.1,39.73,707,"gbif"
"803",3113571887,"Convolvulus lanuginosus",1,"2008-05-15",3.04444,42.92778,100,"gbif"
"804",1501090922,"Convolvulus lanuginosus",1,"2008-05-16",-1.12,39.83,707,"gbif"
"805",1501090905,"Convolvulus lanuginosus",1,"2008-05-16",-1.14,39.83,707,"gbif"
"806",1501090885,"Convolvulus lanuginosus",1,"2008-05-16",-1.14,39.79,707,"gbif"
"807",1500933044,"Convolvulus lanuginosus",1,"2008-05-16",-1.15,39.8,707,"gbif"
"808",1500932802,"Convolvulus lanuginosus",1,"2008-05-16",-1.15,39.79,707,"gbif"
"809",1500932619,"Convolvulus lanuginosus",1,"2008-05-16",-1.12,39.82,707,"gbif"
"810",1500932454,"Convolvulus lanuginosus",1,"2008-05-16",-1.14,39.82,707,"gbif"
"811",1501275384,"Convolvulus lanuginosus",1,"2008-05-19",-0.09,38.54,707,"gbif"
"812",1501275382,"Convolvulus lanuginosus",1,"2008-05-19",-0.09,38.55,707,"gbif"
"813",1500703917,"Convolvulus lanuginosus",1,"2008-05-19",-0.11,38.6,707,"gbif"
"814",1501275361,"Convolvulus lanuginosus",1,"2008-05-20",-0.15,38.6,707,"gbif"
"815",1501275348,"Convolvulus lanuginosus",1,"2008-05-20",-0.12,38.6,707,"gbif"
"816",1500704676,"Convolvulus lanuginosus",1,"2008-05-21",-0.09,38.53,707,"gbif"
"817",1500940941,"Convolvulus lanuginosus",1,"2008-05-28",-0.61,38.71,707,"gbif"
"818",1500835569,"Convolvulus lanuginosus",1,"2008-09-18",-0.49,39.66,707,"gbif"
"819",1502137541,"Convolvulus lanuginosus",1,"2009-01-17",-0.57,39.42,707,"gbif"
"820",1502137537,"Convolvulus lanuginosus",1,"2009-01-17",-0.55,39.42,707,"gbif"
"821",1500841452,"Convolvulus lanuginosus",1,"2009-03-07",-0.73,39.69,707,"gbif"
"822",1500835937,"Convolvulus lanuginosus",1,"2009-03-07",-0.72,39.7,707,"gbif"
"823",1501957061,"Convolvulus lanuginosus",1,"2009-03-08",-0.65,39.74,707,"gbif"
"824",1501905010,"Convolvulus lanuginosus",1,"2009-03-08",-0.66,39.73,707,"gbif"
"825",1501098711,"Convolvulus lanuginosus",1,"2009-03-08",-0.67,39.73,707,"gbif"
"826",1501091847,"Convolvulus lanuginosus",1,"2009-03-08",-0.67,39.74,707,"gbif"
"827",1500950616,"Convolvulus lanuginosus",1,"2009-03-08",-0.71,39.75,707,"gbif"
"828",1500950310,"Convolvulus lanuginosus",1,"2009-03-08",-0.69,39.75,707,"gbif"
"829",1500950175,"Convolvulus lanuginosus",1,"2009-03-08",-0.68,39.74,707,"gbif"
"830",1500945684,"Convolvulus lanuginosus",1,"2009-03-08",-0.68,39.73,707,"gbif"
"831",1500764854,"Convolvulus lanuginosus",1,"2009-03-08",-0.58,39.32,707,"gbif"
"832",1500764822,"Convolvulus lanuginosus",1,"2009-03-08",-0.59,39.32,707,"gbif"
"833",1500955107,"Convolvulus lanuginosus",1,"2009-03-17",-0.74,39.74,707,"gbif"
"834",1501091838,"Convolvulus lanuginosus",1,"2009-03-21",-0.69,39.63,707,"gbif"
"835",1500846623,"Convolvulus lanuginosus",1,"2009-03-21",-0.72,39.67,707,"gbif"
"836",1500846609,"Convolvulus lanuginosus",1,"2009-03-21",-0.72,39.66,707,"gbif"
"837",1500846603,"Convolvulus lanuginosus",1,"2009-03-21",-0.73,39.67,707,"gbif"
"838",1500837004,"Convolvulus lanuginosus",1,"2009-03-21",-0.72,39.64,707,"gbif"
"839",1500827145,"Convolvulus lanuginosus",1,"2009-03-21",-0.69,39.65,707,"gbif"
"840",1500826035,"Convolvulus lanuginosus",1,"2009-03-21",-0.7,39.64,707,"gbif"
"841",1500822410,"Convolvulus lanuginosus",1,"2009-03-21",-0.69,39.64,707,"gbif"
"842",1500809895,"Convolvulus lanuginosus",1,"2009-03-21",-0.73,39.64,707,"gbif"
"843",1500809879,"Convolvulus lanuginosus",1,"2009-03-21",-0.72,39.63,707,"gbif"
"844",1500809868,"Convolvulus lanuginosus",1,"2009-03-21",-0.73,39.63,707,"gbif"
"845",1500809841,"Convolvulus lanuginosus",1,"2009-03-21",-0.71,39.63,707,"gbif"
"846",1501091879,"Convolvulus lanuginosus",1,"2009-04-03",-0.78,39.68,707,"gbif"
"847",1500842925,"Convolvulus lanuginosus",1,"2009-04-03",-0.77,39.68,707,"gbif"
"848",1500842676,"Convolvulus lanuginosus",1,"2009-04-03",-0.77,39.7,707,"gbif"
"849",1500837319,"Convolvulus lanuginosus",1,"2009-04-03",-0.77,39.69,707,"gbif"
"850",1500826646,"Convolvulus lanuginosus",1,"2009-04-03",-0.78,39.69,707,"gbif"
"851",1500857450,"Convolvulus lanuginosus",1,"2009-04-05",-0.84,39.6,707,"gbif"
"852",1500857417,"Convolvulus lanuginosus",1,"2009-04-05",-0.85,39.61,707,"gbif"
"853",1500857415,"Convolvulus lanuginosus",1,"2009-04-05",-0.86,39.61,707,"gbif"
"854",415616963,"Convolvulus lanuginosus",1,"2009-04-08",-4.73,36.98,707,"gbif"
"855",1500764868,"Convolvulus lanuginosus",1,"2009-04-13",-0.65,39.37,707,"gbif"
"856",1500764858,"Convolvulus lanuginosus",1,"2009-04-13",-0.64,39.37,707,"gbif"
"857",1501943754,"Convolvulus lanuginosus",1,"2009-04-14",-0.64,39.54,707,"gbif"
"858",1500867080,"Convolvulus lanuginosus",1,"2009-04-18",-0.87,39.69,707,"gbif"
"859",1500867058,"Convolvulus lanuginosus",1,"2009-04-18",-0.88,39.7,707,"gbif"
"860",1500867040,"Convolvulus lanuginosus",1,"2009-04-18",-0.88,39.69,707,"gbif"
"861",1500836468,"Convolvulus lanuginosus",1,"2009-04-18",-0.9,39.68,707,"gbif"
"862",1500831900,"Convolvulus lanuginosus",1,"2009-04-18",-0.91,39.67,707,"gbif"
"863",1500828992,"Convolvulus lanuginosus",1,"2009-04-18",-0.91,39.7,707,"gbif"
"864",1500826833,"Convolvulus lanuginosus",1,"2009-04-18",-0.91,39.68,707,"gbif"
"865",1500823022,"Convolvulus lanuginosus",1,"2009-04-18",-0.89,39.7,707,"gbif"
"866",1501943771,"Convolvulus lanuginosus",1,"2009-04-20",-0.6,39.53,707,"gbif"
"867",1501943728,"Convolvulus lanuginosus",1,"2009-04-20",-0.61,39.53,707,"gbif"
"868",1501943758,"Convolvulus lanuginosus",1,"2009-04-24",-0.62,39.54,707,"gbif"
"869",1501749404,"Convolvulus lanuginosus",1,"2009-05-02",-0.78,39.26,707,"gbif"
"870",1501748449,"Convolvulus lanuginosus",1,"2009-05-02",-1.06,39.26,707,"gbif"
"871",3713857920,"Convolvulus lanuginosus",1,"2009-05-05",-1.07,39.18,707,"gbif"
"872",1501749467,"Convolvulus lanuginosus",1,"2009-05-05",-1.08,39.21,707,"gbif"
"873",1501091871,"Convolvulus lanuginosus",1,"2009-05-08",-0.83,39.76,707,"gbif"
"874",1500959327,"Convolvulus lanuginosus",1,"2009-05-08",-0.83,39.77,707,"gbif"
"875",1500951924,"Convolvulus lanuginosus",1,"2009-05-08",-0.83,39.75,707,"gbif"
"876",1500950832,"Convolvulus lanuginosus",1,"2009-05-08",-0.85,39.76,707,"gbif"
"877",1501943816,"Convolvulus lanuginosus",1,"2009-05-09",-0.62,39.55,707,"gbif"
"878",1501943768,"Convolvulus lanuginosus",1,"2009-05-10",-0.61,39.54,707,"gbif"
"879",1501943795,"Convolvulus lanuginosus",1,"2009-05-12",-0.6,39.55,707,"gbif"
"880",1501000243,"Convolvulus lanuginosus",1,"2009-05-13",-0.55,39.65,707,"gbif"
"881",1501000195,"Convolvulus lanuginosus",1,"2009-05-13",-0.55,39.64,707,"gbif"
"882",1501960126,"Convolvulus lanuginosus",1,"2009-05-15",-0.78,38.38,707,"gbif"
"883",1500959606,"Convolvulus lanuginosus",1,"2009-05-18",-0.54,38.73,707,"gbif"
"884",1500959035,"Convolvulus lanuginosus",1,"2009-05-18",-0.58,38.68,707,"gbif"
"885",1500958735,"Convolvulus lanuginosus",1,"2009-05-18",-0.54,38.72,707,"gbif"
"886",1500957375,"Convolvulus lanuginosus",1,"2009-05-18",-0.53,38.72,707,"gbif"
"887",1500764863,"Convolvulus lanuginosus",1,"2009-05-18",-0.69,39.32,707,"gbif"
"888",1500764857,"Convolvulus lanuginosus",1,"2009-05-18",-0.67,39.32,707,"gbif"
"889",1500764824,"Convolvulus lanuginosus",1,"2009-05-18",-0.69,39.31,707,"gbif"
"890",1500764775,"Convolvulus lanuginosus",1,"2009-05-18",-0.67,39.31,707,"gbif"
"891",895212869,"Convolvulus lanuginosus",1,"2009-05-19",-0.44,39.52,71,"gbif"
"892",1501850045,"Convolvulus lanuginosus",1,"2009-05-19",-0.56,38.73,707,"gbif"
"893",1501850002,"Convolvulus lanuginosus",1,"2009-05-19",-0.56,38.72,707,"gbif"
"894",1501849970,"Convolvulus lanuginosus",1,"2009-05-19",-0.57,38.73,707,"gbif"
"895",1500966321,"Convolvulus lanuginosus",1,"2009-05-19",-0.57,38.72,707,"gbif"
"896",1500959573,"Convolvulus lanuginosus",1,"2009-05-19",-0.53,38.67,707,"gbif"
"897",1500958643,"Convolvulus lanuginosus",1,"2009-05-19",-0.53,38.73,707,"gbif"
"898",1501091863,"Convolvulus lanuginosus",1,"2009-05-20",-0.46,39.53,707,"gbif"
"899",1500967662,"Convolvulus lanuginosus",1,"2009-05-21",-0.49,38.73,707,"gbif"
"900",1500967247,"Convolvulus lanuginosus",1,"2009-05-21",-0.5,38.71,707,"gbif"
"901",1500969715,"Convolvulus lanuginosus",1,"2009-05-22",-0.56,38.71,707,"gbif"
"902",1500764874,"Convolvulus lanuginosus",1,"2009-05-26",-0.94,38.3,707,"gbif"
"903",1500764885,"Convolvulus lanuginosus",1,"2009-05-30",-0.65,39.31,707,"gbif"
"904",1500764865,"Convolvulus lanuginosus",1,"2009-05-30",-0.66,39.31,707,"gbif"
"905",1500764864,"Convolvulus lanuginosus",1,"2009-05-30",-0.66,39.3,707,"gbif"
"906",1500764839,"Convolvulus lanuginosus",1,"2009-05-30",-0.67,39.3,707,"gbif"
"907",1500764830,"Convolvulus lanuginosus",1,"2009-05-30",-0.65,39.29,707,"gbif"
"908",1500764815,"Convolvulus lanuginosus",1,"2009-05-30",-0.65,39.3,707,"gbif"
"909",1501960801,"Convolvulus lanuginosus",1,"2009-06-07",-0.82,38.5,707,"gbif"
"910",1501971221,"Convolvulus lanuginosus",1,"2009-06-15",-0.93,38.33,707,"gbif"
"911",1501971981,"Convolvulus lanuginosus",1,"2009-06-22",-0.85,38.48,707,"gbif"
"912",1501970362,"Convolvulus lanuginosus",1,"2009-06-25",-0.81,38.41,707,"gbif"
"913",1501964965,"Convolvulus lanuginosus",1,"2009-06-25",-0.8,38.4,707,"gbif"
"914",1500962429,"Convolvulus lanuginosus",1,"2009-06-27",-1.1,39.8,707,"gbif"
"915",1500956094,"Convolvulus lanuginosus",1,"2009-06-27",-1.09,39.8,707,"gbif"
"916",1500952050,"Convolvulus lanuginosus",1,"2009-06-27",-1.08,39.8,707,"gbif"
"917",1500951312,"Convolvulus lanuginosus",1,"2009-06-27",-1.06,39.8,707,"gbif"
"918",1500951178,"Convolvulus lanuginosus",1,"2009-06-27",-1.06,39.79,707,"gbif"
"919",1500950970,"Convolvulus lanuginosus",1,"2009-06-27",-1.07,39.79,707,"gbif"
"920",1501895434,"Convolvulus lanuginosus",1,"2009-09-20",-0.55,39.51,707,"gbif"
"921",1501895433,"Convolvulus lanuginosus",1,"2009-09-20",-0.54,39.51,707,"gbif"
"922",1501176462,"Convolvulus lanuginosus",1,"2009-09-20",-0.54,39.52,707,"gbif"
"923",1501158391,"Convolvulus lanuginosus",1,"2009-09-20",-0.55,39.52,707,"gbif"
"924",1501971038,"Convolvulus lanuginosus",1,"2009-10-17",-0.8,38.41,707,"gbif"
"925",1501959593,"Convolvulus lanuginosus",1,"2009-10-18",-0.85,38.46,707,"gbif"
"926",1501957463,"Convolvulus lanuginosus",1,"2009-10-19",-0.82,38.47,707,"gbif"
"927",1501957123,"Convolvulus lanuginosus",1,"2009-10-19",-0.83,38.47,707,"gbif"
"928",1501960498,"Convolvulus lanuginosus",1,"2009-11-12",-0.73,38.41,707,"gbif"
"929",1501964571,"Convolvulus lanuginosus",1,"2009-11-15",-0.83,38.5,707,"gbif"
"930",1501958448,"Convolvulus lanuginosus",1,"2009-12-10",-0.77,38.42,707,"gbif"
"931",1501907217,"Convolvulus lanuginosus",1,"2009-12-26",-0.57,39.91,707,"gbif"
"932",1501907204,"Convolvulus lanuginosus",1,"2009-12-26",-0.6,39.91,707,"gbif"
"933",1501876308,"Convolvulus lanuginosus",1,"2009-12-26",-0.61,39.9,707,"gbif"
"934",1501187657,"Convolvulus lanuginosus",1,"2009-12-26",-0.6,39.9,707,"gbif"
"935",1501177162,"Convolvulus lanuginosus",1,"2009-12-26",-0.6,39.89,707,"gbif"
"936",1501082867,"Convolvulus lanuginosus",1,"2010-01-02",-0.4,38.53,707,"gbif"
"937",1502136570,"Convolvulus lanuginosus",1,"2010-01-22",-0.23,38.87,707,"gbif"
"938",1502114034,"Convolvulus lanuginosus",1,"2010-01-22",-0.26,38.87,707,"gbif"
"939",1501275425,"Convolvulus lanuginosus",1,"2010-01-22",-0.27,38.87,707,"gbif"
"940",1502067700,"Convolvulus lanuginosus",1,"2010-01-31",-0.68,38.42,707,"gbif"
"941",1501976330,"Convolvulus lanuginosus",1,"2010-02-14",-0.51,39.91,707,"gbif"
"942",1501874854,"Convolvulus lanuginosus",1,"2010-02-14",-0.54,39.9,707,"gbif"
"943",1501204067,"Convolvulus lanuginosus",1,"2010-02-14",-0.53,39.91,707,"gbif"
"944",1501190354,"Convolvulus lanuginosus",1,"2010-02-14",-0.54,39.92,707,"gbif"
"945",1501190350,"Convolvulus lanuginosus",1,"2010-02-14",-0.54,39.91,707,"gbif"
"946",1501178786,"Convolvulus lanuginosus",1,"2010-02-14",-0.53,39.92,707,"gbif"
"947",1501127196,"Convolvulus lanuginosus",1,"2010-02-14",-0.5,39.9,707,"gbif"
"948",1501917205,"Convolvulus lanuginosus",1,"2010-02-20",-0.3,39.99,707,"gbif"
"949",1501917064,"Convolvulus lanuginosus",1,"2010-02-20",-0.29,39.99,707,"gbif"
"950",1501893565,"Convolvulus lanuginosus",1,"2010-02-20",-0.33,40.03,707,"gbif"
"951",1501893546,"Convolvulus lanuginosus",1,"2010-02-20",-0.32,40.02,707,"gbif"
"952",1501111289,"Convolvulus lanuginosus",1,"2010-03-04",-0.68,38.89,707,"gbif"
"953",1501960897,"Convolvulus lanuginosus",1,"2010-03-06",-0.61,39.59,707,"gbif"
"954",1501891433,"Convolvulus lanuginosus",1,"2010-03-06",-0.5,39.58,707,"gbif"
"955",1501884869,"Convolvulus lanuginosus",1,"2010-03-06",-0.5,39.59,707,"gbif"
"956",1501859694,"Convolvulus lanuginosus",1,"2010-03-06",-0.57,39.63,707,"gbif"
"957",1501208676,"Convolvulus lanuginosus",1,"2010-03-06",-0.6,39.59,707,"gbif"
"958",1501162578,"Convolvulus lanuginosus",1,"2010-03-06",-0.59,39.6,707,"gbif"
"959",1501158352,"Convolvulus lanuginosus",1,"2010-03-06",-0.57,39.62,707,"gbif"
"960",1501157423,"Convolvulus lanuginosus",1,"2010-03-06",-0.56,39.63,707,"gbif"
"961",1501861596,"Convolvulus lanuginosus",1,"2010-03-10",-0.64,39.72,707,"gbif"
"962",1501210514,"Convolvulus lanuginosus",1,"2010-03-10",-0.57,39.65,707,"gbif"
"963",1501210508,"Convolvulus lanuginosus",1,"2010-03-10",-0.57,39.66,707,"gbif"
"964",1501127231,"Convolvulus lanuginosus",1,"2010-03-10",-0.63,39.71,707,"gbif"
"965",1501936156,"Convolvulus lanuginosus",1,"2010-03-12",-0.45,39.52,707,"gbif"
"966",1501907937,"Convolvulus lanuginosus",1,"2010-03-12",-0.46,39.54,707,"gbif"
"967",1501959092,"Convolvulus lanuginosus",1,"2010-03-14",-0.5,39.65,707,"gbif"
"968",1501928747,"Convolvulus lanuginosus",1,"2010-03-14",-0.49,39.64,707,"gbif"
"969",1501928719,"Convolvulus lanuginosus",1,"2010-03-14",-0.5,39.64,707,"gbif"
"970",1501179326,"Convolvulus lanuginosus",1,"2010-03-14",-0.49,39.63,707,"gbif"
"971",1501184816,"Convolvulus lanuginosus",1,"2010-03-16",-0.57,39.7,707,"gbif"
"972",1501128263,"Convolvulus lanuginosus",1,"2010-03-16",-0.56,39.72,707,"gbif"
"973",1501128234,"Convolvulus lanuginosus",1,"2010-03-16",-0.54,39.73,707,"gbif"
"974",1501128231,"Convolvulus lanuginosus",1,"2010-03-16",-0.56,39.73,707,"gbif"
"975",1501128227,"Convolvulus lanuginosus",1,"2010-03-16",-0.57,39.71,707,"gbif"
"976",1501120307,"Convolvulus lanuginosus",1,"2010-03-16",-0.56,39.71,707,"gbif"
"977",1501101014,"Convolvulus lanuginosus",1,"2010-03-16",-0.54,39.7,707,"gbif"
"978",1501937167,"Convolvulus lanuginosus",1,"2010-03-18",-0.54,39.56,707,"gbif"
"979",1501160280,"Convolvulus lanuginosus",1,"2010-03-26",-0.48,39.56,707,"gbif"
"980",1501136852,"Convolvulus lanuginosus",1,"2010-03-26",-0.49,39.57,707,"gbif"
"981",1501121037,"Convolvulus lanuginosus",1,"2010-03-26",-0.48,39.57,707,"gbif"
"982",1501890821,"Convolvulus lanuginosus",1,"2010-03-27",-0.32,39.68,707,"gbif"
"983",1501197395,"Convolvulus lanuginosus",1,"2010-03-27",-0.31,39.67,707,"gbif"
"984",1501197254,"Convolvulus lanuginosus",1,"2010-03-27",-0.31,39.66,707,"gbif"
"985",1501098190,"Convolvulus lanuginosus",1,"2010-03-27",-0.34,39.68,707,"gbif"
"986",1501098188,"Convolvulus lanuginosus",1,"2010-03-27",-0.32,39.67,707,"gbif"
"987",1501963055,"Convolvulus lanuginosus",1,"2010-03-30",-0.47,39.56,707,"gbif"
"988",1501939885,"Convolvulus lanuginosus",1,"2010-03-30",-0.46,39.55,707,"gbif"
"989",1501920193,"Convolvulus lanuginosus",1,"2010-03-30",-0.5,39.54,707,"gbif"
"990",1501194119,"Convolvulus lanuginosus",1,"2010-03-30",-0.49,39.55,707,"gbif"
"991",1501194114,"Convolvulus lanuginosus",1,"2010-03-30",-0.48,39.55,707,"gbif"
"992",1501155189,"Convolvulus lanuginosus",1,"2010-03-30",-0.48,39.54,707,"gbif"
"993",1501155150,"Convolvulus lanuginosus",1,"2010-03-30",-0.48,39.53,707,"gbif"
"994",5167949397,"Convolvulus lanuginosus",1,"2010-04-01",-1.939854,36.93803,418,"gbif"
"995",4453877747,"Convolvulus lanuginosus",1,"2010-04-01",-1.948008,36.937634,264,"gbif"
"996",1501185399,"Convolvulus lanuginosus",1,"2010-04-03",-0.51,40.08,707,"gbif"
"997",1501185387,"Convolvulus lanuginosus",1,"2010-04-03",-0.5,40.08,707,"gbif"
"998",1501138070,"Convolvulus lanuginosus",1,"2010-04-03",-0.51,40.07,707,"gbif"
"999",1501138063,"Convolvulus lanuginosus",1,"2010-04-03",-0.52,40.07,707,"gbif"
"1000",1501116860,"Convolvulus lanuginosus",1,"2010-04-03",-0.51,40.09,707,"gbif"
"1001",1501960323,"Convolvulus lanuginosus",1,"2010-04-04",-0.59,39.68,707,"gbif"
"1002",1501880000,"Convolvulus lanuginosus",1,"2010-04-04",-0.67,39.69,707,"gbif"
"1003",1501879950,"Convolvulus lanuginosus",1,"2010-04-04",-0.66,39.69,707,"gbif"
"1004",1501197400,"Convolvulus lanuginosus",1,"2010-04-04",-0.58,39.68,707,"gbif"
"1005",1501136469,"Convolvulus lanuginosus",1,"2010-04-04",-0.55,39.69,707,"gbif"
"1006",1501101000,"Convolvulus lanuginosus",1,"2010-04-04",-0.56,39.7,707,"gbif"
"1007",1501062920,"Convolvulus lanuginosus",1,"2010-04-08",-0.82,38.26,707,"gbif"
"1008",1501931523,"Convolvulus lanuginosus",1,"2010-04-10",-0.39,39.73,707,"gbif"
"1009",1501925291,"Convolvulus lanuginosus",1,"2010-04-10",-0.39,39.78,707,"gbif"
"1010",1501925262,"Convolvulus lanuginosus",1,"2010-04-10",-0.39,39.77,707,"gbif"
"1011",1501896721,"Convolvulus lanuginosus",1,"2010-04-10",-0.38,39.76,707,"gbif"
"1012",1501896713,"Convolvulus lanuginosus",1,"2010-04-10",-0.37,39.75,707,"gbif"
"1013",1501896686,"Convolvulus lanuginosus",1,"2010-04-10",-0.38,39.75,707,"gbif"
"1014",1501209547,"Convolvulus lanuginosus",1,"2010-04-10",-0.44,39.81,707,"gbif"
"1015",1501209538,"Convolvulus lanuginosus",1,"2010-04-10",-0.44,39.8,707,"gbif"
"1016",1501209526,"Convolvulus lanuginosus",1,"2010-04-10",-0.45,39.81,707,"gbif"
"1017",1501203083,"Convolvulus lanuginosus",1,"2010-04-10",-0.44,39.82,707,"gbif"
"1018",1501197667,"Convolvulus lanuginosus",1,"2010-04-10",-0.4,39.72,707,"gbif"
"1019",1501191452,"Convolvulus lanuginosus",1,"2010-04-10",-0.42,39.71,707,"gbif"
"1020",1501191388,"Convolvulus lanuginosus",1,"2010-04-10",-0.42,39.72,707,"gbif"
"1021",1501183561,"Convolvulus lanuginosus",1,"2010-04-10",-0.4,39.73,707,"gbif"
"1022",1501183554,"Convolvulus lanuginosus",1,"2010-04-10",-0.43,39.72,707,"gbif"
"1023",1501183519,"Convolvulus lanuginosus",1,"2010-04-10",-0.42,39.73,707,"gbif"
"1024",1501156287,"Convolvulus lanuginosus",1,"2010-04-10",-0.4,39.78,707,"gbif"
"1025",1501154223,"Convolvulus lanuginosus",1,"2010-04-10",-0.45,39.8,707,"gbif"
"1026",1501107297,"Convolvulus lanuginosus",1,"2010-04-11",-0.34,38.86,707,"gbif"
"1027",1501062954,"Convolvulus lanuginosus",1,"2010-04-13",-0.99,38.09,707,"gbif"
"1028",1502067692,"Convolvulus lanuginosus",1,"2010-04-16",-0.85,38.39,707,"gbif"
"1029",1501930928,"Convolvulus lanuginosus",1,"2010-04-19",-0.54,39.53,707,"gbif"
"1030",1501909753,"Convolvulus lanuginosus",1,"2010-04-19",-0.53,39.51,707,"gbif"
"1031",1501188475,"Convolvulus lanuginosus",1,"2010-04-19",-0.53,39.52,707,"gbif"
"1032",1501106852,"Convolvulus lanuginosus",1,"2010-04-19",-0.52,39.52,707,"gbif"
"1033",1501106831,"Convolvulus lanuginosus",1,"2010-04-19",-0.52,39.51,707,"gbif"
"1034",1501118416,"Convolvulus lanuginosus",1,"2010-04-21",-0.55,39.56,707,"gbif"
"1035",1501118381,"Convolvulus lanuginosus",1,"2010-04-21",-0.56,39.56,707,"gbif"
"1036",1501106859,"Convolvulus lanuginosus",1,"2010-04-21",-0.55,39.57,707,"gbif"
"1037",1501101470,"Convolvulus lanuginosus",1,"2010-04-21",-0.49,39.65,707,"gbif"
"1038",1501915407,"Convolvulus lanuginosus",1,"2010-04-23",-0.59,39.54,707,"gbif"
"1039",1501915398,"Convolvulus lanuginosus",1,"2010-04-23",-0.57,39.54,707,"gbif"
"1040",1501866829,"Convolvulus lanuginosus",1,"2010-04-23",-0.61,39.55,707,"gbif"
"1041",1501175720,"Convolvulus lanuginosus",1,"2010-04-23",-0.6,39.54,707,"gbif"
"1042",1501964456,"Convolvulus lanuginosus",1,"2010-04-26",-0.52,39.61,707,"gbif"
"1043",1501941532,"Convolvulus lanuginosus",1,"2010-04-26",-0.5,39.6,707,"gbif"
"1044",1501941530,"Convolvulus lanuginosus",1,"2010-04-26",-0.51,39.6,707,"gbif"
"1045",1501935078,"Convolvulus lanuginosus",1,"2010-04-26",-0.51,39.59,707,"gbif"
"1046",1501933640,"Convolvulus lanuginosus",1,"2010-04-26",-0.49,39.6,707,"gbif"
"1047",1501912091,"Convolvulus lanuginosus",1,"2010-04-26",-0.51,39.58,707,"gbif"
"1048",1501884813,"Convolvulus lanuginosus",1,"2010-04-26",-0.49,39.59,707,"gbif"
"1049",1501180255,"Convolvulus lanuginosus",1,"2010-04-26",-0.54,39.6,707,"gbif"
"1050",1501177890,"Convolvulus lanuginosus",1,"2010-04-26",-0.52,39.6,707,"gbif"
"1051",1501142336,"Convolvulus lanuginosus",1,"2010-04-26",-0.54,39.59,707,"gbif"
"1052",1501142333,"Convolvulus lanuginosus",1,"2010-04-26",-0.53,39.59,707,"gbif"
"1053",1501136915,"Convolvulus lanuginosus",1,"2010-04-26",-0.53,39.58,707,"gbif"
"1054",1502067730,"Convolvulus lanuginosus",1,"2010-04-28",-0.86,38.39,707,"gbif"
"1055",1502067722,"Convolvulus lanuginosus",1,"2010-04-29",-0.81,38.36,707,"gbif"
"1056",1501931943,"Convolvulus lanuginosus",1,"2010-04-30",-0.49,39.56,707,"gbif"
"1057",1501929916,"Convolvulus lanuginosus",1,"2010-04-30",-0.5,39.57,707,"gbif"
"1058",1501870839,"Convolvulus lanuginosus",1,"2010-04-30",-0.5,39.56,707,"gbif"
"1059",1501194147,"Convolvulus lanuginosus",1,"2010-04-30",-0.49,39.54,707,"gbif"
"1060",1501862411,"Convolvulus lanuginosus",1,"2010-05-01",-0.63,39.79,707,"gbif"
"1061",1501198471,"Convolvulus lanuginosus",1,"2010-05-01",-0.65,39.79,707,"gbif"
"1062",1501180378,"Convolvulus lanuginosus",1,"2010-05-01",-0.64,39.85,707,"gbif"
"1063",1501180374,"Convolvulus lanuginosus",1,"2010-05-01",-0.63,39.85,707,"gbif"
"1064",1501180369,"Convolvulus lanuginosus",1,"2010-05-01",-0.64,39.86,707,"gbif"
"1065",1501148023,"Convolvulus lanuginosus",1,"2010-05-01",-0.65,39.78,707,"gbif"
"1066",1501147964,"Convolvulus lanuginosus",1,"2010-05-01",-0.64,39.78,707,"gbif"
"1067",1501132042,"Convolvulus lanuginosus",1,"2010-05-01",-0.65,39.8,707,"gbif"
"1068",1501117489,"Convolvulus lanuginosus",1,"2010-05-01",-0.62,39.86,707,"gbif"
"1069",1501117435,"Convolvulus lanuginosus",1,"2010-05-01",-0.62,39.85,707,"gbif"
"1070",1501117431,"Convolvulus lanuginosus",1,"2010-05-01",-0.63,39.84,707,"gbif"
"1071",1501117416,"Convolvulus lanuginosus",1,"2010-05-01",-0.61,39.86,707,"gbif"
"1072",1501117361,"Convolvulus lanuginosus",1,"2010-05-01",-0.65,39.84,707,"gbif"
"1073",1501120060,"Convolvulus lanuginosus",1,"2010-05-03",-0.5,39.55,707,"gbif"
"1074",1501191833,"Convolvulus lanuginosus",1,"2010-05-05",-0.45,39.65,707,"gbif"
"1075",1501191831,"Convolvulus lanuginosus",1,"2010-05-05",-0.45,39.64,707,"gbif"
"1076",1501176666,"Convolvulus lanuginosus",1,"2010-05-05",-0.47,39.65,707,"gbif"
"1077",1501176656,"Convolvulus lanuginosus",1,"2010-05-05",-0.46,39.65,707,"gbif"
"1078",1501176655,"Convolvulus lanuginosus",1,"2010-05-05",-0.47,39.64,707,"gbif"
"1079",1501170216,"Convolvulus lanuginosus",1,"2010-05-05",-0.48,39.63,707,"gbif"
"1080",1501126087,"Convolvulus lanuginosus",1,"2010-05-05",-0.48,39.64,707,"gbif"
"1081",1502067712,"Convolvulus lanuginosus",1,"2010-05-06",-1.09,38.44,707,"gbif"
"1082",1502067736,"Convolvulus lanuginosus",1,"2010-05-07",-0.95,38.3,707,"gbif"
"1083",1501864684,"Convolvulus lanuginosus",1,"2010-05-09",-0.63,39.93,707,"gbif"
"1084",1501209876,"Convolvulus lanuginosus",1,"2010-05-09",-0.6,39.93,707,"gbif"
"1085",1501209682,"Convolvulus lanuginosus",1,"2010-05-09",-0.68,39.92,707,"gbif"
"1086",1501209646,"Convolvulus lanuginosus",1,"2010-05-09",-0.69,39.93,707,"gbif"
"1087",1501209394,"Convolvulus lanuginosus",1,"2010-05-09",-0.61,39.93,707,"gbif"
"1088",1501204176,"Convolvulus lanuginosus",1,"2010-05-09",-0.64,39.93,707,"gbif"
"1089",1501160680,"Convolvulus lanuginosus",1,"2010-05-09",-0.61,39.92,707,"gbif"
"1090",1501159677,"Convolvulus lanuginosus",1,"2010-05-09",-0.65,39.93,707,"gbif"
"1091",1501159655,"Convolvulus lanuginosus",1,"2010-05-09",-0.67,39.93,707,"gbif"
"1092",1501944574,"Convolvulus lanuginosus",1,"2010-05-10",-0.4,39.64,707,"gbif"
"1093",1501204688,"Convolvulus lanuginosus",1,"2010-05-10",-0.41,39.64,707,"gbif"
"1094",4994401550,"Convolvulus lanuginosus",1,"2010-05-11",-4.375833,36.76819,31,"gbif"
"1095",1501910852,"Convolvulus lanuginosus",1,"2010-05-12",-0.56,39.61,707,"gbif"
"1096",1501910851,"Convolvulus lanuginosus",1,"2010-05-12",-0.56,39.6,707,"gbif"
"1097",1501878428,"Convolvulus lanuginosus",1,"2010-05-12",-0.61,39.62,707,"gbif"
"1098",1501878426,"Convolvulus lanuginosus",1,"2010-05-12",-0.59,39.62,707,"gbif"
"1099",1501212387,"Convolvulus lanuginosus",1,"2010-05-12",-0.61,39.63,707,"gbif"
"1100",1501160816,"Convolvulus lanuginosus",1,"2010-05-12",-0.55,39.62,707,"gbif"
"1101",1501160797,"Convolvulus lanuginosus",1,"2010-05-12",-0.56,39.62,707,"gbif"
"1102",1501114449,"Convolvulus lanuginosus",1,"2010-05-14",-0.95,38.58,707,"gbif"
"1103",1501063317,"Convolvulus lanuginosus",1,"2010-05-14",-0.95,38.77,707,"gbif"
"1104",2833717199,"Convolvulus lanuginosus",1,"2010-05-18",-1.140924,37.615867,10,"gbif"
"1105",1502067760,"Convolvulus lanuginosus",1,"2010-05-18",-0.76,38.43,707,"gbif"
"1106",1501275272,"Convolvulus lanuginosus",1,"2010-05-18",-1.51,39.48,707,"gbif"
"1107",1501275268,"Convolvulus lanuginosus",1,"2010-05-18",-1.51,39.47,707,"gbif"
"1108",1501053551,"Convolvulus lanuginosus",1,"2010-05-18",-1.45,39.55,707,"gbif"
"1109",1502067715,"Convolvulus lanuginosus",1,"2010-05-19",-1.04,38.35,707,"gbif"
"1110",1502067775,"Convolvulus lanuginosus",1,"2010-05-21",-0.76,38.42,707,"gbif"
"1111",1501114622,"Convolvulus lanuginosus",1,"2010-05-22",-0.58,39.43,707,"gbif"
"1112",1501062531,"Convolvulus lanuginosus",1,"2010-05-22",-0.26,38.89,707,"gbif"
"1113",1502067756,"Convolvulus lanuginosus",1,"2010-05-30",-1.05,38.35,707,"gbif"
"1114",3709780526,"Convolvulus lanuginosus",1,"2010-06-03",0.22,40.69056,10,"gbif"
"1115",1501133929,"Convolvulus lanuginosus",1,"2010-06-03",-0.91,38.26,707,"gbif"
"1116",415617017,"Convolvulus lanuginosus",1,"2010-06-05",-5.28,36.47,707,"gbif"
"1117",1502067721,"Convolvulus lanuginosus",1,"2010-06-08",-0.75,38.42,707,"gbif"
"1118",1501094941,"Convolvulus lanuginosus",1,"2010-06-16",-0.32,38.67,707,"gbif"
"1119",415617003,"Convolvulus lanuginosus",1,"2010-06-17",-4.87,36.77,707,"gbif"
"1120",1502067739,"Convolvulus lanuginosus",1,"2010-06-28",-0.96,38.38,707,"gbif"
"1121",1502067701,"Convolvulus lanuginosus",1,"2010-07-15",-0.72,38.53,707,"gbif"
"1122",1502067737,"Convolvulus lanuginosus",1,"2010-07-20",-0.95,38.38,707,"gbif"
"1123",1502067719,"Convolvulus lanuginosus",1,"2010-08-26",-0.85,38.37,707,"gbif"
"1124",1502067742,"Convolvulus lanuginosus",1,"2010-08-30",-0.9,38.43,707,"gbif"
"1125",1501170023,"Convolvulus lanuginosus",1,"2010-09-03",-0.52,40.08,707,"gbif"
"1126",1502067754,"Convolvulus lanuginosus",1,"2010-09-19",-0.92,38.47,707,"gbif"
"1127",1501887892,"Convolvulus lanuginosus",1,"2010-09-21",-0.53,39.36,707,"gbif"
"1128",1502143803,"Convolvulus lanuginosus",1,"2010-10-24",-0.47,39.9,707,"gbif"
"1129",1502143728,"Convolvulus lanuginosus",1,"2010-10-24",-0.48,39.9,707,"gbif"
"1130",1502128530,"Convolvulus lanuginosus",1,"2010-10-24",-0.46,39.87,707,"gbif"
"1131",1502123520,"Convolvulus lanuginosus",1,"2010-10-24",-0.53,39.87,707,"gbif"
"1132",1502122598,"Convolvulus lanuginosus",1,"2010-10-24",-0.54,39.88,707,"gbif"
"1133",1502119282,"Convolvulus lanuginosus",1,"2010-10-24",-0.47,39.89,707,"gbif"
"1134",1502107295,"Convolvulus lanuginosus",1,"2010-10-24",-0.47,39.87,707,"gbif"
"1135",1502106845,"Convolvulus lanuginosus",1,"2010-10-24",-0.55,39.89,707,"gbif"
"1136",1502106807,"Convolvulus lanuginosus",1,"2010-10-24",-0.56,39.89,707,"gbif"
"1137",1502105633,"Convolvulus lanuginosus",1,"2010-10-24",-0.55,39.88,707,"gbif"
"1138",1502101875,"Convolvulus lanuginosus",1,"2010-10-24",-0.44,39.88,707,"gbif"
"1139",1502101836,"Convolvulus lanuginosus",1,"2010-10-24",-0.45,39.87,707,"gbif"
"1140",1502098617,"Convolvulus lanuginosus",1,"2010-10-24",-0.53,39.88,707,"gbif"
"1141",1502111881,"Convolvulus lanuginosus",1,"2010-10-28",-0.48,39.83,707,"gbif"
"1142",1502111862,"Convolvulus lanuginosus",1,"2010-10-28",-0.48,39.84,707,"gbif"
"1143",1502111708,"Convolvulus lanuginosus",1,"2010-10-28",-0.47,39.83,707,"gbif"
"1144",1502100484,"Convolvulus lanuginosus",1,"2010-10-28",-0.47,39.82,707,"gbif"
"1145",1502100461,"Convolvulus lanuginosus",1,"2010-10-28",-0.49,39.83,707,"gbif"
"1146",1502100430,"Convolvulus lanuginosus",1,"2010-10-28",-0.48,39.82,707,"gbif"
"1147",1502067741,"Convolvulus lanuginosus",1,"2010-10-29",-0.86,38.38,707,"gbif"
"1148",1502135277,"Convolvulus lanuginosus",1,"2010-11-05",-0.46,39.8,707,"gbif"
"1149",1502135249,"Convolvulus lanuginosus",1,"2010-11-05",-0.45,39.82,707,"gbif"
"1150",1502135233,"Convolvulus lanuginosus",1,"2010-11-05",-0.47,39.8,707,"gbif"
"1151",1502135232,"Convolvulus lanuginosus",1,"2010-11-05",-0.46,39.81,707,"gbif"
"1152",1502135204,"Convolvulus lanuginosus",1,"2010-11-05",-0.46,39.82,707,"gbif"
"1153",1502135195,"Convolvulus lanuginosus",1,"2010-11-05",-0.47,39.81,707,"gbif"
"1154",1502129674,"Convolvulus lanuginosus",1,"2010-12-06",-0.56,39.33,707,"gbif"
"1155",1502129622,"Convolvulus lanuginosus",1,"2010-12-06",-0.55,39.33,707,"gbif"
"1156",1502101776,"Convolvulus lanuginosus",1,"2010-12-06",-0.53,39.33,707,"gbif"
"1157",1502101775,"Convolvulus lanuginosus",1,"2010-12-06",-0.52,39.34,707,"gbif"
"1158",1502101767,"Convolvulus lanuginosus",1,"2010-12-06",-0.52,39.33,707,"gbif"
"1159",1502101749,"Convolvulus lanuginosus",1,"2010-12-06",-0.53,39.32,707,"gbif"
"1160",1502101189,"Convolvulus lanuginosus",1,"2010-12-06",-0.51,39.34,707,"gbif"
"1161",1502099285,"Convolvulus lanuginosus",1,"2010-12-06",-0.57,39.32,707,"gbif"
"1162",1502099215,"Convolvulus lanuginosus",1,"2010-12-06",-0.57,39.31,707,"gbif"
"1163",1502137842,"Convolvulus lanuginosus",1,"2010-12-11",-0.57,39.44,707,"gbif"
"1164",1502137840,"Convolvulus lanuginosus",1,"2010-12-11",-0.55,39.43,707,"gbif"
"1165",1502111127,"Convolvulus lanuginosus",1,"2010-12-11",-0.55,39.44,707,"gbif"
"1166",1502067686,"Convolvulus lanuginosus",1,"2010-12-23",-0.8,38.3,707,"gbif"
"1167",1502141210,"Convolvulus lanuginosus",1,"2011-01-08",-0.38,40.05,707,"gbif"
"1168",1502140813,"Convolvulus lanuginosus",1,"2011-01-08",-0.37,40.04,707,"gbif"
"1169",1502140791,"Convolvulus lanuginosus",1,"2011-01-08",-0.38,40.04,707,"gbif"
"1170",1502140535,"Convolvulus lanuginosus",1,"2011-01-08",-0.4,40.06,707,"gbif"
"1171",1502119027,"Convolvulus lanuginosus",1,"2011-01-08",-0.45,40.07,707,"gbif"
"1172",1502119023,"Convolvulus lanuginosus",1,"2011-01-08",-0.44,40.07,707,"gbif"
"1173",1502118587,"Convolvulus lanuginosus",1,"2011-01-08",-0.28,39.98,707,"gbif"
"1174",1502109817,"Convolvulus lanuginosus",1,"2011-01-08",-0.27,39.99,707,"gbif"
"1175",1502109813,"Convolvulus lanuginosus",1,"2011-01-08",-0.28,39.99,707,"gbif"
"1176",1502097408,"Convolvulus lanuginosus",1,"2011-01-08",-0.39,40.05,707,"gbif"
"1177",1502248824,"Convolvulus lanuginosus",1,"2011-01-14",-0.67,38.34,707,"gbif"
"1178",1502130280,"Convolvulus lanuginosus",1,"2011-01-15",-0.5,39.32,707,"gbif"
"1179",1502130277,"Convolvulus lanuginosus",1,"2011-01-15",-0.49,39.32,707,"gbif"
"1180",1502122424,"Convolvulus lanuginosus",1,"2011-01-15",-0.49,39.31,707,"gbif"
"1181",1502132630,"Convolvulus lanuginosus",1,"2011-01-23",-0.62,39.5,707,"gbif"
"1182",1502126382,"Convolvulus lanuginosus",1,"2011-01-23",-0.61,39.5,707,"gbif"
"1183",1502114020,"Convolvulus lanuginosus",1,"2011-01-23",-0.56,39.5,707,"gbif"
"1184",1502114006,"Convolvulus lanuginosus",1,"2011-01-23",-0.56,39.49,707,"gbif"
"1185",1502112141,"Convolvulus lanuginosus",1,"2011-01-23",-0.6,39.5,707,"gbif"
"1186",1502098652,"Convolvulus lanuginosus",1,"2011-01-23",-0.55,39.5,707,"gbif"
"1187",1502058632,"Convolvulus lanuginosus",1,"2011-01-23",-0.32,38.96,707,"gbif"
"1188",1502059000,"Convolvulus lanuginosus",1,"2011-02-08",-0.29,39.08,707,"gbif"
"1189",1502127060,"Convolvulus lanuginosus",1,"2011-02-16",-0.56,39.58,707,"gbif"
"1190",1502126750,"Convolvulus lanuginosus",1,"2011-02-16",-0.55,39.58,707,"gbif"
"1191",1502126619,"Convolvulus lanuginosus",1,"2011-02-16",-0.56,39.57,707,"gbif"
"1192",1502130558,"Convolvulus lanuginosus",1,"2011-02-20",-0.6,39.15,707,"gbif"
"1193",1502130383,"Convolvulus lanuginosus",1,"2011-02-20",-0.59,39.15,707,"gbif"
"1194",1502128872,"Convolvulus lanuginosus",1,"2011-02-20",-0.63,39.15,707,"gbif"
"1195",1502128865,"Convolvulus lanuginosus",1,"2011-02-20",-0.63,39.14,707,"gbif"
"1196",1502122866,"Convolvulus lanuginosus",1,"2011-02-20",-0.62,39.14,707,"gbif"
"1197",1502113943,"Convolvulus lanuginosus",1,"2011-02-20",-0.55,39.13,707,"gbif"
"1198",1502113911,"Convolvulus lanuginosus",1,"2011-02-20",-0.55,39.14,707,"gbif"
"1199",1502112434,"Convolvulus lanuginosus",1,"2011-02-20",-0.59,39.16,707,"gbif"
"1200",1502110409,"Convolvulus lanuginosus",1,"2011-02-20",-0.69,39.21,707,"gbif"
"1201",1502110376,"Convolvulus lanuginosus",1,"2011-02-20",-0.68,39.21,707,"gbif"
"1202",1502110374,"Convolvulus lanuginosus",1,"2011-02-20",-0.68,39.22,707,"gbif"
"1203",1502104397,"Convolvulus lanuginosus",1,"2011-02-20",-0.61,39.15,707,"gbif"
"1204",1502104366,"Convolvulus lanuginosus",1,"2011-02-20",-0.6,39.16,707,"gbif"
"1205",1502059356,"Convolvulus lanuginosus",1,"2011-02-20",-0.31,38.95,707,"gbif"
"1206",1502059140,"Convolvulus lanuginosus",1,"2011-02-20",-0.29,38.95,707,"gbif"
"1207",1502138753,"Convolvulus lanuginosus",1,"2011-03-02",-0.52,39.62,707,"gbif"
"1208",1502132090,"Convolvulus lanuginosus",1,"2011-03-02",-0.52,39.63,707,"gbif"
"1209",1502105863,"Convolvulus lanuginosus",1,"2011-03-02",-0.51,39.63,707,"gbif"
"1210",1502105843,"Convolvulus lanuginosus",1,"2011-03-02",-0.51,39.64,707,"gbif"
"1211",1502127641,"Convolvulus lanuginosus",1,"2011-03-06",-0.31,39.7,707,"gbif"
"1212",1502127632,"Convolvulus lanuginosus",1,"2011-03-06",-0.3,39.69,707,"gbif"
"1213",1502127584,"Convolvulus lanuginosus",1,"2011-03-06",-0.31,39.69,707,"gbif"
"1214",1502127265,"Convolvulus lanuginosus",1,"2011-03-20",-0.2,39.85,707,"gbif"
"1215",1502118620,"Convolvulus lanuginosus",1,"2011-03-20",-0.2,39.86,707,"gbif"
"1216",1502248889,"Convolvulus lanuginosus",1,"2011-03-30",-0.74,38.42,707,"gbif"
"1217",1502129111,"Convolvulus lanuginosus",1,"2011-03-30",-0.59,39.39,707,"gbif"
"1218",1502129089,"Convolvulus lanuginosus",1,"2011-03-30",-0.58,39.38,707,"gbif"
"1219",1502123366,"Convolvulus lanuginosus",1,"2011-03-30",-0.59,39.38,707,"gbif"
"1220",1502118144,"Convolvulus lanuginosus",1,"2011-03-30",-0.62,39.43,707,"gbif"
"1221",1502118102,"Convolvulus lanuginosus",1,"2011-03-30",-0.61,39.43,707,"gbif"
"1222",1502116237,"Convolvulus lanuginosus",1,"2011-03-30",-0.65,39.41,707,"gbif"
"1223",1502116213,"Convolvulus lanuginosus",1,"2011-03-30",-0.64,39.41,707,"gbif"
"1224",1502103554,"Convolvulus lanuginosus",1,"2011-03-30",-0.66,39.42,707,"gbif"
"1225",1502103551,"Convolvulus lanuginosus",1,"2011-03-30",-0.65,39.42,707,"gbif"
"1226",1502103527,"Convolvulus lanuginosus",1,"2011-03-30",-0.64,39.42,707,"gbif"
"1227",1502099632,"Convolvulus lanuginosus",1,"2011-03-30",-0.57,39.39,707,"gbif"
"1228",1502099629,"Convolvulus lanuginosus",1,"2011-03-30",-0.58,39.39,707,"gbif"
"1229",1502138438,"Convolvulus lanuginosus",1,"2011-04-06",-0.62,39.59,707,"gbif"
"1230",1502126171,"Convolvulus lanuginosus",1,"2011-04-06",-0.61,39.6,707,"gbif"
"1231",1502125955,"Convolvulus lanuginosus",1,"2011-04-06",-0.63,39.57,707,"gbif"
"1232",1502125881,"Convolvulus lanuginosus",1,"2011-04-06",-0.63,39.58,707,"gbif"
"1233",1502124573,"Convolvulus lanuginosus",1,"2011-04-06",-0.63,39.61,707,"gbif"
"1234",1502111547,"Convolvulus lanuginosus",1,"2011-04-06",-0.62,39.61,707,"gbif"
"1235",1502111532,"Convolvulus lanuginosus",1,"2011-04-06",-0.61,39.61,707,"gbif"
"1236",1502237206,"Convolvulus lanuginosus",1,"2011-04-12",0.21,40.45,707,"gbif"
"1237",1502132862,"Convolvulus lanuginosus",1,"2011-04-16",-0.36,39.89,707,"gbif"
"1238",1502132844,"Convolvulus lanuginosus",1,"2011-04-16",-0.36,39.9,707,"gbif"
"1239",1502118564,"Convolvulus lanuginosus",1,"2011-04-16",-0.37,39.9,707,"gbif"
"1240",1502113144,"Convolvulus lanuginosus",1,"2011-04-16",-0.35,39.9,707,"gbif"
"1241",2592073245,"Convolvulus lanuginosus",1,"2011-04-17",0.4,40.47,71,"gbif"
"1242",1502044973,"Convolvulus lanuginosus",1,"2011-04-17",-0.27,38.9,707,"gbif"
"1243",1502044943,"Convolvulus lanuginosus",1,"2011-04-17",-0.27,38.91,707,"gbif"
"1244",1502318224,"Convolvulus lanuginosus",1,"2011-04-22",-0.74,38.73,707,"gbif"
"1245",1502248814,"Convolvulus lanuginosus",1,"2011-04-25",-0.83,38.33,707,"gbif"
"1246",1502123702,"Convolvulus lanuginosus",1,"2011-04-25",-0.63,39.48,707,"gbif"
"1247",1502118779,"Convolvulus lanuginosus",1,"2011-04-25",-0.67,39.46,707,"gbif"
"1248",1502116113,"Convolvulus lanuginosus",1,"2011-04-25",-0.67,39.45,707,"gbif"
"1249",1502112066,"Convolvulus lanuginosus",1,"2011-04-25",-0.69,39.44,707,"gbif"
"1250",1502111956,"Convolvulus lanuginosus",1,"2011-04-25",-0.68,39.46,707,"gbif"
"1251",1502106139,"Convolvulus lanuginosus",1,"2011-04-25",-0.68,39.44,707,"gbif"
"1252",1502104263,"Convolvulus lanuginosus",1,"2011-04-25",-0.63,39.49,707,"gbif"
"1253",1502102342,"Convolvulus lanuginosus",1,"2011-04-25",-0.69,39.46,707,"gbif"
"1254",1502102321,"Convolvulus lanuginosus",1,"2011-04-25",-0.69,39.45,707,"gbif"
"1255",1502102126,"Convolvulus lanuginosus",1,"2011-04-25",-0.65,39.48,707,"gbif"
"1256",1502121975,"Convolvulus lanuginosus",1,"2011-04-27",-0.4,38.96,707,"gbif"
"1257",1502113038,"Convolvulus lanuginosus",1,"2011-04-27",-0.41,38.96,707,"gbif"
"1258",1502137487,"Convolvulus lanuginosus",1,"2011-04-28",-0.35,39.63,707,"gbif"
"1259",1502131877,"Convolvulus lanuginosus",1,"2011-04-28",-0.36,39.63,707,"gbif"
"1260",1502118334,"Convolvulus lanuginosus",1,"2011-04-28",-0.35,39.64,707,"gbif"
"1261",1502113687,"Convolvulus lanuginosus",1,"2011-04-28",-0.36,39.65,707,"gbif"
"1262",1502102073,"Convolvulus lanuginosus",1,"2011-04-28",-0.35,39.65,707,"gbif"
"1263",1502143681,"Convolvulus lanuginosus",1,"2011-05-03",-0.59,39.52,707,"gbif"
"1264",1502130004,"Convolvulus lanuginosus",1,"2011-05-03",-0.56,39.52,707,"gbif"
"1265",1502129997,"Convolvulus lanuginosus",1,"2011-05-03",-0.56,39.51,707,"gbif"
"1266",1502129963,"Convolvulus lanuginosus",1,"2011-05-03",-0.57,39.51,707,"gbif"
"1267",1502129961,"Convolvulus lanuginosus",1,"2011-05-03",-0.57,39.52,707,"gbif"
"1268",1502123956,"Convolvulus lanuginosus",1,"2011-05-03",-0.59,39.51,707,"gbif"
"1269",1502110767,"Convolvulus lanuginosus",1,"2011-05-03",-0.59,39.53,707,"gbif"
"1270",1502316548,"Convolvulus lanuginosus",1,"2011-05-05",-0.83,38.73,707,"gbif"
"1271",1502248812,"Convolvulus lanuginosus",1,"2011-05-05",-0.95,38.31,707,"gbif"
"1272",1502110177,"Convolvulus lanuginosus",1,"2011-05-06",-0.64,39.96,707,"gbif"
"1273",781075381,"Convolvulus lanuginosus",1,"2011-05-07",-4.63,36.7,1,"gbif"
"1274",1502111401,"Convolvulus lanuginosus",1,"2011-05-07",-0.32,39.78,707,"gbif"
"1275",1502103270,"Convolvulus lanuginosus",1,"2011-05-07",-0.32,39.79,707,"gbif"
"1276",1502103265,"Convolvulus lanuginosus",1,"2011-05-07",-0.31,39.79,707,"gbif"
"1277",2844570225,"Convolvulus lanuginosus",1,"2011-05-09",-1.131148,37.609947,100,"gbif"
"1278",1502046403,"Convolvulus lanuginosus",1,"2011-05-09",-0.32,38.49,707,"gbif"
"1279",1501275376,"Convolvulus lanuginosus",1,"2011-05-09",-0.38,38.49,707,"gbif"
"1280",1502248834,"Convolvulus lanuginosus",1,"2011-05-11",-0.75,38.51,707,"gbif"
"1281",1502240050,"Convolvulus lanuginosus",1,"2011-05-11",-0.62,38.73,707,"gbif"
"1282",1502239920,"Convolvulus lanuginosus",1,"2011-05-11",-0.62,38.74,707,"gbif"
"1283",1502239867,"Convolvulus lanuginosus",1,"2011-05-11",-0.61,38.73,707,"gbif"
"1284",3713843138,"Convolvulus lanuginosus",1,"2011-05-15",-1.93,37.08,1,"gbif"
"1285",1502054919,"Convolvulus lanuginosus",1,"2011-05-22",-0.71,38.64,707,"gbif"
"1286",1502056617,"Convolvulus lanuginosus",1,"2011-05-25",-1.02,38.53,707,"gbif"
"1287",1502057981,"Convolvulus lanuginosus",1,"2011-05-31",-0.76,38.76,707,"gbif"
"1288",1502227334,"Convolvulus lanuginosus",1,"2011-06-02",-1.18,39.18,707,"gbif"
"1289",1502060076,"Convolvulus lanuginosus",1,"2011-06-04",-0.82,38.73,707,"gbif"
"1290",1502224040,"Convolvulus lanuginosus",1,"2011-06-13",-0.96,38.1,707,"gbif"
"1291",1502223987,"Convolvulus lanuginosus",1,"2011-06-13",-0.95,38.1,707,"gbif"
"1292",1502063328,"Convolvulus lanuginosus",1,"2011-06-15",-0.84,38.73,707,"gbif"
"1293",1502063987,"Convolvulus lanuginosus",1,"2011-06-16",-0.68,38.64,707,"gbif"
"1294",1502063595,"Convolvulus lanuginosus",1,"2011-06-16",-0.79,38.73,707,"gbif"
"1295",1502248768,"Convolvulus lanuginosus",1,"2011-06-20",-0.96,38.43,707,"gbif"
"1296",1502067456,"Convolvulus lanuginosus",1,"2011-06-22",-0.83,39.14,707,"gbif"
"1297",1502248888,"Convolvulus lanuginosus",1,"2011-08-04",-0.7,38.52,707,"gbif"
"1298",1502248848,"Convolvulus lanuginosus",1,"2011-08-10",-0.84,38.48,707,"gbif"
"1299",1502248795,"Convolvulus lanuginosus",1,"2011-08-18",-0.97,38.37,707,"gbif"
"1300",1502248787,"Convolvulus lanuginosus",1,"2011-08-22",-1.05,38.46,707,"gbif"
"1301",1502248744,"Convolvulus lanuginosus",1,"2011-08-30",-1.01,38.35,707,"gbif"
"1302",1502328535,"Convolvulus lanuginosus",1,"2011-08-31",-1.31,39.57,707,"gbif"
"1303",1502248811,"Convolvulus lanuginosus",1,"2011-09-01",-0.86,38.5,707,"gbif"
"1304",1502248794,"Convolvulus lanuginosus",1,"2011-09-06",-0.88,38.35,707,"gbif"
"1305",1502248838,"Convolvulus lanuginosus",1,"2011-09-09",-0.84,38.49,707,"gbif"
"1306",1502248825,"Convolvulus lanuginosus",1,"2011-09-13",-0.75,38.45,707,"gbif"
"1307",1502248802,"Convolvulus lanuginosus",1,"2011-09-14",-0.85,38.33,707,"gbif"
"1308",1502248850,"Convolvulus lanuginosus",1,"2011-09-19",-0.84,38.33,707,"gbif"
"1309",1502248855,"Convolvulus lanuginosus",1,"2011-09-20",-0.87,38.31,707,"gbif"
"1310",1502248841,"Convolvulus lanuginosus",1,"2011-09-29",-0.78,38.53,707,"gbif"
"1311",1502248810,"Convolvulus lanuginosus",1,"2011-10-15",-0.9,38.38,707,"gbif"
"1312",1502248818,"Convolvulus lanuginosus",1,"2011-10-20",-0.97,38.35,707,"gbif"
"1313",1501275448,"Convolvulus lanuginosus",1,"2011-10-26",-0.58,39.64,707,"gbif"
"1314",1501275423,"Convolvulus lanuginosus",1,"2011-10-26",-0.57,39.64,707,"gbif"
"1315",1501275408,"Convolvulus lanuginosus",1,"2011-10-26",-0.58,39.63,707,"gbif"
"1316",1501275397,"Convolvulus lanuginosus",1,"2011-10-26",-0.66,39.64,707,"gbif"
"1317",1501275390,"Convolvulus lanuginosus",1,"2011-10-26",-0.54,39.64,707,"gbif"
"1318",4040561834,"Convolvulus lanuginosus",1,"2011-11-03",-0.61,39.52,707,"gbif"
"1319",1502248793,"Convolvulus lanuginosus",1,"2011-11-13",-0.98,38.35,707,"gbif"
"1320",1502248769,"Convolvulus lanuginosus",1,"2011-11-18",-0.68,38.37,707,"gbif"
"1321",1501229168,"Convolvulus lanuginosus",1,"2011-11-18",-0.44,38.99,707,"gbif"
"1322",1502248798,"Convolvulus lanuginosus",1,"2011-11-20",-0.71,38.34,707,"gbif"
"1323",1502248807,"Convolvulus lanuginosus",1,"2011-11-24",-0.8,38.35,707,"gbif"
"1324",1501275374,"Convolvulus lanuginosus",1,"2011-11-24",-0.75,39.46,707,"gbif"
"1325",1501275349,"Convolvulus lanuginosus",1,"2011-11-24",-0.76,39.46,707,"gbif"
"1326",1501275346,"Convolvulus lanuginosus",1,"2011-11-24",-0.75,39.47,707,"gbif"
"1327",1501275337,"Convolvulus lanuginosus",1,"2011-11-24",-0.76,39.47,707,"gbif"
"1328",1501275313,"Convolvulus lanuginosus",1,"2011-11-24",-0.77,39.47,707,"gbif"
"1329",1501275406,"Convolvulus lanuginosus",1,"2011-11-30",-0.63,39.5,707,"gbif"
"1330",1501275405,"Convolvulus lanuginosus",1,"2011-11-30",-0.63,39.51,707,"gbif"
"1331",1501275402,"Convolvulus lanuginosus",1,"2011-11-30",-0.65,39.49,707,"gbif"
"1332",1501275401,"Convolvulus lanuginosus",1,"2011-11-30",-0.66,39.49,707,"gbif"
"1333",1501275396,"Convolvulus lanuginosus",1,"2011-11-30",-0.65,39.5,707,"gbif"
"1334",1501275365,"Convolvulus lanuginosus",1,"2011-11-30",-0.66,39.5,707,"gbif"
"1335",1501275460,"Convolvulus lanuginosus",1,"2011-12-03",-0.59,40.11,707,"gbif"
"1336",1501275414,"Convolvulus lanuginosus",1,"2011-12-03",-0.58,40.11,707,"gbif"
"1337",1501275465,"Convolvulus lanuginosus",1,"2011-12-06",-0.36,39.14,707,"gbif"
"1338",1501275442,"Convolvulus lanuginosus",1,"2011-12-06",-0.37,39.14,707,"gbif"
"1339",1501275468,"Convolvulus lanuginosus",1,"2011-12-08",-0.52,39.03,707,"gbif"
"1340",1501275452,"Convolvulus lanuginosus",1,"2011-12-08",-0.5,39.04,707,"gbif"
"1341",1501275449,"Convolvulus lanuginosus",1,"2011-12-08",-0.53,39.04,707,"gbif"
"1342",1501275444,"Convolvulus lanuginosus",1,"2011-12-08",-0.53,39.03,707,"gbif"
"1343",1501275435,"Convolvulus lanuginosus",1,"2011-12-08",-0.55,39.03,707,"gbif"
"1344",1501275431,"Convolvulus lanuginosus",1,"2011-12-08",-0.54,39.03,707,"gbif"
"1345",1501275410,"Convolvulus lanuginosus",1,"2011-12-08",-0.5,39.05,707,"gbif"
"1346",1501229597,"Convolvulus lanuginosus",1,"2011-12-14",-0.35,38.99,707,"gbif"
"1347",1501275463,"Convolvulus lanuginosus",1,"2011-12-18",-0.16,40.02,707,"gbif"
"1348",1501275462,"Convolvulus lanuginosus",1,"2011-12-18",-0.16,40.01,707,"gbif"
"1349",1501275433,"Convolvulus lanuginosus",1,"2011-12-18",-0.16,40.03,707,"gbif"
"1350",1501229766,"Convolvulus lanuginosus",1,"2011-12-19",-0.59,39.29,707,"gbif"
"1351",1501275447,"Convolvulus lanuginosus",1,"2012-01-11",-0.53,39.43,707,"gbif"
"1352",1501275432,"Convolvulus lanuginosus",1,"2012-01-11",-0.54,39.43,707,"gbif"
"1353",1501275429,"Convolvulus lanuginosus",1,"2012-01-11",-0.54,39.42,707,"gbif"
"1354",1501275426,"Convolvulus lanuginosus",1,"2012-01-11",-0.58,39.42,707,"gbif"
"1355",1501275418,"Convolvulus lanuginosus",1,"2012-01-11",-0.54,39.41,707,"gbif"
"1356",1501275416,"Convolvulus lanuginosus",1,"2012-01-11",-0.55,39.41,707,"gbif"
"1357",1501275400,"Convolvulus lanuginosus",1,"2012-01-11",-0.53,39.42,707,"gbif"
"1358",1501230459,"Convolvulus lanuginosus",1,"2012-01-13",-0.82,39.09,707,"gbif"
"1359",1501275427,"Convolvulus lanuginosus",1,"2012-01-15",-0.6,39.24,707,"gbif"
"1360",1501275420,"Convolvulus lanuginosus",1,"2012-01-15",-0.6,39.25,707,"gbif"
"1361",1501275417,"Convolvulus lanuginosus",1,"2012-01-15",-0.58,39.24,707,"gbif"
"1362",1501275389,"Convolvulus lanuginosus",1,"2012-01-15",-0.58,39.23,707,"gbif"
"1363",1501549322,"Convolvulus lanuginosus",1,"2012-02-12",-0.7,38.42,707,"gbif"
"1364",1501275467,"Convolvulus lanuginosus",1,"2012-03-03",-0.25,39.84,707,"gbif"
"1365",1501275466,"Convolvulus lanuginosus",1,"2012-03-03",-0.24,39.84,707,"gbif"
"1366",1501275459,"Convolvulus lanuginosus",1,"2012-03-03",-0.25,39.85,707,"gbif"
"1367",1501551479,"Convolvulus lanuginosus",1,"2012-03-23",-0.82,38.42,707,"gbif"
"1368",1501232199,"Convolvulus lanuginosus",1,"2012-03-23",-0.52,38.98,707,"gbif"
"1369",1501232083,"Convolvulus lanuginosus",1,"2012-03-23",-0.54,38.98,707,"gbif"
"1370",1501275454,"Convolvulus lanuginosus",1,"2012-03-28",-0.59,38.99,707,"gbif"
"1371",1501275443,"Convolvulus lanuginosus",1,"2012-03-28",-0.63,38.99,707,"gbif"
"1372",1501275430,"Convolvulus lanuginosus",1,"2012-03-28",-0.59,39,707,"gbif"
"1373",1501275422,"Convolvulus lanuginosus",1,"2012-03-28",-0.6,39,707,"gbif"
"1374",1501275421,"Convolvulus lanuginosus",1,"2012-03-28",-0.63,39,707,"gbif"
"1375",1501275419,"Convolvulus lanuginosus",1,"2012-03-28",-0.62,39,707,"gbif"
"1376",1501275415,"Convolvulus lanuginosus",1,"2012-03-28",-0.64,39,707,"gbif"
"1377",1501275413,"Convolvulus lanuginosus",1,"2012-03-28",-0.62,38.99,707,"gbif"
"1378",1501275409,"Convolvulus lanuginosus",1,"2012-03-28",-0.6,38.99,707,"gbif"
"1379",1501275404,"Convolvulus lanuginosus",1,"2012-03-28",-0.64,38.99,707,"gbif"
"1380",1501275395,"Convolvulus lanuginosus",1,"2012-03-28",-0.65,39,707,"gbif"
"1381",1501275394,"Convolvulus lanuginosus",1,"2012-03-28",-0.64,38.97,707,"gbif"
"1382",1501275393,"Convolvulus lanuginosus",1,"2012-03-28",-0.64,38.96,707,"gbif"
"1383",1501275375,"Convolvulus lanuginosus",1,"2012-03-28",-0.62,38.98,707,"gbif"
"1384",1501275366,"Convolvulus lanuginosus",1,"2012-03-28",-0.63,38.98,707,"gbif"
"1385",781075399,"Convolvulus lanuginosus",1,"2012-03-30",-4.58,36.69,1,"gbif"
"1386",1501549818,"Convolvulus lanuginosus",1,"2012-04-04",-0.83,38.49,707,"gbif"
"1387",1501275474,"Convolvulus lanuginosus",1,"2012-04-05",-0.42,39.82,707,"gbif"
"1388",1501275473,"Convolvulus lanuginosus",1,"2012-04-05",-0.42,39.83,707,"gbif"
"1389",1501275458,"Convolvulus lanuginosus",1,"2012-04-05",-0.41,39.83,707,"gbif"
"1390",1501275457,"Convolvulus lanuginosus",1,"2012-04-10",-0.32,38.85,707,"gbif"
"1391",1501275455,"Convolvulus lanuginosus",1,"2012-04-10",-0.43,38.82,707,"gbif"
"1392",1501275451,"Convolvulus lanuginosus",1,"2012-04-10",-0.41,38.82,707,"gbif"
"1393",1501275445,"Convolvulus lanuginosus",1,"2012-04-10",-0.44,38.83,707,"gbif"
"1394",1501275439,"Convolvulus lanuginosus",1,"2012-04-10",-0.34,38.83,707,"gbif"
"1395",1501275399,"Convolvulus lanuginosus",1,"2012-04-10",-0.44,38.81,707,"gbif"
"1396",1501275381,"Convolvulus lanuginosus",1,"2012-04-10",-0.44,38.82,707,"gbif"
"1397",1501275379,"Convolvulus lanuginosus",1,"2012-04-10",-0.45,38.81,707,"gbif"
"1398",1501275377,"Convolvulus lanuginosus",1,"2012-04-10",-0.36,38.81,707,"gbif"
"1399",1501275370,"Convolvulus lanuginosus",1,"2012-04-10",-0.45,38.82,707,"gbif"
"1400",1501275368,"Convolvulus lanuginosus",1,"2012-04-10",-0.37,38.81,707,"gbif"
"1401",1501275364,"Convolvulus lanuginosus",1,"2012-04-10",-0.47,38.81,707,"gbif"
"1402",1501275355,"Convolvulus lanuginosus",1,"2012-04-10",-0.46,38.8,707,"gbif"
"1403",1501275428,"Convolvulus lanuginosus",1,"2012-04-12",-0.66,39.1,707,"gbif"
"1404",1501275424,"Convolvulus lanuginosus",1,"2012-04-12",-0.66,39.12,707,"gbif"
"1405",1501275412,"Convolvulus lanuginosus",1,"2012-04-12",-0.64,39.08,707,"gbif"
"1406",1501275411,"Convolvulus lanuginosus",1,"2012-04-12",-0.64,39.07,707,"gbif"
"1407",1501275407,"Convolvulus lanuginosus",1,"2012-04-12",-0.66,39.09,707,"gbif"
"1408",1501275398,"Convolvulus lanuginosus",1,"2012-04-12",-0.67,39.13,707,"gbif"
"1409",1501275391,"Convolvulus lanuginosus",1,"2012-04-12",-0.65,39.08,707,"gbif"
"1410",1501275385,"Convolvulus lanuginosus",1,"2012-04-12",-0.65,39.09,707,"gbif"
"1411",1501275383,"Convolvulus lanuginosus",1,"2012-04-12",-0.66,39.13,707,"gbif"
"1412",1501275367,"Convolvulus lanuginosus",1,"2012-04-12",-0.67,39.11,707,"gbif"
"1413",1501275354,"Convolvulus lanuginosus",1,"2012-04-12",-0.67,39.1,707,"gbif"
"1414",1501275325,"Convolvulus lanuginosus",1,"2012-04-12",-0.83,39.11,707,"gbif"
"1415",1501275322,"Convolvulus lanuginosus",1,"2012-04-12",-0.81,39.12,707,"gbif"
"1416",1501275319,"Convolvulus lanuginosus",1,"2012-04-12",-0.78,39.13,707,"gbif"
"1417",1501275317,"Convolvulus lanuginosus",1,"2012-04-12",-0.8,39.11,707,"gbif"
"1418",1501275308,"Convolvulus lanuginosus",1,"2012-04-12",-0.77,39.13,707,"gbif"
"1419",1501275301,"Convolvulus lanuginosus",1,"2012-04-12",-0.85,39.11,707,"gbif"
"1420",1501275282,"Convolvulus lanuginosus",1,"2012-04-12",-0.82,39.12,707,"gbif"
"1421",1501275269,"Convolvulus lanuginosus",1,"2012-04-12",-0.84,39.11,707,"gbif"
"1422",2840290869,"Convolvulus lanuginosus",1,"2012-04-16",-1.051254,37.616677,100,"gbif"
"1423",1501548257,"Convolvulus lanuginosus",1,"2012-04-19",-0.82,38.38,707,"gbif"
"1424",781075400,"Convolvulus lanuginosus",1,"2012-04-21",-4.6,36.69,1,"gbif"
"1425",1501547637,"Convolvulus lanuginosus",1,"2012-04-23",-0.65,38.34,707,"gbif"
"1426",1501551367,"Convolvulus lanuginosus",1,"2012-04-25",-0.81,38.42,707,"gbif"
"1427",1501275479,"Convolvulus lanuginosus",1,"2012-04-29",-0.46,39.67,707,"gbif"
"1428",1501275471,"Convolvulus lanuginosus",1,"2012-04-29",-0.45,39.66,707,"gbif"
"1429",1501275446,"Convolvulus lanuginosus",1,"2012-04-29",-0.44,39.66,707,"gbif"
"1430",1501275438,"Convolvulus lanuginosus",1,"2012-04-29",-0.45,39.67,707,"gbif"
"1431",1501275345,"Convolvulus lanuginosus",1,"2012-04-30",-0.75,39.45,707,"gbif"
"1432",1501275338,"Convolvulus lanuginosus",1,"2012-04-30",-0.76,39.45,707,"gbif"
"1433",1501275327,"Convolvulus lanuginosus",1,"2012-04-30",-0.77,39.45,707,"gbif"
"1434",1501275294,"Convolvulus lanuginosus",1,"2012-04-30",-0.77,39.46,707,"gbif"
"1435",3713852019,"Convolvulus lanuginosus",1,"2012-05-01",-1.88,37.11,707,"gbif"
"1436",1501215189,"Convolvulus lanuginosus",1,"2012-05-02",-0.35,39.07,707,"gbif"
"1437",1501214793,"Convolvulus lanuginosus",1,"2012-05-02",-0.31,39.09,707,"gbif"
"1438",781075401,"Convolvulus lanuginosus",1,"2012-05-04",-3.82,36.75,100,"gbif"
"1439",1501556328,"Convolvulus lanuginosus",1,"2012-05-04",-0.82,38.71,707,"gbif"
"1440",1501552546,"Convolvulus lanuginosus",1,"2012-05-04",-0.78,38.42,707,"gbif"
"1441",1501275488,"Convolvulus lanuginosus",1,"2012-05-06",-0.27,40.06,707,"gbif"
"1442",1501275483,"Convolvulus lanuginosus",1,"2012-05-06",-0.27,40.08,707,"gbif"
"1443",1501275478,"Convolvulus lanuginosus",1,"2012-05-06",-0.27,40.09,707,"gbif"
"1444",1501275441,"Convolvulus lanuginosus",1,"2012-05-06",-0.26,40.06,707,"gbif"
"1445",1501547269,"Convolvulus lanuginosus",1,"2012-05-07",-0.83,38.4,707,"gbif"
"1446",1501216004,"Convolvulus lanuginosus",1,"2012-05-09",-0.34,39.82,707,"gbif"
"1447",1501215788,"Convolvulus lanuginosus",1,"2012-05-09",-0.34,39.81,707,"gbif"
"1448",781075411,"Convolvulus lanuginosus",1,"2012-05-11",-5.26,36.35,707,"gbif"
"1449",1501217127,"Convolvulus lanuginosus",1,"2012-05-16",-0.61,38.9,707,"gbif"
"1450",1501216900,"Convolvulus lanuginosus",1,"2012-05-16",-0.56,38.94,707,"gbif"
"1451",1501216854,"Convolvulus lanuginosus",1,"2012-05-16",-0.57,38.94,707,"gbif"
"1452",1501275378,"Convolvulus lanuginosus",1,"2012-05-19",-0.73,38.94,707,"gbif"
"1453",1501275359,"Convolvulus lanuginosus",1,"2012-05-19",-0.71,38.95,707,"gbif"
"1454",1501275352,"Convolvulus lanuginosus",1,"2012-05-19",-0.73,38.95,707,"gbif"
"1455",1501275347,"Convolvulus lanuginosus",1,"2012-05-19",-0.71,38.96,707,"gbif"
"1456",1501275344,"Convolvulus lanuginosus",1,"2012-05-19",-0.72,38.94,707,"gbif"
"1457",1501275324,"Convolvulus lanuginosus",1,"2012-05-19",-0.8,38.97,707,"gbif"
"1458",1501275321,"Convolvulus lanuginosus",1,"2012-05-19",-0.7,38.96,707,"gbif"
"1459",1501275312,"Convolvulus lanuginosus",1,"2012-05-19",-0.81,38.96,707,"gbif"
"1460",1501275309,"Convolvulus lanuginosus",1,"2012-05-19",-0.86,38.97,707,"gbif"
"1461",1501275307,"Convolvulus lanuginosus",1,"2012-05-19",-0.81,38.97,707,"gbif"
"1462",1501275306,"Convolvulus lanuginosus",1,"2012-05-19",-0.85,38.96,707,"gbif"
"1463",1501275297,"Convolvulus lanuginosus",1,"2012-05-19",-0.87,38.96,707,"gbif"
"1464",1501275296,"Convolvulus lanuginosus",1,"2012-05-19",-0.87,38.97,707,"gbif"
"1465",1501275292,"Convolvulus lanuginosus",1,"2012-05-19",-0.85,38.95,707,"gbif"
"1466",1501275287,"Convolvulus lanuginosus",1,"2012-05-19",-0.85,38.97,707,"gbif"
"1467",1501547141,"Convolvulus lanuginosus",1,"2012-05-25",-0.96,38.31,707,"gbif"
"1468",1501549469,"Convolvulus lanuginosus",1,"2012-05-26",-0.84,38.5,707,"gbif"
"1469",1501392305,"Convolvulus lanuginosus",1,"2012-05-26",-0.33,38.8,707,"gbif"
"1470",1501555702,"Convolvulus lanuginosus",1,"2012-06-01",-0.97,38.56,707,"gbif"
"1471",1501551194,"Convolvulus lanuginosus",1,"2012-06-06",-0.75,38.52,707,"gbif"
"1472",1501548093,"Convolvulus lanuginosus",1,"2012-07-04",-0.84,38.3,707,"gbif"
"1473",1501392327,"Convolvulus lanuginosus",1,"2012-07-09",-0.4,39.08,707,"gbif"
"1474",1501392314,"Convolvulus lanuginosus",1,"2012-07-09",-0.39,39.08,707,"gbif"
"1475",1501546982,"Convolvulus lanuginosus",1,"2012-08-12",-0.42,39,707,"gbif"
"1476",1501546901,"Convolvulus lanuginosus",1,"2012-08-12",-0.41,38.99,707,"gbif"
"1477",1501546813,"Convolvulus lanuginosus",1,"2012-08-12",-0.42,38.99,707,"gbif"
"1478",1501549609,"Convolvulus lanuginosus",1,"2012-08-20",-0.86,38.42,707,"gbif"
"1479",1501551566,"Convolvulus lanuginosus",1,"2012-08-23",-0.97,38.39,707,"gbif"
"1480",1501547359,"Convolvulus lanuginosus",1,"2012-08-30",-0.9,38.46,707,"gbif"
"1481",1501552405,"Convolvulus lanuginosus",1,"2012-09-06",-0.87,38.37,707,"gbif"
"1482",1501555606,"Convolvulus lanuginosus",1,"2012-09-13",-0.72,38.68,707,"gbif"
"1483",1501552078,"Convolvulus lanuginosus",1,"2012-09-19",-0.75,38.47,707,"gbif"
"1484",1501552030,"Convolvulus lanuginosus",1,"2012-09-21",-0.75,38.44,707,"gbif"
"1485",1501552619,"Convolvulus lanuginosus",1,"2012-09-25",-0.89,38.37,707,"gbif"
"1486",1501549140,"Convolvulus lanuginosus",1,"2012-10-02",-0.86,38.41,707,"gbif"
"1487",1501551711,"Convolvulus lanuginosus",1,"2012-10-03",-0.91,38.38,707,"gbif"
"1488",1501505969,"Convolvulus lanuginosus",1,"2012-10-06",-0.41,39.74,707,"gbif"
"1489",1501489630,"Convolvulus lanuginosus",1,"2012-10-06",-0.4,39.75,707,"gbif"
"1490",1501546378,"Convolvulus lanuginosus",1,"2012-10-16",-0.32,38.92,707,"gbif"
"1491",1501546322,"Convolvulus lanuginosus",1,"2012-10-16",-0.32,38.93,707,"gbif"
"1492",1501546304,"Convolvulus lanuginosus",1,"2012-10-16",-0.31,38.93,707,"gbif"
"1493",1501546216,"Convolvulus lanuginosus",1,"2012-10-16",-0.31,38.92,707,"gbif"
"1494",1501512110,"Convolvulus lanuginosus",1,"2012-10-18",-0.49,39.68,707,"gbif"
"1495",1501507180,"Convolvulus lanuginosus",1,"2012-10-18",-0.49,39.69,707,"gbif"
"1496",1501497197,"Convolvulus lanuginosus",1,"2012-10-18",-0.5,39.69,707,"gbif"
"1497",1501542672,"Convolvulus lanuginosus",1,"2012-10-24",-0.6,39.71,707,"gbif"
"1498",1501535774,"Convolvulus lanuginosus",1,"2012-10-24",-0.58,39.69,707,"gbif"
"1499",1501535771,"Convolvulus lanuginosus",1,"2012-10-24",-0.6,39.67,707,"gbif"
"1500",1501535734,"Convolvulus lanuginosus",1,"2012-10-24",-0.59,39.69,707,"gbif"
"1501",1501528302,"Convolvulus lanuginosus",1,"2012-10-24",-0.61,39.7,707,"gbif"
"1502",1501514786,"Convolvulus lanuginosus",1,"2012-10-24",-0.63,39.7,707,"gbif"
"1503",1501539146,"Convolvulus lanuginosus",1,"2012-11-05",-0.61,39.47,707,"gbif"
"1504",1501533059,"Convolvulus lanuginosus",1,"2012-11-05",-0.63,39.46,707,"gbif"
"1505",1501523630,"Convolvulus lanuginosus",1,"2012-11-05",-0.62,39.48,707,"gbif"
"1506",1501521675,"Convolvulus lanuginosus",1,"2012-11-05",-0.63,39.47,707,"gbif"
"1507",1501521660,"Convolvulus lanuginosus",1,"2012-11-05",-0.62,39.47,707,"gbif"
"1508",1501487091,"Convolvulus lanuginosus",1,"2012-11-05",-0.62,39.49,707,"gbif"
"1509",1501531861,"Convolvulus lanuginosus",1,"2012-11-10",0.05,38.82,707,"gbif"
"1510",1501531854,"Convolvulus lanuginosus",1,"2012-11-10",0.05,38.81,707,"gbif"
"1511",1501531811,"Convolvulus lanuginosus",1,"2012-11-10",0.03,38.82,707,"gbif"
"1512",1501531070,"Convolvulus lanuginosus",1,"2012-11-10",0.06,38.81,707,"gbif"
"1513",1501528466,"Convolvulus lanuginosus",1,"2012-11-10",0.07,38.81,707,"gbif"
"1514",1501514653,"Convolvulus lanuginosus",1,"2012-11-10",0.03,38.81,707,"gbif"
"1515",1501533634,"Convolvulus lanuginosus",1,"2012-11-16",-0.64,39.36,707,"gbif"
"1516",1501509204,"Convolvulus lanuginosus",1,"2012-11-16",-0.66,39.37,707,"gbif"
"1517",1501545618,"Convolvulus lanuginosus",1,"2012-11-23",-1.19,39.19,707,"gbif"
"1518",1501542542,"Convolvulus lanuginosus",1,"2012-11-27",-0.6,38.8,707,"gbif"
"1519",1501515567,"Convolvulus lanuginosus",1,"2012-11-27",-0.62,38.79,707,"gbif"
"1520",1501515565,"Convolvulus lanuginosus",1,"2012-11-27",-0.62,38.8,707,"gbif"
"1521",1501515529,"Convolvulus lanuginosus",1,"2012-11-27",-0.63,38.79,707,"gbif"
"1522",1501510027,"Convolvulus lanuginosus",1,"2012-11-27",-0.65,38.79,707,"gbif"
"1523",1501486928,"Convolvulus lanuginosus",1,"2012-11-27",-0.59,38.81,707,"gbif"
"1524",1501526865,"Convolvulus lanuginosus",1,"2012-12-02",-0.55,39.68,707,"gbif"
"1525",1501524174,"Convolvulus lanuginosus",1,"2012-12-02",-0.54,39.72,707,"gbif"
"1526",1501502988,"Convolvulus lanuginosus",1,"2012-12-02",-0.53,39.67,707,"gbif"
"1527",1501499576,"Convolvulus lanuginosus",1,"2012-12-02",-0.42,39.7,707,"gbif"
"1528",1501489212,"Convolvulus lanuginosus",1,"2012-12-02",-0.43,39.7,707,"gbif"
"1529",1501542058,"Convolvulus lanuginosus",1,"2012-12-07",-0.22,39.77,707,"gbif"
"1530",1501537184,"Convolvulus lanuginosus",1,"2012-12-07",-0.28,39.79,707,"gbif"
"1531",1501532270,"Convolvulus lanuginosus",1,"2012-12-07",-0.3,39.78,707,"gbif"
"1532",1501529092,"Convolvulus lanuginosus",1,"2012-12-07",-0.24,39.78,707,"gbif"
"1533",1501508234,"Convolvulus lanuginosus",1,"2012-12-07",-0.22,39.78,707,"gbif"
"1534",1501508181,"Convolvulus lanuginosus",1,"2012-12-07",-0.23,39.78,707,"gbif"
"1535",1501507551,"Convolvulus lanuginosus",1,"2012-12-07",-0.27,39.79,707,"gbif"
"1536",1501489010,"Convolvulus lanuginosus",1,"2012-12-07",-0.23,39.77,707,"gbif"
"1537",1501533166,"Convolvulus lanuginosus",1,"2012-12-15",-0.59,39.21,707,"gbif"
"1538",1501521224,"Convolvulus lanuginosus",1,"2012-12-15",-0.59,39.19,707,"gbif"
"1539",1501519815,"Convolvulus lanuginosus",1,"2012-12-15",-0.6,39.19,707,"gbif"
"1540",1501519806,"Convolvulus lanuginosus",1,"2012-12-15",-0.61,39.19,707,"gbif"
"1541",1501516126,"Convolvulus lanuginosus",1,"2012-12-15",-0.57,39.21,707,"gbif"
"1542",1501500084,"Convolvulus lanuginosus",1,"2012-12-15",-0.56,39.2,707,"gbif"
"1543",1501500080,"Convolvulus lanuginosus",1,"2012-12-15",-0.61,39.2,707,"gbif"
"1544",1501500063,"Convolvulus lanuginosus",1,"2012-12-15",-0.57,39.2,707,"gbif"
"1545",1501500060,"Convolvulus lanuginosus",1,"2012-12-15",-0.6,39.2,707,"gbif"
"1546",1501500054,"Convolvulus lanuginosus",1,"2012-12-15",-0.59,39.2,707,"gbif"
"1547",1501524469,"Convolvulus lanuginosus",1,"2013-01-01",-0.54,39.87,707,"gbif"
"1548",1501520953,"Convolvulus lanuginosus",1,"2013-01-01",-0.53,39.86,707,"gbif"
"1549",1501516585,"Convolvulus lanuginosus",1,"2013-01-01",-0.53,39.85,707,"gbif"
"1550",1501506814,"Convolvulus lanuginosus",1,"2013-01-01",-0.54,39.86,707,"gbif"
"1551",1501494565,"Convolvulus lanuginosus",1,"2013-01-19",-0.57,39.41,707,"gbif"
"1552",1501494561,"Convolvulus lanuginosus",1,"2013-01-19",-0.58,39.41,707,"gbif"
"1553",1501494547,"Convolvulus lanuginosus",1,"2013-01-19",-0.59,39.41,707,"gbif"
"1554",1501530432,"Convolvulus lanuginosus",1,"2013-01-20",-0.65,39.67,707,"gbif"
"1555",1501530355,"Convolvulus lanuginosus",1,"2013-01-20",-0.65,39.68,707,"gbif"
"1556",1501528702,"Convolvulus lanuginosus",1,"2013-01-20",-0.66,39.68,707,"gbif"
"1557",1501528685,"Convolvulus lanuginosus",1,"2013-01-20",-0.67,39.68,707,"gbif"
"1558",1501518592,"Convolvulus lanuginosus",1,"2013-01-20",-0.62,39.68,707,"gbif"
"1559",1501508039,"Convolvulus lanuginosus",1,"2013-01-20",-0.62,39.67,707,"gbif"
"1560",1501495100,"Convolvulus lanuginosus",1,"2013-01-20",-0.63,39.68,707,"gbif"
"1561",1501495097,"Convolvulus lanuginosus",1,"2013-01-20",-0.63,39.67,707,"gbif"
"1562",1501544974,"Convolvulus lanuginosus",1,"2013-01-22",-0.35,38.97,707,"gbif"
"1563",1501537616,"Convolvulus lanuginosus",1,"2013-01-22",-0.68,39.51,707,"gbif"
"1564",1501532684,"Convolvulus lanuginosus",1,"2013-01-22",-0.67,39.53,707,"gbif"
"1565",1501532675,"Convolvulus lanuginosus",1,"2013-01-22",-0.67,39.52,707,"gbif"
"1566",1501532640,"Convolvulus lanuginosus",1,"2013-01-22",-0.68,39.52,707,"gbif"
"1567",1501519370,"Convolvulus lanuginosus",1,"2013-01-22",-0.67,39.51,707,"gbif"
"1568",1501519018,"Convolvulus lanuginosus",1,"2013-01-22",-0.66,39.52,707,"gbif"
"1569",1501517632,"Convolvulus lanuginosus",1,"2013-01-22",-0.64,39.53,707,"gbif"
"1570",1501517614,"Convolvulus lanuginosus",1,"2013-01-22",-0.66,39.53,707,"gbif"
"1571",1501513096,"Convolvulus lanuginosus",1,"2013-01-22",-0.66,39.54,707,"gbif"
"1572",1501593836,"Convolvulus lanuginosus",1,"2013-01-25",-0.83,38.34,707,"gbif"
"1573",1501536679,"Convolvulus lanuginosus",1,"2013-02-09",-0.44,39.78,707,"gbif"
"1574",1501535451,"Convolvulus lanuginosus",1,"2013-02-09",-0.44,39.76,707,"gbif"
"1575",1501535407,"Convolvulus lanuginosus",1,"2013-02-09",-0.44,39.77,707,"gbif"
"1576",1501534569,"Convolvulus lanuginosus",1,"2013-02-09",-0.43,39.78,707,"gbif"
"1577",1501517150,"Convolvulus lanuginosus",1,"2013-02-09",-0.4,39.77,707,"gbif"
"1578",1501512269,"Convolvulus lanuginosus",1,"2013-02-09",-0.42,39.8,707,"gbif"
"1579",1501503935,"Convolvulus lanuginosus",1,"2013-02-09",-0.45,39.77,707,"gbif"
"1580",1501503739,"Convolvulus lanuginosus",1,"2013-02-09",-0.45,39.78,707,"gbif"
"1581",1501486100,"Convolvulus lanuginosus",1,"2013-02-09",-0.42,39.79,707,"gbif"
"1582",1501485825,"Convolvulus lanuginosus",1,"2013-02-09",-0.43,39.76,707,"gbif"
"1583",1501485316,"Convolvulus lanuginosus",1,"2013-02-09",-0.45,39.79,707,"gbif"
"1584",1501485268,"Convolvulus lanuginosus",1,"2013-02-09",-0.44,39.79,707,"gbif"
"1585",1501591157,"Convolvulus lanuginosus",1,"2013-02-13",-1.01,38.33,707,"gbif"
"1586",1501532158,"Convolvulus lanuginosus",1,"2013-02-24",-0.31,39.14,707,"gbif"
"1587",1501529169,"Convolvulus lanuginosus",1,"2013-02-24",-0.31,39.13,707,"gbif"
"1588",1501516298,"Convolvulus lanuginosus",1,"2013-02-24",-0.32,39.14,707,"gbif"
"1589",1501513707,"Convolvulus lanuginosus",1,"2013-02-24",-0.32,39.13,707,"gbif"
"1590",1501511108,"Convolvulus lanuginosus",1,"2013-02-24",-0.3,39.14,707,"gbif"
"1591",1501509877,"Convolvulus lanuginosus",1,"2013-02-24",-0.33,39.15,707,"gbif"
"1592",1501485872,"Convolvulus lanuginosus",1,"2013-03-03",-0.34,39.05,707,"gbif"
"1593",1501485337,"Convolvulus lanuginosus",1,"2013-03-03",-0.31,39.05,707,"gbif"
"1594",1501485296,"Convolvulus lanuginosus",1,"2013-03-03",-0.32,39.05,707,"gbif"
"1595",1501482919,"Convolvulus lanuginosus",1,"2013-03-03",-0.34,39.03,707,"gbif"
"1596",1501482894,"Convolvulus lanuginosus",1,"2013-03-03",-0.35,39.04,707,"gbif"
"1597",1501482891,"Convolvulus lanuginosus",1,"2013-03-03",-0.34,39.04,707,"gbif"
"1598",1501482874,"Convolvulus lanuginosus",1,"2013-03-03",-0.35,39.05,707,"gbif"
"1599",4041088964,"Convolvulus lanuginosus",1,"2013-03-07",-0.47,39.63,707,"gbif"
"1600",4040686803,"Convolvulus lanuginosus",1,"2013-03-07",-0.49,39.62,707,"gbif"
"1601",4040666884,"Convolvulus lanuginosus",1,"2013-03-07",-0.48,39.61,707,"gbif"
"1602",4040657468,"Convolvulus lanuginosus",1,"2013-03-07",-0.47,39.61,707,"gbif"
"1603",4040992933,"Convolvulus lanuginosus",1,"2013-03-10",-0.22,39.02,707,"gbif"
"1604",4040953138,"Convolvulus lanuginosus",1,"2013-03-10",-0.25,39.02,707,"gbif"
"1605",4040949765,"Convolvulus lanuginosus",1,"2013-03-15",-0.64,39.39,707,"gbif"
"1606",4040671759,"Convolvulus lanuginosus",1,"2013-03-15",-0.63,39.38,707,"gbif"
"1607",4040641604,"Convolvulus lanuginosus",1,"2013-03-15",-0.64,39.38,707,"gbif"
"1608",4040984519,"Convolvulus lanuginosus",1,"2013-03-17",-0.82,39.39,707,"gbif"
"1609",4040672388,"Convolvulus lanuginosus",1,"2013-03-18",-0.89,38.01,707,"gbif"
"1610",4040984638,"Convolvulus lanuginosus",1,"2013-03-22",-0.48,39.8,707,"gbif"
"1611",4040658594,"Convolvulus lanuginosus",1,"2013-03-22",-0.48,39.79,707,"gbif"
"1612",4040952044,"Convolvulus lanuginosus",1,"2013-03-28",-0.51,38.93,707,"gbif"
"1613",4040918995,"Convolvulus lanuginosus",1,"2013-03-28",-0.55,38.95,707,"gbif"
"1614",4040904177,"Convolvulus lanuginosus",1,"2013-03-28",-0.55,38.96,707,"gbif"
"1615",4040966529,"Convolvulus lanuginosus",1,"2013-03-30",-0.46,39.22,707,"gbif"
"1616",4040661714,"Convolvulus lanuginosus",1,"2013-03-30",-0.47,39.25,707,"gbif"
"1617",4041009119,"Convolvulus lanuginosus",1,"2013-04-03",-0.32,38.8,707,"gbif"
"1618",4041003799,"Convolvulus lanuginosus",1,"2013-04-03",-0.25,38.82,707,"gbif"
"1619",4040674739,"Convolvulus lanuginosus",1,"2013-04-03",-0.22,38.81,707,"gbif"
"1620",4040641059,"Convolvulus lanuginosus",1,"2013-04-03",-0.29,38.81,707,"gbif"
"1621",4040966741,"Convolvulus lanuginosus",1,"2013-04-07",-0.32,39.97,707,"gbif"
"1622",4040959468,"Convolvulus lanuginosus",1,"2013-04-07",-0.28,39.96,707,"gbif"
"1623",4040951869,"Convolvulus lanuginosus",1,"2013-04-07",-0.3,39.97,707,"gbif"
"1624",4040666905,"Convolvulus lanuginosus",1,"2013-04-07",-0.34,39.95,707,"gbif"
"1625",4040660443,"Convolvulus lanuginosus",1,"2013-04-07",-0.31,39.97,707,"gbif"
"1626",4040658651,"Convolvulus lanuginosus",1,"2013-04-07",-0.25,39.96,707,"gbif"
"1627",4040654698,"Convolvulus lanuginosus",1,"2013-04-07",-0.25,39.97,707,"gbif"
"1628",4040651614,"Convolvulus lanuginosus",1,"2013-04-07",-0.28,39.97,707,"gbif"
"1629",4040637489,"Convolvulus lanuginosus",1,"2013-04-07",-0.34,39.96,707,"gbif"
"1630",4040981877,"Convolvulus lanuginosus",1,"2013-04-10",-0.7,39.34,707,"gbif"
"1631",4041093092,"Convolvulus lanuginosus",1,"2013-04-13",-0.76,38.86,707,"gbif"
"1632",4041092924,"Convolvulus lanuginosus",1,"2013-04-13",-0.76,38.87,707,"gbif"
"1633",4040951845,"Convolvulus lanuginosus",1,"2013-04-13",-0.72,38.89,707,"gbif"
"1634",4040934685,"Convolvulus lanuginosus",1,"2013-04-13",-0.78,38.86,707,"gbif"
"1635",4040672213,"Convolvulus lanuginosus",1,"2013-04-13",-0.75,38.89,707,"gbif"
"1636",4040660583,"Convolvulus lanuginosus",1,"2013-04-13",-0.73,38.89,707,"gbif"
"1637",1501601339,"Convolvulus lanuginosus",1,"2013-04-16",-0.38,39.01,707,"gbif"
"1638",1501422821,"Convolvulus lanuginosus",1,"2013-04-16",-0.55,39.31,707,"gbif"
"1639",1501422739,"Convolvulus lanuginosus",1,"2013-04-16",-0.54,39.31,707,"gbif"
"1640",1501421153,"Convolvulus lanuginosus",1,"2013-04-16",-0.55,39.3,707,"gbif"
"1641",1501600903,"Convolvulus lanuginosus",1,"2013-04-17",-0.32,38.89,707,"gbif"
"1642",910445920,"Convolvulus lanuginosus",1,"2013-04-23",-4.58,36.59,707,"gbif"
"1643",1501424036,"Convolvulus lanuginosus",1,"2013-04-23",-0.23,39.87,707,"gbif"
"1644",4040982544,"Convolvulus lanuginosus",1,"2013-04-27",-0.63,39.65,707,"gbif"
"1645",4040652133,"Convolvulus lanuginosus",1,"2013-04-27",-0.71,39.72,707,"gbif"
"1646",4040638282,"Convolvulus lanuginosus",1,"2013-04-27",-0.72,39.72,707,"gbif"
"1647",4040624928,"Convolvulus lanuginosus",1,"2013-04-27",-0.63,39.64,707,"gbif"
"1648",1501554269,"Convolvulus lanuginosus",1,"2013-04-27",-0.81,38.73,707,"gbif"
"1649",4512375452,"Convolvulus lanuginosus",1,"2013-05-01",3.069007,43.088452,4,"gbif"
"1650",4041033366,"Convolvulus lanuginosus",1,"2013-05-01",-1.11,39.36,707,"gbif"
"1651",4041008955,"Convolvulus lanuginosus",1,"2013-05-01",-1.1,39.27,707,"gbif"
"1652",4040652968,"Convolvulus lanuginosus",1,"2013-05-01",-1.1,39.28,707,"gbif"
"1653",4040981911,"Convolvulus lanuginosus",1,"2013-05-04",-0.64,39.51,707,"gbif"
"1654",4040930881,"Convolvulus lanuginosus",1,"2013-05-04",-0.66,39.51,707,"gbif"
"1655",4040637755,"Convolvulus lanuginosus",1,"2013-05-04",-0.61,39.51,707,"gbif"
"1656",4040975043,"Convolvulus lanuginosus",1,"2013-05-05",-0.94,39.19,707,"gbif"
"1657",4040917284,"Convolvulus lanuginosus",1,"2013-05-05",-0.97,39.23,707,"gbif"
"1658",4040653004,"Convolvulus lanuginosus",1,"2013-05-05",-0.81,39.34,707,"gbif"
"1659",1501661952,"Convolvulus lanuginosus",1,"2013-05-05",-0.94,39.24,707,"gbif"
"1660",1501661945,"Convolvulus lanuginosus",1,"2013-05-05",-0.96,39.23,707,"gbif"
"1661",1501661943,"Convolvulus lanuginosus",1,"2013-05-05",-0.94,39.22,707,"gbif"
"1662",1501661941,"Convolvulus lanuginosus",1,"2013-05-05",-0.93,39.24,707,"gbif"
"1663",1501661917,"Convolvulus lanuginosus",1,"2013-05-05",-0.93,39.19,707,"gbif"
"1664",1501661916,"Convolvulus lanuginosus",1,"2013-05-05",-0.97,39.22,707,"gbif"
"1665",1501661907,"Convolvulus lanuginosus",1,"2013-05-05",-0.94,39.23,707,"gbif"
"1666",1501425389,"Convolvulus lanuginosus",1,"2013-05-07",-0.24,39.85,707,"gbif"
"1667",1501425285,"Convolvulus lanuginosus",1,"2013-05-07",-0.25,39.87,707,"gbif"
"1668",1501662006,"Convolvulus lanuginosus",1,"2013-05-08",-0.51,39.76,707,"gbif"
"1669",1501661975,"Convolvulus lanuginosus",1,"2013-05-12",-0.86,39.39,707,"gbif"
"1670",1501661966,"Convolvulus lanuginosus",1,"2013-05-12",-0.89,39.41,707,"gbif"
"1671",1501661963,"Convolvulus lanuginosus",1,"2013-05-12",-0.88,39.41,707,"gbif"
"1672",1501661940,"Convolvulus lanuginosus",1,"2013-05-12",-0.86,39.4,707,"gbif"
"1673",1501661938,"Convolvulus lanuginosus",1,"2013-05-12",-0.9,39.41,707,"gbif"
"1674",1501661934,"Convolvulus lanuginosus",1,"2013-05-12",-0.87,39.41,707,"gbif"
"1675",1501661926,"Convolvulus lanuginosus",1,"2013-05-12",-0.87,39.4,707,"gbif"
"1676",1501661923,"Convolvulus lanuginosus",1,"2013-05-12",-0.85,39.4,707,"gbif"
"1677",1501661919,"Convolvulus lanuginosus",1,"2013-05-12",-0.93,39.41,707,"gbif"
"1678",1501661904,"Convolvulus lanuginosus",1,"2013-05-12",-0.92,39.41,707,"gbif"
"1679",1501661899,"Convolvulus lanuginosus",1,"2013-05-12",-0.93,39.4,707,"gbif"
"1680",1501662002,"Convolvulus lanuginosus",1,"2013-05-14",-0.61,39.44,707,"gbif"
"1681",1501661986,"Convolvulus lanuginosus",1,"2013-05-14",-0.59,39.43,707,"gbif"
"1682",1501661965,"Convolvulus lanuginosus",1,"2013-05-14",-0.6,39.43,707,"gbif"
"1683",1501598996,"Convolvulus lanuginosus",1,"2013-05-14",-0.28,39.09,707,"gbif"
"1684",2833624856,"Convolvulus lanuginosus",1,"2013-05-15",0.588556,40.627861,100,"gbif"
"1685",1501575285,"Convolvulus lanuginosus",1,"2013-05-16",-1.05,39.07,707,"gbif"
"1686",910445946,"Convolvulus lanuginosus",1,"2013-05-17",-4.75,36.93,707,"gbif"
"1687",910445940,"Convolvulus lanuginosus",1,"2013-05-17",-4.76,36.95,707,"gbif"
"1688",1501661998,"Convolvulus lanuginosus",1,"2013-05-20",-0.72,39.23,707,"gbif"
"1689",1501661995,"Convolvulus lanuginosus",1,"2013-05-20",-0.77,39.24,707,"gbif"
"1690",1501661983,"Convolvulus lanuginosus",1,"2013-05-20",-0.75,39.24,707,"gbif"
"1691",1501661959,"Convolvulus lanuginosus",1,"2013-05-20",-0.76,39.24,707,"gbif"
"1692",1501661955,"Convolvulus lanuginosus",1,"2013-05-20",-0.78,39.24,707,"gbif"
"1693",1501661948,"Convolvulus lanuginosus",1,"2013-05-20",-0.83,39.21,707,"gbif"
"1694",1501661942,"Convolvulus lanuginosus",1,"2013-05-20",-0.71,39.23,707,"gbif"
"1695",1501661933,"Convolvulus lanuginosus",1,"2013-05-20",-0.74,39.22,707,"gbif"
"1696",1501661932,"Convolvulus lanuginosus",1,"2013-05-20",-0.75,39.23,707,"gbif"
"1697",1501661928,"Convolvulus lanuginosus",1,"2013-05-20",-0.74,39.23,707,"gbif"
"1698",1501661925,"Convolvulus lanuginosus",1,"2013-05-20",-0.84,39.23,707,"gbif"
"1699",1501661915,"Convolvulus lanuginosus",1,"2013-05-20",-0.8,39.22,707,"gbif"
"1700",1501661910,"Convolvulus lanuginosus",1,"2013-05-20",-0.83,39.22,707,"gbif"
"1701",1501661906,"Convolvulus lanuginosus",1,"2013-05-20",-0.82,39.22,707,"gbif"
"1702",1501428446,"Convolvulus lanuginosus",1,"2013-05-20",-0.75,39.21,707,"gbif"
"1703",1501428402,"Convolvulus lanuginosus",1,"2013-05-20",-0.75,39.22,707,"gbif"
"1704",1501428340,"Convolvulus lanuginosus",1,"2013-05-20",-0.77,39.23,707,"gbif"
"1705",1501428287,"Convolvulus lanuginosus",1,"2013-05-20",-0.83,39.23,707,"gbif"
"1706",1501428243,"Convolvulus lanuginosus",1,"2013-05-20",-0.82,39.23,707,"gbif"
"1707",1501427785,"Convolvulus lanuginosus",1,"2013-05-20",-0.78,39.23,707,"gbif"
"1708",1501427775,"Convolvulus lanuginosus",1,"2013-05-20",-0.79,39.23,707,"gbif"
"1709",1501426741,"Convolvulus lanuginosus",1,"2013-05-20",-0.82,39.27,707,"gbif"
"1710",1501435443,"Convolvulus lanuginosus",1,"2013-05-21",-0.84,39.2,707,"gbif"
"1711",1501435353,"Convolvulus lanuginosus",1,"2013-05-21",-0.85,39.21,707,"gbif"
"1712",1501435335,"Convolvulus lanuginosus",1,"2013-05-21",-0.85,39.2,707,"gbif"
"1713",1501434897,"Convolvulus lanuginosus",1,"2013-05-21",-0.75,39.2,707,"gbif"
"1714",1501434696,"Convolvulus lanuginosus",1,"2013-05-21",-0.75,39.19,707,"gbif"
"1715",1501434409,"Convolvulus lanuginosus",1,"2013-05-21",-0.74,39.19,707,"gbif"
"1716",1501434976,"Convolvulus lanuginosus",1,"2013-05-22",-0.72,39.2,707,"gbif"
"1717",1501434023,"Convolvulus lanuginosus",1,"2013-05-22",-0.74,39.2,707,"gbif"
"1718",1501433821,"Convolvulus lanuginosus",1,"2013-05-22",-0.76,39.19,707,"gbif"
"1719",1501433597,"Convolvulus lanuginosus",1,"2013-05-22",-0.8,39.23,707,"gbif"
"1720",1501433239,"Convolvulus lanuginosus",1,"2013-05-22",-0.76,39.23,707,"gbif"
"1721",1501432618,"Convolvulus lanuginosus",1,"2013-05-22",-0.74,39.21,707,"gbif"
"1722",1501432359,"Convolvulus lanuginosus",1,"2013-05-22",-0.76,39.22,707,"gbif"
"1723",1501432331,"Convolvulus lanuginosus",1,"2013-05-22",-0.76,39.21,707,"gbif"
"1724",1501431661,"Convolvulus lanuginosus",1,"2013-05-22",-0.79,39.22,707,"gbif"
"1725",1501436581,"Convolvulus lanuginosus",1,"2013-05-23",-0.8,39.27,707,"gbif"
"1726",1501436238,"Convolvulus lanuginosus",1,"2013-05-23",-0.79,39.26,707,"gbif"
"1727",1501436048,"Convolvulus lanuginosus",1,"2013-05-23",-0.79,39.25,707,"gbif"
"1728",1501434364,"Convolvulus lanuginosus",1,"2013-05-23",-0.83,39.19,707,"gbif"
"1729",1501662020,"Convolvulus lanuginosus",1,"2013-05-26",-0.3,40.09,707,"gbif"
"1730",1501662019,"Convolvulus lanuginosus",1,"2013-05-26",-0.3,40.1,707,"gbif"
"1731",1501662010,"Convolvulus lanuginosus",1,"2013-05-26",-0.32,40.07,707,"gbif"
"1732",1501661996,"Convolvulus lanuginosus",1,"2013-05-26",-0.3,40.11,707,"gbif"
"1733",1501661980,"Convolvulus lanuginosus",1,"2013-05-26",-0.24,40.13,707,"gbif"
"1734",1501661974,"Convolvulus lanuginosus",1,"2013-05-26",-0.22,40.13,707,"gbif"
"1735",1501661973,"Convolvulus lanuginosus",1,"2013-05-26",-0.32,40.08,707,"gbif"
"1736",1501661972,"Convolvulus lanuginosus",1,"2013-05-26",-0.24,40.14,707,"gbif"
"1737",1501661962,"Convolvulus lanuginosus",1,"2013-05-26",-0.33,40.07,707,"gbif"
"1738",1501661961,"Convolvulus lanuginosus",1,"2013-05-26",-0.31,40.07,707,"gbif"
"1739",1501661981,"Convolvulus lanuginosus",1,"2013-05-28",-0.9,39.52,707,"gbif"
"1740",1501661976,"Convolvulus lanuginosus",1,"2013-05-28",-0.9,39.46,707,"gbif"
"1741",1501661970,"Convolvulus lanuginosus",1,"2013-05-28",-0.89,39.46,707,"gbif"
"1742",1501661968,"Convolvulus lanuginosus",1,"2013-05-28",-0.9,39.51,707,"gbif"
"1743",1501661964,"Convolvulus lanuginosus",1,"2013-05-28",-0.9,39.47,707,"gbif"
"1744",1501661957,"Convolvulus lanuginosus",1,"2013-05-28",-0.89,39.51,707,"gbif"
"1745",1501661956,"Convolvulus lanuginosus",1,"2013-05-28",-0.91,39.46,707,"gbif"
"1746",1501661935,"Convolvulus lanuginosus",1,"2013-05-28",-0.9,39.49,707,"gbif"
"1747",1501661931,"Convolvulus lanuginosus",1,"2013-05-28",-0.91,39.52,707,"gbif"
"1748",1501661930,"Convolvulus lanuginosus",1,"2013-05-28",-0.95,39.55,707,"gbif"
"1749",1501661929,"Convolvulus lanuginosus",1,"2013-05-28",-0.89,39.5,707,"gbif"
"1750",1501661921,"Convolvulus lanuginosus",1,"2013-05-28",-0.9,39.5,707,"gbif"
"1751",1501661902,"Convolvulus lanuginosus",1,"2013-05-28",-0.95,39.56,707,"gbif"
"1752",1501437485,"Convolvulus lanuginosus",1,"2013-05-28",-0.11,38.7,707,"gbif"
"1753",4853715572,"Convolvulus lanuginosus",1,"2013-05-29",-0.93,39.31,707,"gbif"
"1754",2840632678,"Convolvulus lanuginosus",1,"2013-05-29",-1.488529,38.038577,10,"gbif"
"1755",1501554999,"Convolvulus lanuginosus",1,"2013-05-29",-0.99,38.52,707,"gbif"
"1756",1501661971,"Convolvulus lanuginosus",1,"2013-05-31",-0.54,38.64,707,"gbif"
"1757",1501661947,"Convolvulus lanuginosus",1,"2013-05-31",-0.52,38.65,707,"gbif"
"1758",1501661946,"Convolvulus lanuginosus",1,"2013-05-31",-0.52,38.64,707,"gbif"
"1759",1501592584,"Convolvulus lanuginosus",1,"2013-06-04",-0.92,38.41,707,"gbif"
"1760",1501574826,"Convolvulus lanuginosus",1,"2013-06-04",-1.13,39.17,707,"gbif"
"1761",1501554935,"Convolvulus lanuginosus",1,"2013-06-05",-1,38.52,707,"gbif"
"1762",4853791001,"Convolvulus lanuginosus",1,"2013-06-06",-0.62,39.29,707,"gbif"
"1763",4853738516,"Convolvulus lanuginosus",1,"2013-06-06",-0.63,39.29,707,"gbif"
"1764",4853796012,"Convolvulus lanuginosus",1,"2013-06-07",-0.6,39.85,707,"gbif"
"1765",1501661901,"Convolvulus lanuginosus",1,"2013-06-08",-1.09,39.54,707,"gbif"
"1766",1501661900,"Convolvulus lanuginosus",1,"2013-06-08",-1.09,39.53,707,"gbif"
"1767",1501601123,"Convolvulus lanuginosus",1,"2013-06-08",-0.67,38.85,707,"gbif"
"1768",4853790980,"Convolvulus lanuginosus",1,"2013-06-11",-0.59,39.86,707,"gbif"
"1769",1501598304,"Convolvulus lanuginosus",1,"2013-06-13",-0.66,38.78,707,"gbif"
"1770",1501598296,"Convolvulus lanuginosus",1,"2013-06-13",-0.68,38.78,707,"gbif"
"1771",1501592817,"Convolvulus lanuginosus",1,"2013-06-14",-0.91,38.47,707,"gbif"
"1772",4853796035,"Convolvulus lanuginosus",1,"2013-06-17",-0.71,39.86,707,"gbif"
"1773",1501440190,"Convolvulus lanuginosus",1,"2013-06-18",-1.04,39.59,707,"gbif"
"1774",1501440011,"Convolvulus lanuginosus",1,"2013-06-18",-1.04,39.58,707,"gbif"
"1775",2843414055,"Convolvulus lanuginosus",1,"2013-06-19",-1.586959,38.397997,10,"gbif"
"1776",1501661991,"Convolvulus lanuginosus",1,"2013-06-19",-0.28,38.7,707,"gbif"
"1777",1501661967,"Convolvulus lanuginosus",1,"2013-06-19",-0.29,38.7,707,"gbif"
"1778",1501661960,"Convolvulus lanuginosus",1,"2013-06-19",-0.28,38.69,707,"gbif"
"1779",1501661951,"Convolvulus lanuginosus",1,"2013-06-19",-0.3,38.7,707,"gbif"
"1780",1501661949,"Convolvulus lanuginosus",1,"2013-06-19",-0.32,38.7,707,"gbif"
"1781",1501594947,"Convolvulus lanuginosus",1,"2013-06-20",-0.8,38.47,707,"gbif"
"1782",1501574866,"Convolvulus lanuginosus",1,"2013-06-20",-1.13,39.15,707,"gbif"
"1783",1501592273,"Convolvulus lanuginosus",1,"2013-06-26",-0.93,38.28,707,"gbif"
"1784",1501662024,"Convolvulus lanuginosus",1,"2013-06-29",-0.48,40.01,707,"gbif"
"1785",1501661958,"Convolvulus lanuginosus",1,"2013-06-29",-0.46,40.01,707,"gbif"
"1786",1501600124,"Convolvulus lanuginosus",1,"2013-07-18",-0.74,38.78,707,"gbif"
"1787",1501600106,"Convolvulus lanuginosus",1,"2013-07-18",-0.74,38.77,707,"gbif"
"1788",1501600100,"Convolvulus lanuginosus",1,"2013-07-18",-0.74,38.76,707,"gbif"
"1789",1501600642,"Convolvulus lanuginosus",1,"2013-08-04",-0.32,38.98,707,"gbif"
"1790",1501593957,"Convolvulus lanuginosus",1,"2013-08-05",-0.83,38.48,707,"gbif"
"1791",1501593428,"Convolvulus lanuginosus",1,"2013-08-07",-0.86,38.45,707,"gbif"
"1792",1501600661,"Convolvulus lanuginosus",1,"2013-08-14",-0.3,38.98,707,"gbif"
"1793",1501591627,"Convolvulus lanuginosus",1,"2013-08-25",-0.94,38.29,707,"gbif"
"1794",1501591757,"Convolvulus lanuginosus",1,"2013-08-26",-0.93,38.46,707,"gbif"
"1795",1501592138,"Convolvulus lanuginosus",1,"2013-08-29",-0.94,38.44,707,"gbif"
"1796",1501590762,"Convolvulus lanuginosus",1,"2013-09-03",-0.77,38.5,707,"gbif"
"1797",1501661984,"Convolvulus lanuginosus",1,"2013-09-11",-0.58,39.83,707,"gbif"
"1798",1501661979,"Convolvulus lanuginosus",1,"2013-09-11",-0.56,39.83,707,"gbif"
"1799",1501661954,"Convolvulus lanuginosus",1,"2013-09-11",-0.58,39.82,707,"gbif"
"1800",1501594072,"Convolvulus lanuginosus",1,"2013-10-11",-0.82,38.4,707,"gbif"
"1801",1501591297,"Convolvulus lanuginosus",1,"2013-10-26",-0.99,38.34,707,"gbif"
"1802",1501590802,"Convolvulus lanuginosus",1,"2013-10-27",-0.95,38.44,707,"gbif"
"1803",1501594585,"Convolvulus lanuginosus",1,"2013-10-28",-0.82,38.49,707,"gbif"
"1804",1501595574,"Convolvulus lanuginosus",1,"2013-11-07",-0.78,38.5,707,"gbif"
"1805",1501592683,"Convolvulus lanuginosus",1,"2013-11-08",-0.91,38.43,707,"gbif"
"1806",1501593118,"Convolvulus lanuginosus",1,"2013-11-11",-0.89,38.44,707,"gbif"
"1807",1501593012,"Convolvulus lanuginosus",1,"2013-11-13",-0.9,38.45,707,"gbif"
"1808",1501594212,"Convolvulus lanuginosus",1,"2013-11-14",-0.82,38.44,707,"gbif"
"1809",1501599921,"Convolvulus lanuginosus",1,"2013-11-22",-0.83,39.52,707,"gbif"
"1810",1501591538,"Convolvulus lanuginosus",1,"2013-12-04",-0.97,38.42,707,"gbif"
"1811",1501595986,"Convolvulus lanuginosus",1,"2013-12-07",-0.76,38.34,707,"gbif"
"1812",1501616296,"Convolvulus lanuginosus",1,"2013-12-08",-0.39,38.84,707,"gbif"
"1813",1501616590,"Convolvulus lanuginosus",1,"2013-12-15",-0.29,38.94,707,"gbif"
"1814",1501616741,"Convolvulus lanuginosus",1,"2013-12-18",-0.32,38.87,707,"gbif"
"1815",1501616675,"Convolvulus lanuginosus",1,"2013-12-18",-0.33,38.87,707,"gbif"
"1816",1501616952,"Convolvulus lanuginosus",1,"2013-12-24",-0.32,38.95,707,"gbif"
"1817",1501617009,"Convolvulus lanuginosus",1,"2013-12-28",-0.29,38.98,707,"gbif"
"1818",1501617441,"Convolvulus lanuginosus",1,"2013-12-31",-0.3,38.99,707,"gbif"
"1819",1501617582,"Convolvulus lanuginosus",1,"2014-01-06",-0.29,38.97,707,"gbif"
"1820",1501624622,"Convolvulus lanuginosus",1,"2014-01-07",-0.79,38.32,707,"gbif"
"1821",1501617867,"Convolvulus lanuginosus",1,"2014-01-13",-0.32,38.99,707,"gbif"
"1822",1501617861,"Convolvulus lanuginosus",1,"2014-01-13",-0.32,39,707,"gbif"
"1823",1501631774,"Convolvulus lanuginosus",1,"2014-01-20",-0.93,38.39,707,"gbif"
"1824",1501624581,"Convolvulus lanuginosus",1,"2014-01-21",-0.84,38.32,707,"gbif"
"1825",1501624608,"Convolvulus lanuginosus",1,"2014-01-23",-0.74,38.45,707,"gbif"
"1826",1501624603,"Convolvulus lanuginosus",1,"2014-01-30",-0.84,38.31,707,"gbif"
"1827",1501624591,"Convolvulus lanuginosus",1,"2014-02-04",-0.75,38.34,707,"gbif"
"1828",1501661992,"Convolvulus lanuginosus",1,"2014-02-09",-0.41,39.07,707,"gbif"
"1829",1501624596,"Convolvulus lanuginosus",1,"2014-02-14",-0.86,38.32,707,"gbif"
"1830",1501618547,"Convolvulus lanuginosus",1,"2014-02-14",-0.58,38.92,707,"gbif"
"1831",1501789938,"Convolvulus lanuginosus",1,"2014-02-19",-0.58,39.02,707,"gbif"
"1832",1501789690,"Convolvulus lanuginosus",1,"2014-02-19",-0.58,39.03,707,"gbif"
"1833",1501789636,"Convolvulus lanuginosus",1,"2014-02-19",-0.58,39.04,707,"gbif"
"1834",1501789242,"Convolvulus lanuginosus",1,"2014-02-19",-0.57,39.02,707,"gbif"
"1835",1501789091,"Convolvulus lanuginosus",1,"2014-02-19",-0.59,39.04,707,"gbif"
"1836",1501618903,"Convolvulus lanuginosus",1,"2014-02-19",-0.54,38.94,707,"gbif"
"1837",1501618866,"Convolvulus lanuginosus",1,"2014-02-19",-0.55,38.94,707,"gbif"
"1838",1501624584,"Convolvulus lanuginosus",1,"2014-02-21",-0.88,38.3,707,"gbif"
"1839",1501619071,"Convolvulus lanuginosus",1,"2014-02-23",-0.5,38.96,707,"gbif"
"1840",1501618997,"Convolvulus lanuginosus",1,"2014-02-23",-0.5,38.95,707,"gbif"
"1841",1501791414,"Convolvulus lanuginosus",1,"2014-02-27",-0.74,38.99,707,"gbif"
"1842",1501791208,"Convolvulus lanuginosus",1,"2014-02-27",-0.73,38.99,707,"gbif"
"1843",1501791006,"Convolvulus lanuginosus",1,"2014-02-27",-0.72,39,707,"gbif"
"1844",1501790855,"Convolvulus lanuginosus",1,"2014-02-27",-0.71,39,707,"gbif"
"1845",1501790527,"Convolvulus lanuginosus",1,"2014-02-27",-0.72,39.01,707,"gbif"
"1846",1501790325,"Convolvulus lanuginosus",1,"2014-02-27",-0.7,39,707,"gbif"
"1847",1501624614,"Convolvulus lanuginosus",1,"2014-02-27",-0.9,38.34,707,"gbif"
"1848",1501624611,"Convolvulus lanuginosus",1,"2014-03-04",-0.91,38.39,707,"gbif"
"1849",1501794364,"Convolvulus lanuginosus",1,"2014-03-08",-0.24,38.94,707,"gbif"
"1850",1501794262,"Convolvulus lanuginosus",1,"2014-03-08",-0.25,38.95,707,"gbif"
"1851",1501794150,"Convolvulus lanuginosus",1,"2014-03-08",-0.26,38.97,707,"gbif"
"1852",1501794036,"Convolvulus lanuginosus",1,"2014-03-08",-0.26,38.96,707,"gbif"
"1853",1501793877,"Convolvulus lanuginosus",1,"2014-03-08",-0.27,38.96,707,"gbif"
"1854",1501793738,"Convolvulus lanuginosus",1,"2014-03-08",-0.28,38.97,707,"gbif"
"1855",1501793209,"Convolvulus lanuginosus",1,"2014-03-08",-0.27,38.97,707,"gbif"
"1856",1501619395,"Convolvulus lanuginosus",1,"2014-03-09",-0.34,38.95,707,"gbif"
"1857",1501619377,"Convolvulus lanuginosus",1,"2014-03-09",-0.33,38.95,707,"gbif"
"1858",1501624627,"Convolvulus lanuginosus",1,"2014-03-10",-0.87,38.35,707,"gbif"
"1859",1501624601,"Convolvulus lanuginosus",1,"2014-03-12",-0.86,38.31,707,"gbif"
"1860",1501794582,"Convolvulus lanuginosus",1,"2014-03-17",-0.94,38.11,707,"gbif"
"1861",1501794480,"Convolvulus lanuginosus",1,"2014-03-17",-0.96,38.11,707,"gbif"
"1862",1501796519,"Convolvulus lanuginosus",1,"2014-03-22",-0.63,38.91,707,"gbif"
"1863",1501796336,"Convolvulus lanuginosus",1,"2014-03-22",-0.63,38.92,707,"gbif"
"1864",1501796138,"Convolvulus lanuginosus",1,"2014-03-22",-0.64,38.92,707,"gbif"
"1865",1501795517,"Convolvulus lanuginosus",1,"2014-03-22",-0.64,38.93,707,"gbif"
"1866",1501624590,"Convolvulus lanuginosus",1,"2014-03-27",-0.87,38.29,707,"gbif"
"1867",1501796994,"Convolvulus lanuginosus",1,"2014-03-28",-0.58,39.6,707,"gbif"
"1868",1501624580,"Convolvulus lanuginosus",1,"2014-03-29",-0.92,38.44,707,"gbif"
"1869",1501457347,"Convolvulus lanuginosus",1,"2014-04-01",-0.22,38.96,707,"gbif"
"1870",1501457305,"Convolvulus lanuginosus",1,"2014-04-01",-0.21,38.96,707,"gbif"
"1871",1501806677,"Convolvulus lanuginosus",1,"2014-04-17",-0.61,38.93,707,"gbif"
"1872",1501806483,"Convolvulus lanuginosus",1,"2014-04-17",-0.62,38.92,707,"gbif"
"1873",1501806272,"Convolvulus lanuginosus",1,"2014-04-17",-0.6,38.91,707,"gbif"
"1874",1501806084,"Convolvulus lanuginosus",1,"2014-04-17",-0.61,38.91,707,"gbif"
"1875",1501805344,"Convolvulus lanuginosus",1,"2014-04-17",-0.61,38.92,707,"gbif"
"1876",1501808033,"Convolvulus lanuginosus",1,"2014-04-18",-0.76,39.28,707,"gbif"
"1877",1501807878,"Convolvulus lanuginosus",1,"2014-04-18",-0.72,39.28,707,"gbif"
"1878",1501807612,"Convolvulus lanuginosus",1,"2014-04-18",-0.72,39.3,707,"gbif"
"1879",1501807550,"Convolvulus lanuginosus",1,"2014-04-18",-0.73,39.28,707,"gbif"
"1880",1501807401,"Convolvulus lanuginosus",1,"2014-04-18",-0.71,39.3,707,"gbif"
"1881",1501807280,"Convolvulus lanuginosus",1,"2014-04-18",-0.71,39.31,707,"gbif"
"1882",1501806842,"Convolvulus lanuginosus",1,"2014-04-18",-0.7,39.32,707,"gbif"
"1883",1501620070,"Convolvulus lanuginosus",1,"2014-04-19",-0.28,39,707,"gbif"
"1884",1501814322,"Convolvulus lanuginosus",1,"2014-04-28",-0.58,39.81,707,"gbif"
"1885",1501814151,"Convolvulus lanuginosus",1,"2014-04-28",-0.62,39.79,707,"gbif"
"1886",1501813977,"Convolvulus lanuginosus",1,"2014-04-28",-0.61,39.79,707,"gbif"
"1887",1501813754,"Convolvulus lanuginosus",1,"2014-04-28",-0.6,39.8,707,"gbif"
"1888",1501813630,"Convolvulus lanuginosus",1,"2014-04-28",-0.6,39.78,707,"gbif"
"1889",1501813221,"Convolvulus lanuginosus",1,"2014-04-28",-0.59,39.78,707,"gbif"
"1890",1501813103,"Convolvulus lanuginosus",1,"2014-04-28",-0.55,39.79,707,"gbif"
"1891",1501813005,"Convolvulus lanuginosus",1,"2014-04-28",-0.53,39.76,707,"gbif"
"1892",1501812829,"Convolvulus lanuginosus",1,"2014-04-28",-0.55,39.78,707,"gbif"
"1893",1501812761,"Convolvulus lanuginosus",1,"2014-04-28",-0.54,39.76,707,"gbif"
"1894",1099344222,"Convolvulus lanuginosus",1,"2014-05-02",-4.83,36.83,250,"gbif"
"1895",1501816023,"Convolvulus lanuginosus",1,"2014-05-10",-0.97,39.43,707,"gbif"
"1896",1501815965,"Convolvulus lanuginosus",1,"2014-05-10",-0.96,39.42,707,"gbif"
"1897",1501815697,"Convolvulus lanuginosus",1,"2014-05-10",-0.96,39.4,707,"gbif"
"1898",1501815522,"Convolvulus lanuginosus",1,"2014-05-10",-0.97,39.4,707,"gbif"
"1899",1501815263,"Convolvulus lanuginosus",1,"2014-05-10",-0.96,39.41,707,"gbif"
"1900",1501815089,"Convolvulus lanuginosus",1,"2014-05-10",-0.97,39.41,707,"gbif"
"1901",1501814864,"Convolvulus lanuginosus",1,"2014-05-10",-0.97,39.42,707,"gbif"
"1902",1501814758,"Convolvulus lanuginosus",1,"2014-05-10",-0.96,39.43,707,"gbif"
"1903",1501814497,"Convolvulus lanuginosus",1,"2014-05-10",-0.95,39.43,707,"gbif"
"1904",1501462215,"Convolvulus lanuginosus",1,"2014-05-12",-0.89,39.63,707,"gbif"
"1905",1501462055,"Convolvulus lanuginosus",1,"2014-05-12",-0.9,39.63,707,"gbif"
"1906",1501467968,"Convolvulus lanuginosus",1,"2014-05-13",-0.93,39.59,707,"gbif"
"1907",1501463435,"Convolvulus lanuginosus",1,"2014-05-13",-0.89,39.58,707,"gbif"
"1908",1501463241,"Convolvulus lanuginosus",1,"2014-05-13",-0.99,39.59,707,"gbif"
"1909",1501466232,"Convolvulus lanuginosus",1,"2014-05-14",-0.93,39.63,707,"gbif"
"1910",1501465827,"Convolvulus lanuginosus",1,"2014-05-14",-0.96,39.63,707,"gbif"
"1911",1501464744,"Convolvulus lanuginosus",1,"2014-05-14",-0.87,39.61,707,"gbif"
"1912",1501464042,"Convolvulus lanuginosus",1,"2014-05-14",-0.98,39.61,707,"gbif"
"1913",1501464039,"Convolvulus lanuginosus",1,"2014-05-14",-0.92,39.58,707,"gbif"
"1914",1501464011,"Convolvulus lanuginosus",1,"2014-05-14",-0.97,39.62,707,"gbif"
"1915",1501463998,"Convolvulus lanuginosus",1,"2014-05-14",-0.91,39.57,707,"gbif"
"1916",1501624592,"Convolvulus lanuginosus",1,"2014-05-15",-0.94,38.4,707,"gbif"
"1917",1501469923,"Convolvulus lanuginosus",1,"2014-05-15",-0.94,39.59,707,"gbif"
"1918",1501469858,"Convolvulus lanuginosus",1,"2014-05-15",-0.94,39.58,707,"gbif"
"1919",1501469779,"Convolvulus lanuginosus",1,"2014-05-15",-0.96,39.58,707,"gbif"
"1920",1501469716,"Convolvulus lanuginosus",1,"2014-05-15",-0.96,39.57,707,"gbif"
"1921",1099343492,"Convolvulus lanuginosus",1,"2014-05-15",-4.54,36.61,707,"gbif"
"1922",4853796021,"Convolvulus lanuginosus",1,"2014-05-21",-0.85,39.31,707,"gbif"
"1923",4853738498,"Convolvulus lanuginosus",1,"2014-05-21",-0.77,39.29,707,"gbif"
"1924",1501469762,"Convolvulus lanuginosus",1,"2014-05-21",-0.94,39.6,707,"gbif"
"1925",1501818848,"Convolvulus lanuginosus",1,"2014-05-23",-0.04,38.67,707,"gbif"
"1926",1501624586,"Convolvulus lanuginosus",1,"2014-05-24",-1,38.44,707,"gbif"
"1927",2832498243,"Convolvulus lanuginosus",1,"2014-05-31",0.043373,42.217995,10,"gbif"
"1928",1501624616,"Convolvulus lanuginosus",1,"2014-05-31",-1.02,38.47,707,"gbif"
"1929",1501826785,"Convolvulus lanuginosus",1,"2014-06-01",-0.58,38.81,707,"gbif"
"1930",1501826604,"Convolvulus lanuginosus",1,"2014-06-01",-0.64,38.86,707,"gbif"
"1931",1501826474,"Convolvulus lanuginosus",1,"2014-06-01",-0.65,38.86,707,"gbif"
"1932",1501826300,"Convolvulus lanuginosus",1,"2014-06-01",-0.63,38.82,707,"gbif"
"1933",1501826130,"Convolvulus lanuginosus",1,"2014-06-01",-0.71,38.81,707,"gbif"
"1934",1501825874,"Convolvulus lanuginosus",1,"2014-06-01",-0.69,38.83,707,"gbif"
"1935",1501825681,"Convolvulus lanuginosus",1,"2014-06-01",-0.7,38.83,707,"gbif"
"1936",1501825500,"Convolvulus lanuginosus",1,"2014-06-01",-0.71,38.82,707,"gbif"
"1937",1501825334,"Convolvulus lanuginosus",1,"2014-06-01",-0.6,38.81,707,"gbif"
"1938",1501624612,"Convolvulus lanuginosus",1,"2014-06-01",-0.97,38.46,707,"gbif"
"1939",1501835023,"Convolvulus lanuginosus",1,"2014-06-21",-0.92,38.87,707,"gbif"
"1940",1501834818,"Convolvulus lanuginosus",1,"2014-06-21",-0.92,38.89,707,"gbif"
"1941",1501834650,"Convolvulus lanuginosus",1,"2014-06-21",-0.92,38.88,707,"gbif"
"1942",1501834549,"Convolvulus lanuginosus",1,"2014-06-21",-0.9,38.87,707,"gbif"
"1943",1501834364,"Convolvulus lanuginosus",1,"2014-06-21",-0.86,38.85,707,"gbif"
"1944",1501834216,"Convolvulus lanuginosus",1,"2014-06-21",-0.87,38.87,707,"gbif"
"1945",1501834083,"Convolvulus lanuginosus",1,"2014-06-21",-0.86,38.87,707,"gbif"
"1946",1501833979,"Convolvulus lanuginosus",1,"2014-06-21",-0.86,38.86,707,"gbif"
"1947",1501833819,"Convolvulus lanuginosus",1,"2014-06-21",-0.9,38.85,707,"gbif"
"1948",1501833657,"Convolvulus lanuginosus",1,"2014-06-21",-0.89,38.86,707,"gbif"
"1949",1501833518,"Convolvulus lanuginosus",1,"2014-06-21",-0.9,38.86,707,"gbif"
"1950",1501833343,"Convolvulus lanuginosus",1,"2014-06-21",-0.93,38.85,707,"gbif"
"1951",1501833124,"Convolvulus lanuginosus",1,"2014-06-21",-0.89,38.85,707,"gbif"
"1952",1501624604,"Convolvulus lanuginosus",1,"2014-06-24",-0.92,38.37,707,"gbif"
"1953",1501624599,"Convolvulus lanuginosus",1,"2014-06-26",-0.91,38.3,707,"gbif"
"1954",1501614771,"Convolvulus lanuginosus",1,"2014-07-11",-1.02,38.65,707,"gbif"
"1955",1501615092,"Convolvulus lanuginosus",1,"2014-07-12",-0.84,38.72,707,"gbif"
"1956",1501624605,"Convolvulus lanuginosus",1,"2014-07-23",-0.88,38.39,707,"gbif"
"1957",1501624600,"Convolvulus lanuginosus",1,"2014-07-26",-1.06,38.45,707,"gbif"
"1958",4040944615,"Convolvulus lanuginosus",1,"2014-09-20",-1,39.45,707,"gbif"
"1959",4040921210,"Convolvulus lanuginosus",1,"2014-09-20",-1.02,39.47,707,"gbif"
"1960",4040887805,"Convolvulus lanuginosus",1,"2014-09-20",-1.02,39.46,707,"gbif"
"1961",4040887335,"Convolvulus lanuginosus",1,"2014-09-20",-0.98,39.44,707,"gbif"
"1962",4040615867,"Convolvulus lanuginosus",1,"2014-09-20",-1.03,39.46,707,"gbif"
"1963",4040609902,"Convolvulus lanuginosus",1,"2014-09-20",-1.01,39.45,707,"gbif"
"1964",4040600515,"Convolvulus lanuginosus",1,"2014-09-20",-1.03,39.47,707,"gbif"
"1965",1501624606,"Convolvulus lanuginosus",1,"2014-09-26",-0.84,38.34,707,"gbif"
"1966",4041084852,"Convolvulus lanuginosus",1,"2014-10-01",-0.66,39.78,707,"gbif"
"1967",4040944583,"Convolvulus lanuginosus",1,"2014-10-01",-0.6,39.77,707,"gbif"
"1968",4040928079,"Convolvulus lanuginosus",1,"2014-10-01",-0.61,39.77,707,"gbif"
"1969",4040923949,"Convolvulus lanuginosus",1,"2014-10-01",-0.62,39.78,707,"gbif"
"1970",4040574919,"Convolvulus lanuginosus",1,"2014-10-01",-0.67,39.78,707,"gbif"
"1971",4040921555,"Convolvulus lanuginosus",1,"2014-10-03",-0.56,39.97,707,"gbif"
"1972",4040614309,"Convolvulus lanuginosus",1,"2014-10-03",-0.56,39.96,707,"gbif"
"1973",1501624594,"Convolvulus lanuginosus",1,"2014-10-09",-0.94,38.32,707,"gbif"
"1974",1501624613,"Convolvulus lanuginosus",1,"2014-10-16",-0.9,38.39,707,"gbif"
"1975",1501624609,"Convolvulus lanuginosus",1,"2014-10-23",-0.88,38.34,707,"gbif"
"1976",1501624583,"Convolvulus lanuginosus",1,"2014-10-26",-0.88,38.33,707,"gbif"
"1977",1501624625,"Convolvulus lanuginosus",1,"2014-10-27",-0.97,38.48,707,"gbif"
"1978",1501624628,"Convolvulus lanuginosus",1,"2014-10-28",-0.91,38.29,707,"gbif"
"1979",1501624623,"Convolvulus lanuginosus",1,"2014-10-31",-0.8,38.49,707,"gbif"
"1980",1501624620,"Convolvulus lanuginosus",1,"2014-11-05",-0.99,38.42,707,"gbif"
"1981",1501624607,"Convolvulus lanuginosus",1,"2014-11-07",-0.75,38.35,707,"gbif"
"1982",4040947709,"Convolvulus lanuginosus",1,"2014-11-08",-0.73,39.12,707,"gbif"
"1983",4040937368,"Convolvulus lanuginosus",1,"2014-11-08",-0.74,39.13,707,"gbif"
"1984",4040623311,"Convolvulus lanuginosus",1,"2014-11-08",-0.74,39.12,707,"gbif"
"1985",4040621734,"Convolvulus lanuginosus",1,"2014-11-08",-0.74,39.11,707,"gbif"
"1986",4040611137,"Convolvulus lanuginosus",1,"2014-11-08",-0.75,39.13,707,"gbif"
"1987",4040608805,"Convolvulus lanuginosus",1,"2014-11-08",-0.72,39.12,707,"gbif"
"1988",1501624654,"Convolvulus lanuginosus",1,"2014-11-08",-0.95,38.36,707,"gbif"
"1989",1501624626,"Convolvulus lanuginosus",1,"2014-11-09",-0.99,38.38,707,"gbif"
"1990",1501624637,"Convolvulus lanuginosus",1,"2014-11-13",-0.96,38.42,707,"gbif"
"1991",1501624617,"Convolvulus lanuginosus",1,"2014-11-19",-0.9,38.36,707,"gbif"
"1992",4040988312,"Convolvulus lanuginosus",1,"2014-12-27",0.26,40.37,707,"gbif"
"1993",4040972513,"Convolvulus lanuginosus",1,"2014-12-27",0.21,40.41,707,"gbif"
"1994",4040924061,"Convolvulus lanuginosus",1,"2014-12-27",0.25,40.39,707,"gbif"
"1995",4040873545,"Convolvulus lanuginosus",1,"2014-12-27",0.25,40.36,707,"gbif"
"1996",4040632621,"Convolvulus lanuginosus",1,"2014-12-27",0.24,40.41,707,"gbif"
"1997",4040615966,"Convolvulus lanuginosus",1,"2014-12-27",0.26,40.39,707,"gbif"
"1998",4040608770,"Convolvulus lanuginosus",1,"2014-12-27",0.22,40.41,707,"gbif"
"1999",4040590099,"Convolvulus lanuginosus",1,"2014-12-27",0.27,40.37,707,"gbif"
"2000",1501778256,"Convolvulus lanuginosus",1,"2015-01-11",-0.28,38.98,707,"gbif"
"2001",4040574268,"Convolvulus lanuginosus",1,"2015-01-13",-0.89,38.33,707,"gbif"
"2002",4040595020,"Convolvulus lanuginosus",1,"2015-02-02",-1.04,38.41,707,"gbif"
"2003",4040602626,"Convolvulus lanuginosus",1,"2015-03-14",-0.99,38.32,707,"gbif"
"2004",4040588769,"Convolvulus lanuginosus",1,"2015-03-15",-0.89,38.29,707,"gbif"
"2005",4040595023,"Convolvulus lanuginosus",1,"2015-03-20",-0.79,38.29,707,"gbif"
"2006",4040910851,"Convolvulus lanuginosus",1,"2015-03-28",-0.94,38.63,707,"gbif"
"2007",4040908293,"Convolvulus lanuginosus",1,"2015-03-28",-0.94,38.62,707,"gbif"
"2008",1501776943,"Convolvulus lanuginosus",1,"2015-04-03",-0.27,38.86,707,"gbif"
"2009",1501776870,"Convolvulus lanuginosus",1,"2015-04-03",-0.29,38.86,707,"gbif"
"2010",1501780027,"Convolvulus lanuginosus",1,"2015-04-05",-0.54,38.82,707,"gbif"
"2011",1501779909,"Convolvulus lanuginosus",1,"2015-04-05",-0.53,38.82,707,"gbif"
"2012",1501778629,"Convolvulus lanuginosus",1,"2015-04-05",-0.56,38.81,707,"gbif"
"2013",1501777362,"Convolvulus lanuginosus",1,"2015-04-05",-0.56,38.82,707,"gbif"
"2014",4040924186,"Convolvulus lanuginosus",1,"2015-04-09",-0.47,38.99,707,"gbif"
"2015",4040874082,"Convolvulus lanuginosus",1,"2015-04-09",-0.47,38.94,707,"gbif"
"2016",4040626503,"Convolvulus lanuginosus",1,"2015-04-09",-0.44,39,707,"gbif"
"2017",4040598277,"Convolvulus lanuginosus",1,"2015-04-09",-0.48,38.94,707,"gbif"
"2018",4040599522,"Convolvulus lanuginosus",1,"2015-04-10",-0.87,38.28,707,"gbif"
"2019",1501635948,"Convolvulus lanuginosus",1,"2015-04-14",-0.36,39.08,707,"gbif"
"2020",1501627632,"Convolvulus lanuginosus",1,"2015-04-14",-0.37,39.08,707,"gbif"
"2021",1501608562,"Convolvulus lanuginosus",1,"2015-04-14",-0.39,39.09,707,"gbif"
"2022",4040881869,"Convolvulus lanuginosus",1,"2015-04-17",-1.08,38.35,707,"gbif"
"2023",1501636980,"Convolvulus lanuginosus",1,"2015-04-21",-0.37,39.04,707,"gbif"
"2024",1501636479,"Convolvulus lanuginosus",1,"2015-04-21",-0.37,39.05,707,"gbif"
"2025",1501636299,"Convolvulus lanuginosus",1,"2015-04-21",-0.37,39.06,707,"gbif"
"2026",1501636134,"Convolvulus lanuginosus",1,"2015-04-21",-0.38,39.06,707,"gbif"
"2027",4040932000,"Convolvulus lanuginosus",1,"2015-04-22",-1.07,38.43,707,"gbif"
"2028",2836081820,"Convolvulus lanuginosus",1,"2015-04-23",-3.99123,36.855284,25,"gbif"
"2029",1501632824,"Convolvulus lanuginosus",1,"2015-04-23",-0.83,38.71,707,"gbif"
"2030",1501565025,"Convolvulus lanuginosus",1,"2015-04-23",-1.09,39.22,707,"gbif"
"2031",3713857528,"Convolvulus lanuginosus",1,"2015-04-26",-2.5,36.86,707,"gbif"
"2032",1501634582,"Convolvulus lanuginosus",1,"2015-04-28",-0.52,38.36,707,"gbif"
"2033",1501566452,"Convolvulus lanuginosus",1,"2015-05-04",-0.17,40.54,707,"gbif"
"2034",1501632926,"Convolvulus lanuginosus",1,"2015-05-08",-0.81,38.57,707,"gbif"
"2035",4040904384,"Convolvulus lanuginosus",1,"2015-05-19",-0.99,38.41,707,"gbif"
"2036",4040956783,"Convolvulus lanuginosus",1,"2015-05-21",-0.95,39.11,707,"gbif"
"2037",4040924156,"Convolvulus lanuginosus",1,"2015-05-21",-0.97,39.13,707,"gbif"
"2038",4040920318,"Convolvulus lanuginosus",1,"2015-05-21",-0.94,39.11,707,"gbif"
"2039",4040873914,"Convolvulus lanuginosus",1,"2015-05-21",-0.98,39.13,707,"gbif"
"2040",4040858909,"Convolvulus lanuginosus",1,"2015-05-21",-0.95,39.1,707,"gbif"
"2041",4040624019,"Convolvulus lanuginosus",1,"2015-05-21",-0.97,39.12,707,"gbif"
"2042",4040622346,"Convolvulus lanuginosus",1,"2015-05-21",-0.94,39.1,707,"gbif"
"2043",4040598692,"Convolvulus lanuginosus",1,"2015-05-21",-0.86,38.47,707,"gbif"
"2044",1501586909,"Convolvulus lanuginosus",1,"2015-05-25",-1.12,39.25,707,"gbif"
"2045",4040588770,"Convolvulus lanuginosus",1,"2015-05-29",-0.74,38.5,707,"gbif"
"2046",1501777523,"Convolvulus lanuginosus",1,"2015-05-29",-0.31,38.88,707,"gbif"
"2047",1265271007,"Convolvulus lanuginosus",1,"2015-05-29",-4.85,36.84,415,"gbif"
"2048",4040590937,"Convolvulus lanuginosus",1,"2015-06-04",-1.03,38.48,707,"gbif"
"2049",4040599520,"Convolvulus lanuginosus",1,"2015-06-05",-0.99,38.5,707,"gbif"
"2050",4040588767,"Convolvulus lanuginosus",1,"2015-06-05",-1,38.5,707,"gbif"
"2051",1501779576,"Convolvulus lanuginosus",1,"2015-06-10",-0.3,38.89,707,"gbif"
"2052",4040595022,"Convolvulus lanuginosus",1,"2015-06-28",-0.9,38.29,707,"gbif"
"2053",4040934023,"Convolvulus lanuginosus",1,"2015-07-02",-0.98,38.44,707,"gbif"
"2054",1501635346,"Convolvulus lanuginosus",1,"2015-07-03",-1,38.51,707,"gbif"
"2055",4040934022,"Convolvulus lanuginosus",1,"2015-07-06",-1.05,38.47,707,"gbif"
"2056",1501636764,"Convolvulus lanuginosus",1,"2015-07-09",-1.01,38.65,707,"gbif"
"2057",4040692887,"Convolvulus lanuginosus",1,"2015-08-13",-0.47,38.96,707,"gbif"
"2058",4041047769,"Convolvulus lanuginosus",1,"2015-08-14",-0.51,38.94,707,"gbif"
"2059",4040932001,"Convolvulus lanuginosus",1,"2015-08-14",-0.98,38.43,707,"gbif"
"2060",4040697643,"Convolvulus lanuginosus",1,"2015-08-14",-0.51,38.95,707,"gbif"
"2061",4041007096,"Convolvulus lanuginosus",1,"2015-08-15",-0.52,38.94,707,"gbif"
"2062",4040595021,"Convolvulus lanuginosus",1,"2015-08-16",-0.97,38.43,707,"gbif"
"2063",4040881872,"Convolvulus lanuginosus",1,"2015-08-27",-0.86,38.48,707,"gbif"
"2064",4040574267,"Convolvulus lanuginosus",1,"2015-08-28",-0.95,38.47,707,"gbif"
"2065",4040596440,"Convolvulus lanuginosus",1,"2015-09-09",-0.99,38.4,707,"gbif"
"2066",4040598690,"Convolvulus lanuginosus",1,"2015-09-16",-0.98,38.4,707,"gbif"
"2067",4040904386,"Convolvulus lanuginosus",1,"2015-09-17",-0.88,38.31,707,"gbif"
"2068",4040934025,"Convolvulus lanuginosus",1,"2015-09-18",-0.84,38.29,707,"gbif"
"2069",4040599521,"Convolvulus lanuginosus",1,"2015-09-23",-0.94,38.43,707,"gbif"
"2070",4040602627,"Convolvulus lanuginosus",1,"2015-09-24",-0.96,38.41,707,"gbif"
"2071",4040911260,"Convolvulus lanuginosus",1,"2015-09-27",-0.71,39.07,707,"gbif"
"2072",4040638687,"Convolvulus lanuginosus",1,"2015-09-27",-0.79,39.06,707,"gbif"
"2073",4040627154,"Convolvulus lanuginosus",1,"2015-09-27",-0.8,39.06,707,"gbif"
"2074",4040627122,"Convolvulus lanuginosus",1,"2015-09-27",-0.75,39.08,707,"gbif"
"2075",4040626634,"Convolvulus lanuginosus",1,"2015-09-27",-0.79,39.07,707,"gbif"
"2076",4040600786,"Convolvulus lanuginosus",1,"2015-09-27",-0.74,39.08,707,"gbif"
"2077",4040589459,"Convolvulus lanuginosus",1,"2015-09-27",-0.71,39.08,707,"gbif"
"2078",4040590939,"Convolvulus lanuginosus",1,"2015-10-09",-0.9,38.35,707,"gbif"
"2079",4040932002,"Convolvulus lanuginosus",1,"2015-10-11",-0.93,38.47,707,"gbif"
"2080",4041080186,"Convolvulus lanuginosus",1,"2015-10-16",-0.89,38.3,707,"gbif"
"2081",4040588768,"Convolvulus lanuginosus",1,"2015-10-17",-0.96,38.39,707,"gbif"
"2082",4040936279,"Convolvulus lanuginosus",1,"2015-10-24",-0.85,39.74,707,"gbif"
"2083",4040935852,"Convolvulus lanuginosus",1,"2015-10-24",-0.88,39.74,707,"gbif"
"2084",4040927336,"Convolvulus lanuginosus",1,"2015-10-24",-0.86,39.74,707,"gbif"
"2085",4040923989,"Convolvulus lanuginosus",1,"2015-10-24",-0.85,39.73,707,"gbif"
"2086",4040623941,"Convolvulus lanuginosus",1,"2015-10-24",-0.84,39.73,707,"gbif"
"2087",4040596177,"Convolvulus lanuginosus",1,"2015-10-24",-0.86,39.73,707,"gbif"
"2088",4040598691,"Convolvulus lanuginosus",1,"2015-10-27",-0.94,38.46,707,"gbif"
"2089",4040590938,"Convolvulus lanuginosus",1,"2015-11-02",-0.97,38.47,707,"gbif"
"2090",4040596441,"Convolvulus lanuginosus",1,"2015-11-05",-0.68,38.5,707,"gbif"
"2091",4040692874,"Convolvulus lanuginosus",1,"2015-11-07",-0.33,38.93,707,"gbif"
"2092",4040692860,"Convolvulus lanuginosus",1,"2015-11-10",-0.51,38.83,707,"gbif"
"2093",4040692855,"Convolvulus lanuginosus",1,"2015-11-10",-0.52,38.83,707,"gbif"
"2094",4040938695,"Convolvulus lanuginosus",1,"2015-11-11",-0.84,39.47,707,"gbif"
"2095",4040957126,"Convolvulus lanuginosus",1,"2015-11-14",-0.4,39.92,707,"gbif"
"2096",4040908099,"Convolvulus lanuginosus",1,"2015-11-14",-0.4,39.93,707,"gbif"
"2097",4040948383,"Convolvulus lanuginosus",1,"2015-11-15",-0.32,39.9,707,"gbif"
"2098",4040946237,"Convolvulus lanuginosus",1,"2015-11-15",-0.27,39.9,707,"gbif"
"2099",4040935785,"Convolvulus lanuginosus",1,"2015-11-15",-0.21,39.9,707,"gbif"
"2100",4040911846,"Convolvulus lanuginosus",1,"2015-11-15",-0.28,39.9,707,"gbif"
"2101",4040630736,"Convolvulus lanuginosus",1,"2015-11-15",-0.3,39.9,707,"gbif"
"2102",4040630621,"Convolvulus lanuginosus",1,"2015-11-15",-0.26,39.9,707,"gbif"
"2103",4040626683,"Convolvulus lanuginosus",1,"2015-11-15",-0.21,39.89,707,"gbif"
"2104",4040603036,"Convolvulus lanuginosus",1,"2015-11-15",-0.29,39.9,707,"gbif"
"2105",4040589191,"Convolvulus lanuginosus",1,"2015-11-15",-0.29,39.89,707,"gbif"
"2106",4040589171,"Convolvulus lanuginosus",1,"2015-11-15",-0.27,39.89,707,"gbif"
"2107",4040589166,"Convolvulus lanuginosus",1,"2015-11-15",-0.26,39.89,707,"gbif"
"2108",4040904385,"Convolvulus lanuginosus",1,"2015-11-16",-0.95,38.32,707,"gbif"
"2109",4040946447,"Convolvulus lanuginosus",1,"2015-11-18",-0.75,39.43,707,"gbif"
"2110",4040946421,"Convolvulus lanuginosus",1,"2015-11-18",-0.75,39.44,707,"gbif"
"2111",4040924763,"Convolvulus lanuginosus",1,"2015-11-18",-0.74,39.44,707,"gbif"
"2112",4040628860,"Convolvulus lanuginosus",1,"2015-11-18",-0.74,39.43,707,"gbif"
"2113",4040612443,"Convolvulus lanuginosus",1,"2015-11-18",-0.73,39.44,707,"gbif"
"2114",4040596915,"Convolvulus lanuginosus",1,"2015-11-18",-0.74,39.42,707,"gbif"
"2115",4040590940,"Convolvulus lanuginosus",1,"2015-11-23",-0.77,38.34,707,"gbif"
"2116",4040602628,"Convolvulus lanuginosus",1,"2015-11-30",-0.69,38.42,707,"gbif"
"2117",4041034361,"Convolvulus lanuginosus",1,"2015-12-01",-0.33,38.98,707,"gbif"
"2118",4041082004,"Convolvulus lanuginosus",1,"2015-12-26",-0.21,39.87,707,"gbif"
"2119",4040625706,"Convolvulus lanuginosus",1,"2015-12-26",-0.2,39.87,707,"gbif"
"2120",4040925187,"Convolvulus lanuginosus",1,"2016-01-09",-0.28,39.83,707,"gbif"
"2121",4040593092,"Convolvulus lanuginosus",1,"2016-01-09",-0.28,39.84,707,"gbif"
"2122",4040912720,"Convolvulus lanuginosus",1,"2016-01-29",-0.84,38.36,707,"gbif"
"2123",4040581214,"Convolvulus lanuginosus",1,"2016-02-10",-0.99,38.39,707,"gbif"
"2124",4040946881,"Convolvulus lanuginosus",1,"2016-03-12",-0.27,38.88,707,"gbif"
"2125",4040905274,"Convolvulus lanuginosus",1,"2016-03-12",-0.29,38.88,707,"gbif"
"2126",4040613539,"Convolvulus lanuginosus",1,"2016-03-12",-0.26,38.88,707,"gbif"
"2127",4040905279,"Convolvulus lanuginosus",1,"2016-03-15",-0.52,38.82,707,"gbif"
"2128",4040616408,"Convolvulus lanuginosus",1,"2016-03-15",-0.51,38.82,707,"gbif"
"2129",4040582905,"Convolvulus lanuginosus",1,"2016-03-16",-0.91,38.32,707,"gbif"
"2130",4040933504,"Convolvulus lanuginosus",1,"2016-03-18",-0.65,38.39,707,"gbif"
"2131",4040683707,"Convolvulus lanuginosus",1,"2016-03-18",-0.06,38.56,707,"gbif"
"2132",4040594481,"Convolvulus lanuginosus",1,"2016-03-23",-1.01,38.37,707,"gbif"
"2133",2835143654,"Convolvulus lanuginosus",1,"2016-04-09",-3.966909,36.830792,10,"gbif"
"2134",1501758143,"Convolvulus lanuginosus",1,"2016-04-12",-0.75,38.73,707,"gbif"
"2135",4040897033,"Convolvulus lanuginosus",1,"2016-04-15",-0.78,39.27,707,"gbif"
"2136",4040919545,"Convolvulus lanuginosus",1,"2016-04-16",-0.78,39.12,707,"gbif"
"2137",4040919533,"Convolvulus lanuginosus",1,"2016-04-16",-0.87,39.11,707,"gbif"
"2138",4040618014,"Convolvulus lanuginosus",1,"2016-04-16",-0.85,39.1,707,"gbif"
"2139",4040605469,"Convolvulus lanuginosus",1,"2016-04-16",-0.89,39.12,707,"gbif"
"2140",4040605458,"Convolvulus lanuginosus",1,"2016-04-16",-0.88,39.12,707,"gbif"
"2141",4040604101,"Convolvulus lanuginosus",1,"2016-04-16",-0.88,39.11,707,"gbif"
"2142",4041038452,"Convolvulus lanuginosus",1,"2016-04-22",-0.29,39.02,707,"gbif"
"2143",4040961392,"Convolvulus lanuginosus",1,"2016-04-24",0.42,40.52,707,"gbif"
"2144",1501754568,"Convolvulus lanuginosus",1,"2016-04-24",-0.51,39.33,707,"gbif"
"2145",4041083649,"Convolvulus lanuginosus",1,"2016-04-25",-0.69,38.33,707,"gbif"
"2146",4040919774,"Convolvulus lanuginosus",1,"2016-04-25",-0.67,38.32,707,"gbif"
"2147",4040616913,"Convolvulus lanuginosus",1,"2016-04-25",-0.68,38.33,707,"gbif"
"2148",4040616886,"Convolvulus lanuginosus",1,"2016-04-25",-0.68,38.32,707,"gbif"
"2149",1501735188,"Convolvulus lanuginosus",1,"2016-04-26",-0.74,38.28,707,"gbif"
"2150",1501733433,"Convolvulus lanuginosus",1,"2016-04-26",-0.78,38.28,707,"gbif"
"2151",1501733296,"Convolvulus lanuginosus",1,"2016-04-26",-0.7,38.32,707,"gbif"
"2152",1501733060,"Convolvulus lanuginosus",1,"2016-04-26",-0.7,38.31,707,"gbif"
"2153",2465093916,"Convolvulus lanuginosus",1,"2016-04-29",0.57608,41.88311,20,"gbif"
"2154",4040963564,"Convolvulus lanuginosus",1,"2016-04-30",-0.57,38.54,707,"gbif"
"2155",4040961496,"Convolvulus lanuginosus",1,"2016-04-30",-0.57,38.53,707,"gbif"
"2156",4040961463,"Convolvulus lanuginosus",1,"2016-04-30",-0.6,38.55,707,"gbif"
"2157",4040945846,"Convolvulus lanuginosus",1,"2016-04-30",-0.57,38.51,707,"gbif"
"2158",4040885782,"Convolvulus lanuginosus",1,"2016-04-30",-0.56,38.5,707,"gbif"
"2159",4040629650,"Convolvulus lanuginosus",1,"2016-04-30",-0.56,38.52,707,"gbif"
"2160",4040629556,"Convolvulus lanuginosus",1,"2016-04-30",-0.58,38.55,707,"gbif"
"2161",4040616940,"Convolvulus lanuginosus",1,"2016-04-30",-0.59,38.59,707,"gbif"
"2162",4040612067,"Convolvulus lanuginosus",1,"2016-04-30",-0.58,38.59,707,"gbif"
"2163",4040605763,"Convolvulus lanuginosus",1,"2016-04-30",-0.58,38.56,707,"gbif"
"2164",1501781826,"Convolvulus lanuginosus",1,"2016-05-03",-0.71,38.88,707,"gbif"
"2165",1501781581,"Convolvulus lanuginosus",1,"2016-05-03",-0.72,38.88,707,"gbif"
"2166",1501781353,"Convolvulus lanuginosus",1,"2016-05-03",-0.73,38.88,707,"gbif"
"2167",4041083821,"Convolvulus lanuginosus",1,"2016-05-07",-0.89,38.56,707,"gbif"
"2168",4040964144,"Convolvulus lanuginosus",1,"2016-05-07",-0.86,38.56,707,"gbif"
"2169",4040963648,"Convolvulus lanuginosus",1,"2016-05-07",-0.85,38.58,707,"gbif"
"2170",4040630711,"Convolvulus lanuginosus",1,"2016-05-07",-0.86,38.54,707,"gbif"
"2171",4040629747,"Convolvulus lanuginosus",1,"2016-05-07",-0.86,38.55,707,"gbif"
"2172",4040628402,"Convolvulus lanuginosus",1,"2016-05-07",-0.84,38.54,707,"gbif"
"2173",1501781146,"Convolvulus lanuginosus",1,"2016-05-10",-0.79,38.89,707,"gbif"
"2174",1501780963,"Convolvulus lanuginosus",1,"2016-05-10",-0.8,38.89,707,"gbif"
"2175",4040629817,"Convolvulus lanuginosus",1,"2016-05-18",-1.2,39.05,707,"gbif"
"2176",1501758007,"Convolvulus lanuginosus",1,"2016-05-19",-0.92,38.54,707,"gbif"
"2177",4438853811,"Convolvulus lanuginosus",1,"2016-05-23",0.903625,41.909597,27,"gbif"
"2178",4853790989,"Convolvulus lanuginosus",1,"2016-05-24",-0.64,39.24,707,"gbif"
"2179",1501758113,"Convolvulus lanuginosus",1,"2016-05-25",-0.82,38.72,707,"gbif"
"2180",1501752184,"Convolvulus lanuginosus",1,"2016-06-10",-0.56,39.39,707,"gbif"
"2181",1501783256,"Convolvulus lanuginosus",1,"2016-06-14",-0.17,38.59,707,"gbif"
"2182",1501783097,"Convolvulus lanuginosus",1,"2016-06-14",-0.17,38.58,707,"gbif"
"2183",1501782921,"Convolvulus lanuginosus",1,"2016-06-14",-0.18,38.59,707,"gbif"
"2184",4040587080,"Convolvulus lanuginosus",1,"2016-10-26",-0.94,38.47,707,"gbif"
"2185",1501761170,"Convolvulus lanuginosus",1,"2016-10-30",-0.59,39.31,707,"gbif"
"2186",4040909812,"Convolvulus lanuginosus",1,"2016-11-07",-0.9,38.4,707,"gbif"
"2187",4040881400,"Convolvulus lanuginosus",1,"2016-11-27",-0.83,38.27,707,"gbif"
"2188",4040961893,"Convolvulus lanuginosus",1,"2016-12-21",-0.65,39.13,707,"gbif"
"2189",4040606072,"Convolvulus lanuginosus",1,"2016-12-21",-0.62,39.12,707,"gbif"
"2190",4041084072,"Convolvulus lanuginosus",1,"2016-12-26",-0.62,39.32,707,"gbif"
"2191",4040961918,"Convolvulus lanuginosus",1,"2016-12-26",-0.64,39.33,707,"gbif"
"2192",4040946180,"Convolvulus lanuginosus",1,"2016-12-26",-0.6,39.32,707,"gbif"
"2193",4040628698,"Convolvulus lanuginosus",1,"2016-12-26",-0.63,39.32,707,"gbif"
"2194",4040627333,"Convolvulus lanuginosus",1,"2016-12-26",-0.63,39.33,707,"gbif"
"2195",4040590387,"Convolvulus lanuginosus",1,"2016-12-29",-1,38.39,707,"gbif"
"2196",4040931507,"Convolvulus lanuginosus",1,"2016-12-31",-0.73,38.42,707,"gbif"
"2197",4040594683,"Convolvulus lanuginosus",1,"2017-02-03",-0.86,38.3,707,"gbif"
"2198",4040931680,"Convolvulus lanuginosus",1,"2017-02-06",-0.98,38.48,707,"gbif"
"2199",4040906555,"Convolvulus lanuginosus",1,"2017-03-28",-0.39,39.07,707,"gbif"
"2200",4040593874,"Convolvulus lanuginosus",1,"2017-03-28",-0.39,39.06,707,"gbif"
"2201",3355070309,"Convolvulus lanuginosus",1,"2017-04-01",0.006867,40.040101,8,"gbif"
"2202",3873564548,"Convolvulus lanuginosus",1,"2017-04-14",0.896092,41.908618,4,"gbif"
"2203",4040720185,"Convolvulus lanuginosus",1,"2017-04-22",-0.32,39.1,707,"gbif"
"2204",4040443179,"Convolvulus lanuginosus",1,"2017-04-23",-0.8,38.72,707,"gbif"
"2205",1668798183,"Convolvulus lanuginosus",1,"2017-04-30",0.001483,40.041699,6,"gbif"
"2206",3031911710,"Convolvulus lanuginosus",1,"2017-05-05",-2.609518,36.897582,61,"gbif"
"2207",4988517165,"Convolvulus lanuginosus",1,"2017-05-10",0.01,40.49,707,"gbif"
"2208",4040468309,"Convolvulus lanuginosus",1,"2017-05-15",-0.75,38.75,707,"gbif"
"2209",5004416546,"Convolvulus lanuginosus",1,"2017-05-16",-3.53306,37.05194,20,"gbif"
"2210",4040820413,"Convolvulus lanuginosus",1,"2017-05-19",-0.76,38.74,707,"gbif"
"2211",4041016505,"Convolvulus lanuginosus",1,"2017-05-22",-1.14,39.25,707,"gbif"
"2212",4040782389,"Convolvulus lanuginosus",1,"2017-05-22",-1.14,39.24,707,"gbif"
"2213",4040476440,"Convolvulus lanuginosus",1,"2017-05-22",-1.05,39.22,707,"gbif"
"2214",4040808555,"Convolvulus lanuginosus",1,"2017-05-23",-0.77,38.73,707,"gbif"
"2215",4040805616,"Convolvulus lanuginosus",1,"2017-05-23",-1.17,39.26,707,"gbif"
"2216",4040782760,"Convolvulus lanuginosus",1,"2017-05-24",-1.08,39.28,707,"gbif"
"2217",4040763748,"Convolvulus lanuginosus",1,"2017-05-24",-1.16,39.24,707,"gbif"
"2218",4040468788,"Convolvulus lanuginosus",1,"2017-05-24",-1.04,39.25,707,"gbif"
"2219",4040468706,"Convolvulus lanuginosus",1,"2017-05-25",-0.81,38.72,707,"gbif"
"2220",3954822090,"Convolvulus lanuginosus",1,"2017-05-28",-0.406885,39.70056,19,"gbif"
"2221",4040751793,"Convolvulus lanuginosus",1,"2017-05-29",-1.17,39.17,707,"gbif"
"2222",4040933690,"Convolvulus lanuginosus",1,"2017-12-02",-0.92,38.39,707,"gbif"
"2223",4040881566,"Convolvulus lanuginosus",1,"2017-12-03",-0.98,38.39,707,"gbif"
"2224",4040633904,"Convolvulus lanuginosus",1,"2018-01-02",-0.72,38.41,707,"gbif"
"2225",4040950513,"Convolvulus lanuginosus",1,"2018-01-12",-1.03,38.46,707,"gbif"
"2226",4040643800,"Convolvulus lanuginosus",1,"2018-02-14",-0.69,38.47,707,"gbif"
"2227",4040645167,"Convolvulus lanuginosus",1,"2018-03-22",-0.77,38.51,707,"gbif"
"2228",2833233184,"Convolvulus lanuginosus",1,"2018-04-09",-4.416189,36.768764,100,"gbif"
"2229",4040955671,"Convolvulus lanuginosus",1,"2018-04-10",-0.53,38.21,707,"gbif"
"2230",4040900456,"Convolvulus lanuginosus",1,"2018-04-10",-0.54,38.2,707,"gbif"
"2231",4040900444,"Convolvulus lanuginosus",1,"2018-04-10",-0.55,38.2,707,"gbif"
"2232",4040620517,"Convolvulus lanuginosus",1,"2018-04-10",-0.54,38.21,707,"gbif"
"2233",4040635089,"Convolvulus lanuginosus",1,"2018-04-13",-0.73,38.44,707,"gbif"
"2234",4040960586,"Convolvulus lanuginosus",1,"2018-04-17",0.01,38.76,707,"gbif"
"2235",4040936661,"Convolvulus lanuginosus",1,"2018-04-17",0,38.76,707,"gbif"
"2236",4040620587,"Convolvulus lanuginosus",1,"2018-04-17",0.01,38.77,707,"gbif"
"2237",4510080361,"Convolvulus lanuginosus",1,"2018-04-18",-2.122433,36.84148,15,"gbif"
"2238",4041085596,"Convolvulus lanuginosus",1,"2018-04-24",-0.04,38.71,707,"gbif"
"2239",4040970445,"Convolvulus lanuginosus",1,"2018-04-24",-0.67,38.51,707,"gbif"
"2240",4040960623,"Convolvulus lanuginosus",1,"2018-04-24",-0.06,38.71,707,"gbif"
"2241",4040629100,"Convolvulus lanuginosus",1,"2018-04-24",-0.06,38.7,707,"gbif"
"2242",4040627846,"Convolvulus lanuginosus",1,"2018-04-24",-0.05,38.71,707,"gbif"
"2243",2645113831,"Convolvulus lanuginosus",1,"2018-04-30",-0.244461,39.189589,17,"gbif"
"2244",4040960777,"Convolvulus lanuginosus",1,"2018-05-08",0.33,40.34,707,"gbif"
"2245",4040634517,"Convolvulus lanuginosus",1,"2018-05-08",0.32,40.34,707,"gbif"
"2246",4040631166,"Convolvulus lanuginosus",1,"2018-05-08",0.33,40.33,707,"gbif"
"2247",4040497894,"Convolvulus lanuginosus",1,"2018-05-09",0.28,40.61,707,"gbif"
"2248",2643499420,"Convolvulus lanuginosus",1,"2018-05-15",1.374641,41.347941,24,"gbif"
"2249",4040529620,"Convolvulus lanuginosus",1,"2018-05-22",0.14,38.81,707,"gbif"
"2250",2469129656,"Convolvulus lanuginosus",1,"2018-05-25",2.90831,42.86791,500,"gbif"
"2251",4040880963,"Convolvulus lanuginosus",1,"2018-05-27",-0.79,38.72,707,"gbif"
"2252",3957579735,"Convolvulus lanuginosus",1,"2018-05-27",-4.317379,37.255889,10,"gbif"
"2253",3955517454,"Convolvulus lanuginosus",1,"2018-05-27",-4.386507,36.725446,10,"gbif"
"2254",2840595886,"Convolvulus lanuginosus",1,"2018-05-29",-2.100981,37.693151,10,"gbif"
"2255",4040639573,"Convolvulus lanuginosus",1,"2018-06-01",-0.68,38.49,707,"gbif"
"2256",2521357088,"Convolvulus lanuginosus",1,"2018-06-21",-2.8804,36.9693,70.71,"gbif"
"2257",4040646808,"Convolvulus lanuginosus",1,"2018-09-07",-0.93,38.37,707,"gbif"
"2258",4040925981,"Convolvulus lanuginosus",1,"2018-11-16",-0.9,38.47,707,"gbif"
"2259",4041058794,"Convolvulus lanuginosus",1,"2018-12-08",-0.41,39.86,707,"gbif"
"2260",4040755292,"Convolvulus lanuginosus",1,"2018-12-08",-0.46,39.85,707,"gbif"
"2261",4040745417,"Convolvulus lanuginosus",1,"2018-12-08",-0.45,39.85,707,"gbif"
"2262",4040737882,"Convolvulus lanuginosus",1,"2018-12-08",-0.46,39.84,707,"gbif"
"2263",4040642640,"Convolvulus lanuginosus",1,"2018-12-18",-1.01,38.41,707,"gbif"
"2264",4040470769,"Convolvulus lanuginosus",1,"2019-01-25",-0.71,38.43,707,"gbif"
"2265",4040940670,"Convolvulus lanuginosus",1,"2019-02-19",-0.26,39.77,707,"gbif"
"2266",4040692375,"Convolvulus lanuginosus",1,"2019-02-19",-0.25,39.77,707,"gbif"
"2267",4040670984,"Convolvulus lanuginosus",1,"2019-02-19",-0.24,39.77,707,"gbif"
"2268",4040741121,"Convolvulus lanuginosus",1,"2019-03-03",-0.58,39.91,707,"gbif"
"2269",4040486973,"Convolvulus lanuginosus",1,"2019-03-07",-0.89,38.42,707,"gbif"
"2270",4040958983,"Convolvulus lanuginosus",1,"2019-03-11",-0.68,39.5,707,"gbif"
"2271",4040678017,"Convolvulus lanuginosus",1,"2019-03-11",-0.63,39.52,707,"gbif"
"2272",4040671206,"Convolvulus lanuginosus",1,"2019-03-11",-0.67,39.5,707,"gbif"
"2273",4040669607,"Convolvulus lanuginosus",1,"2019-03-11",-0.64,39.52,707,"gbif"
"2274",4040665433,"Convolvulus lanuginosus",1,"2019-03-11",-0.63,39.53,707,"gbif"
"2275",4041014145,"Convolvulus lanuginosus",1,"2019-03-30",-0.79,39.36,707,"gbif"
"2276",4040753388,"Convolvulus lanuginosus",1,"2019-03-30",-0.78,39.37,707,"gbif"
"2277",4040958935,"Convolvulus lanuginosus",1,"2019-04-03",-0.28,38.96,707,"gbif"
"2278",4040940331,"Convolvulus lanuginosus",1,"2019-04-03",-0.27,38.95,707,"gbif"
"2279",4040692563,"Convolvulus lanuginosus",1,"2019-04-03",-0.28,38.95,707,"gbif"
"2280",5051923332,"Convolvulus lanuginosus",1,"2019-04-05",-4.6,36.58,1,"gbif"
"2281",4041019491,"Convolvulus lanuginosus",1,"2019-04-09",0.4,40.49,707,"gbif"
"2282",4041006688,"Convolvulus lanuginosus",1,"2019-04-09",0.37,40.49,707,"gbif"
"2283",4041001809,"Convolvulus lanuginosus",1,"2019-04-09",0.37,40.5,707,"gbif"
"2284",4040973755,"Convolvulus lanuginosus",1,"2019-04-09",0.39,40.49,707,"gbif"
"2285",4040691480,"Convolvulus lanuginosus",1,"2019-04-09",0.36,40.5,707,"gbif"
"2286",4040683582,"Convolvulus lanuginosus",1,"2019-04-09",0.4,40.48,707,"gbif"
"2287",4040663485,"Convolvulus lanuginosus",1,"2019-04-09",0.36,40.49,707,"gbif"
"2288",2643533278,"Convolvulus lanuginosus",1,"2019-04-10",5.4231,43.313827,5,"gbif"
"2289",3952021054,"Convolvulus lanuginosus",1,"2019-04-12",-1.094757,37.915157,124,"gbif"
"2290",4041056074,"Convolvulus lanuginosus",1,"2019-04-16",-0.82,38.89,707,"gbif"
"2291",4040744613,"Convolvulus lanuginosus",1,"2019-04-16",-0.8,38.9,707,"gbif"
"2292",4041068249,"Convolvulus lanuginosus",1,"2019-04-24",-0.6,39.52,707,"gbif"
"2293",4040737730,"Convolvulus lanuginosus",1,"2019-04-24",-0.6,39.51,707,"gbif"
"2294",3953507438,"Convolvulus lanuginosus",1,"2019-04-25",0.273157,40.318531,8,"gbif"
"2295",2974261128,"Convolvulus lanuginosus",1,"2019-04-25",0.86768,41.431262,4,"gbif"
"2296",4919502233,"Convolvulus lanuginosus",1,"2019-04-27",0.76466,41.87347,488,"gbif"
"2297",3957534679,"Convolvulus lanuginosus",1,"2019-04-30",5.666867,43.186576,12,"gbif"
"2298",3956475685,"Convolvulus lanuginosus",1,"2019-04-30",5.656808,43.188339,32,"gbif"
"2299",4041102921,"Convolvulus lanuginosus",1,"2019-05-01",-0.92,38.57,707,"gbif"
"2300",4041101559,"Convolvulus lanuginosus",1,"2019-05-01",-0.99,38.56,707,"gbif"
"2301",4041075741,"Convolvulus lanuginosus",1,"2019-05-01",-1.01,38.51,707,"gbif"
"2302",4041063931,"Convolvulus lanuginosus",1,"2019-05-01",-1.02,38.51,707,"gbif"
"2303",4040774840,"Convolvulus lanuginosus",1,"2019-05-01",-1,38.53,707,"gbif"
"2304",4040757311,"Convolvulus lanuginosus",1,"2019-05-01",-0.97,38.57,707,"gbif"
"2305",4040752493,"Convolvulus lanuginosus",1,"2019-05-01",-0.93,38.57,707,"gbif"
"2306",4040746733,"Convolvulus lanuginosus",1,"2019-05-01",-0.93,38.56,707,"gbif"
"2307",4040746270,"Convolvulus lanuginosus",1,"2019-05-01",-0.99,38.55,707,"gbif"
"2308",3477616802,"Convolvulus lanuginosus",1,"2019-05-01",3.01837,42.98486,500,"gbif"
"2309",4041074861,"Convolvulus lanuginosus",1,"2019-05-06",0.31,40.32,707,"gbif"
"2310",4040760716,"Convolvulus lanuginosus",1,"2019-05-06",0.33,40.31,707,"gbif"
"2311",4040752350,"Convolvulus lanuginosus",1,"2019-05-06",0.33,40.32,707,"gbif"
"2312",4040656423,"Convolvulus lanuginosus",1,"2019-05-06",0.32,40.31,707,"gbif"
"2313",4040993874,"Convolvulus lanuginosus",1,"2019-05-07",0.28,40.31,707,"gbif"
"2314",4040976044,"Convolvulus lanuginosus",1,"2019-05-07",0.35,40.3,707,"gbif"
"2315",4040912360,"Convolvulus lanuginosus",1,"2019-05-07",0.3,40.33,707,"gbif"
"2316",4040867807,"Convolvulus lanuginosus",1,"2019-05-07",0.28,40.32,707,"gbif"
"2317",4040586643,"Convolvulus lanuginosus",1,"2019-05-07",0.37,40.36,707,"gbif"
"2318",4040584533,"Convolvulus lanuginosus",1,"2019-05-07",0.29,40.33,707,"gbif"
"2319",4040582528,"Convolvulus lanuginosus",1,"2019-05-07",0.3,40.31,707,"gbif"
"2320",4040575938,"Convolvulus lanuginosus",1,"2019-05-07",0.3,40.32,707,"gbif"
"2321",4040573327,"Convolvulus lanuginosus",1,"2019-05-07",0.29,40.31,707,"gbif"
"2322",4040965346,"Convolvulus lanuginosus",1,"2019-05-08",0.35,40.31,707,"gbif"
"2323",4040648710,"Convolvulus lanuginosus",1,"2019-05-08",0.34,40.35,707,"gbif"
"2324",1500722371,"Convolvulus lanuginosus",1,"2019-05-08",0.33,40.36,707,"gbif"
"2325",4040941855,"Convolvulus lanuginosus",1,"2019-05-09",-1.02,38.66,707,"gbif"
"2326",3951973072,"Convolvulus lanuginosus",1,"2019-05-09",1.935701,41.372859,10,"gbif"
"2327",4041064132,"Convolvulus lanuginosus",1,"2019-05-12",-0.93,39.68,707,"gbif"
"2328",4040795576,"Convolvulus lanuginosus",1,"2019-05-12",-0.88,39.71,707,"gbif"
"2329",4040771192,"Convolvulus lanuginosus",1,"2019-05-12",-0.87,39.72,707,"gbif"
"2330",4040770783,"Convolvulus lanuginosus",1,"2019-05-12",-0.92,39.7,707,"gbif"
"2331",4040759547,"Convolvulus lanuginosus",1,"2019-05-12",-0.89,39.71,707,"gbif"
"2332",4040746052,"Convolvulus lanuginosus",1,"2019-05-12",-0.93,39.7,707,"gbif"
"2333",4040965403,"Convolvulus lanuginosus",1,"2019-05-13",-0.97,38.62,707,"gbif"
"2334",4040662741,"Convolvulus lanuginosus",1,"2019-05-13",-1.11,39.2,707,"gbif"
"2335",2644872206,"Convolvulus lanuginosus",1,"2019-05-13",-1.126419,37.932076,5,"gbif"
"2336",4040800557,"Convolvulus lanuginosus",1,"2019-05-16",-0.31,39.04,707,"gbif"
"2337",4041101821,"Convolvulus lanuginosus",1,"2019-05-22",-1.21,39.06,707,"gbif"
"2338",4041100119,"Convolvulus lanuginosus",1,"2019-05-22",-1.25,39.08,707,"gbif"
"2339",4041073418,"Convolvulus lanuginosus",1,"2019-05-22",-1.25,39.07,707,"gbif"
"2340",4041067763,"Convolvulus lanuginosus",1,"2019-05-22",-1.26,39.08,707,"gbif"
"2341",4041067396,"Convolvulus lanuginosus",1,"2019-05-22",-0.84,38.95,707,"gbif"
"2342",4041059271,"Convolvulus lanuginosus",1,"2019-05-22",-1.2,39.06,707,"gbif"
"2343",4041059073,"Convolvulus lanuginosus",1,"2019-05-22",-1.23,39.07,707,"gbif"
"2344",4040812431,"Convolvulus lanuginosus",1,"2019-05-22",-1.24,39.1,707,"gbif"
"2345",4040774621,"Convolvulus lanuginosus",1,"2019-05-22",-0.82,38.96,707,"gbif"
"2346",4040770622,"Convolvulus lanuginosus",1,"2019-05-22",-1.2,39.07,707,"gbif"
"2347",4040762475,"Convolvulus lanuginosus",1,"2019-05-22",-1.23,39.08,707,"gbif"
"2348",4040750571,"Convolvulus lanuginosus",1,"2019-05-22",-1.17,39.11,707,"gbif"
"2349",4040731201,"Convolvulus lanuginosus",1,"2019-05-22",-1.18,39.1,707,"gbif"
"2350",4040446744,"Convolvulus lanuginosus",1,"2019-05-22",-1.2,39.09,707,"gbif"
"2351",2838110548,"Convolvulus lanuginosus",1,"2019-05-24",-3.20328,36.800763,10,"gbif"
"2352",4041068137,"Convolvulus lanuginosus",1,"2019-05-26",-0.73,39.01,707,"gbif"
"2353",4041052664,"Convolvulus lanuginosus",1,"2019-05-26",-0.79,38.99,707,"gbif"
"2354",4041013646,"Convolvulus lanuginosus",1,"2019-05-26",-0.74,39,707,"gbif"
"2355",4040774745,"Convolvulus lanuginosus",1,"2019-05-26",-0.82,39,707,"gbif"
"2356",4040770721,"Convolvulus lanuginosus",1,"2019-05-26",-0.85,39.01,707,"gbif"
"2357",4040759597,"Convolvulus lanuginosus",1,"2019-05-26",-0.75,39,707,"gbif"
"2358",4040759429,"Convolvulus lanuginosus",1,"2019-05-26",-0.85,39,707,"gbif"
"2359",4040752783,"Convolvulus lanuginosus",1,"2019-05-26",-0.86,39.03,707,"gbif"
"2360",4040745746,"Convolvulus lanuginosus",1,"2019-05-26",-0.77,39,707,"gbif"
"2361",4040438476,"Convolvulus lanuginosus",1,"2019-05-26",-0.86,39.02,707,"gbif"
"2362",2844592962,"Convolvulus lanuginosus",1,"2019-05-29",2.731467,43.171467,25,"gbif"
"2363",4041089999,"Convolvulus lanuginosus",1,"2019-05-30",-1.14,39.61,707,"gbif"
"2364",4041020213,"Convolvulus lanuginosus",1,"2019-05-30",-1.13,39.6,707,"gbif"
"2365",4041006900,"Convolvulus lanuginosus",1,"2019-05-30",-1.14,39.6,707,"gbif"
"2366",4041006886,"Convolvulus lanuginosus",1,"2019-05-30",-1.15,39.6,707,"gbif"
"2367",4041006198,"Convolvulus lanuginosus",1,"2019-05-30",-1.17,39.6,707,"gbif"
"2368",4040991128,"Convolvulus lanuginosus",1,"2019-05-30",-1.13,39.62,707,"gbif"
"2369",4040980555,"Convolvulus lanuginosus",1,"2019-05-30",-1.12,39.61,707,"gbif"
"2370",4040973778,"Convolvulus lanuginosus",1,"2019-05-30",-1.17,39.61,707,"gbif"
"2371",4040691332,"Convolvulus lanuginosus",1,"2019-05-30",-1.12,39.6,707,"gbif"
"2372",4040683341,"Convolvulus lanuginosus",1,"2019-05-30",-1.12,39.62,707,"gbif"
"2373",4040677633,"Convolvulus lanuginosus",1,"2019-05-30",-1.15,39.61,707,"gbif"
"2374",4040665316,"Convolvulus lanuginosus",1,"2019-05-30",-1.13,39.61,707,"gbif"
"2375",4040665159,"Convolvulus lanuginosus",1,"2019-05-30",-1.14,39.62,707,"gbif"
"2376",4040992132,"Convolvulus lanuginosus",1,"2019-05-31",-1.01,38.66,707,"gbif"
"2377",4040648824,"Convolvulus lanuginosus",1,"2019-06-03",-0.74,38.66,707,"gbif"
"2378",2813052310,"Convolvulus lanuginosus",1,"2019-06-03",1.83111,41.58806,200,"gbif"
"2379",4040655670,"Convolvulus lanuginosus",1,"2019-06-04",-1,38.63,707,"gbif"
"2380",4040812383,"Convolvulus lanuginosus",1,"2019-06-05",-0.96,39.77,707,"gbif"
"2381",4040455823,"Convolvulus lanuginosus",1,"2019-06-05",-0.95,39.79,707,"gbif"
"2382",4040440058,"Convolvulus lanuginosus",1,"2019-06-05",-0.95,39.78,707,"gbif"
"2383",3956633312,"Convolvulus lanuginosus",1,"2019-06-05",2.921585,42.639083,10,"gbif"
"2384",4040914073,"Convolvulus lanuginosus",1,"2019-06-08",0.27,40.27,707,"gbif"
"2385",4040912425,"Convolvulus lanuginosus",1,"2019-06-08",0.28,40.29,707,"gbif"
"2386",4040855396,"Convolvulus lanuginosus",1,"2019-06-08",0.28,40.28,707,"gbif"
"2387",4040655738,"Convolvulus lanuginosus",1,"2019-06-08",-0.53,39.37,707,"gbif"
"2388",4040583865,"Convolvulus lanuginosus",1,"2019-06-08",0.29,40.3,707,"gbif"
"2389",4040580814,"Convolvulus lanuginosus",1,"2019-06-08",0.28,40.27,707,"gbif"
"2390",1502224349,"Convolvulus lanuginosus",1,"2019-06-08",0.28,40.26,707,"gbif"
"2391",1500743161,"Convolvulus lanuginosus",1,"2019-06-08",0.29,40.28,707,"gbif"
"2392",1500416575,"Convolvulus lanuginosus",1,"2019-06-08",0.29,40.29,707,"gbif"
"2393",1500411018,"Convolvulus lanuginosus",1,"2019-06-08",0.27,40.26,707,"gbif"
"2394",4041055630,"Convolvulus lanuginosus",1,"2019-09-17",-0.08,40.31,707,"gbif"
"2395",4040743674,"Convolvulus lanuginosus",1,"2019-09-17",-0.05,40.31,707,"gbif"
"2396",4040743667,"Convolvulus lanuginosus",1,"2019-09-17",-0.08,40.3,707,"gbif"
"2397",4040743654,"Convolvulus lanuginosus",1,"2019-09-17",-0.06,40.3,707,"gbif"
"2398",4040729184,"Convolvulus lanuginosus",1,"2019-09-17",-0.06,40.31,707,"gbif"
"2399",4040795618,"Convolvulus lanuginosus",1,"2019-09-18",-0.87,38.84,707,"gbif"
"2400",4040795583,"Convolvulus lanuginosus",1,"2019-09-18",-0.87,38.85,707,"gbif"
"2401",4040812656,"Convolvulus lanuginosus",1,"2019-10-02",-0.68,39.4,707,"gbif"
"2402",4040795641,"Convolvulus lanuginosus",1,"2019-10-02",-0.67,39.4,707,"gbif"
"2403",4040787566,"Convolvulus lanuginosus",1,"2019-10-02",-0.61,39.4,707,"gbif"
"2404",4040466703,"Convolvulus lanuginosus",1,"2019-10-02",-0.61,39.41,707,"gbif"
"2405",4041064229,"Convolvulus lanuginosus",1,"2019-10-16",-0.65,38.89,707,"gbif"
"2406",4040747050,"Convolvulus lanuginosus",1,"2019-10-16",-0.67,38.89,707,"gbif"
"2407",4041056221,"Convolvulus lanuginosus",1,"2019-11-01",-0.72,38.99,707,"gbif"
"2408",4041013860,"Convolvulus lanuginosus",1,"2019-11-01",-0.72,38.98,707,"gbif"
"2409",4040999102,"Convolvulus lanuginosus",1,"2019-11-01",-0.71,38.99,707,"gbif"
"2410",4040999025,"Convolvulus lanuginosus",1,"2019-11-01",-0.79,38.96,707,"gbif"
"2411",4040774598,"Convolvulus lanuginosus",1,"2019-11-01",-0.78,38.97,707,"gbif"
"2412",4040742423,"Convolvulus lanuginosus",1,"2019-11-01",-0.73,38.98,707,"gbif"
"2413",4041042253,"Convolvulus lanuginosus",1,"2019-11-09",0.04,38.79,707,"gbif"
"2414",4040456327,"Convolvulus lanuginosus",1,"2019-11-09",0.08,38.77,707,"gbif"
"2415",4041101954,"Convolvulus lanuginosus",1,"2019-11-10",0.16,38.82,707,"gbif"
"2416",4041039527,"Convolvulus lanuginosus",1,"2019-11-21",-1.03,38.35,707,"gbif"
"2417",4040772343,"Convolvulus lanuginosus",1,"2019-11-23",-0.37,39.64,707,"gbif"
"2418",4040765615,"Convolvulus lanuginosus",1,"2019-11-30",-0.92,38.32,707,"gbif"
"2419",2574031769,"Convolvulus lanuginosus",1,"2020-02-22",3.00579,42.980614,4,"gbif"
"2420",4041098063,"Convolvulus lanuginosus",1,"2020-03-08",-0.49,38.97,707,"gbif"
"2421",4041049679,"Convolvulus lanuginosus",1,"2020-03-08",-0.49,38.96,707,"gbif"
"2422",4041039524,"Convolvulus lanuginosus",1,"2020-04-08",-0.86,38.46,707,"gbif"
"2423",3958379402,"Convolvulus lanuginosus",1,"2020-04-18",0.77594,41.241944,27,"gbif"
"2424",4040473863,"Convolvulus lanuginosus",1,"2020-04-20",-0.93,38.38,707,"gbif"
"2425",4040486974,"Convolvulus lanuginosus",1,"2020-04-22",-0.94,38.38,707,"gbif"
"2426",4040472968,"Convolvulus lanuginosus",1,"2020-04-23",-0.47,38.67,707,"gbif"
"2427",4040470774,"Convolvulus lanuginosus",1,"2020-04-29",-0.97,38.41,707,"gbif"
"2428",4040481740,"Convolvulus lanuginosus",1,"2020-04-30",-0.99,38.48,707,"gbif"
"2429",4041047515,"Convolvulus lanuginosus",1,"2020-05-06",-0.76,38.72,707,"gbif"
"2430",3952940873,"Convolvulus lanuginosus",1,"2020-05-06",-3.616249,37.025187,65,"gbif"
"2431",3953149743,"Convolvulus lanuginosus",1,"2020-05-09",1.867542,41.431287,24,"gbif"
"2432",3956871216,"Convolvulus lanuginosus",1,"2020-05-17",1.092302,41.312701,5,"gbif"
"2433",3491389085,"Convolvulus lanuginosus",1,"2020-05-18",5.72512,43.2035,10,"gbif"
"2434",4040730692,"Convolvulus lanuginosus",1,"2020-05-23",-0.92,39.48,707,"gbif"
"2435",2974523847,"Convolvulus lanuginosus",1,"2020-05-23",0.926098,41.450467,8,"gbif"
"2436",4040681017,"Convolvulus lanuginosus",1,"2020-05-25",-0.57,38.66,707,"gbif"
"2437",2974548190,"Convolvulus lanuginosus",1,"2020-05-25",0.593186,41.870271,48,"gbif"
"2438",4041047892,"Convolvulus lanuginosus",1,"2020-05-27",-0.23,39.19,707,"gbif"
"2439",4041068325,"Convolvulus lanuginosus",1,"2020-05-28",-0.29,39.03,707,"gbif"
"2440",4041055782,"Convolvulus lanuginosus",1,"2020-05-28",-0.26,39.01,707,"gbif"
"2441",4040730375,"Convolvulus lanuginosus",1,"2020-05-28",-0.24,39.05,707,"gbif"
"2442",4040730018,"Convolvulus lanuginosus",1,"2020-05-28",-0.26,39.04,707,"gbif"
"2443",4040729616,"Convolvulus lanuginosus",1,"2020-05-28",-0.26,39.05,707,"gbif"
"2444",4040755399,"Convolvulus lanuginosus",1,"2020-05-29",-0.87,38.46,707,"gbif"
"2445",4041068421,"Convolvulus lanuginosus",1,"2020-05-30",-0.85,39.18,707,"gbif"
"2446",4041056687,"Convolvulus lanuginosus",1,"2020-05-30",-0.88,39.14,707,"gbif"
"2447",4041056654,"Convolvulus lanuginosus",1,"2020-05-30",-0.82,39.16,707,"gbif"
"2448",4040984164,"Convolvulus lanuginosus",1,"2020-05-30",-0.82,39.15,707,"gbif"
"2449",4040969195,"Convolvulus lanuginosus",1,"2020-05-30",-0.88,39.18,707,"gbif"
"2450",4040738805,"Convolvulus lanuginosus",1,"2020-05-30",-0.85,39.14,707,"gbif"
"2451",4040725584,"Convolvulus lanuginosus",1,"2020-05-30",-0.83,39.16,707,"gbif"
"2452",4040713939,"Convolvulus lanuginosus",1,"2020-05-30",-0.83,39.17,707,"gbif"
"2453",4040712583,"Convolvulus lanuginosus",1,"2020-05-30",-0.87,39.14,707,"gbif"
"2454",4041102488,"Convolvulus lanuginosus",1,"2020-06-01",-1.12,39.24,707,"gbif"
"2455",4041075930,"Convolvulus lanuginosus",1,"2020-06-01",-1.13,39.25,707,"gbif"
"2456",4040802603,"Convolvulus lanuginosus",1,"2020-06-01",-0.89,38.46,707,"gbif"
"2457",4040794416,"Convolvulus lanuginosus",1,"2020-06-01",-1.15,39.24,707,"gbif"
"2458",4040756707,"Convolvulus lanuginosus",1,"2020-06-01",-1.11,39.24,707,"gbif"
"2459",4040481741,"Convolvulus lanuginosus",1,"2020-06-02",-0.88,38.41,707,"gbif"
"2460",4040804437,"Convolvulus lanuginosus",1,"2020-06-03",-0.87,38.47,707,"gbif"
"2461",4040711612,"Convolvulus lanuginosus",1,"2020-06-04",-0.97,39.21,707,"gbif"
"2462",4040765616,"Convolvulus lanuginosus",1,"2020-06-05",-0.95,38.37,707,"gbif"
"2463",4040772775,"Convolvulus lanuginosus",1,"2020-06-16",-0.27,38.69,707,"gbif"
"2464",4041058593,"Convolvulus lanuginosus",1,"2020-09-15",-0.4,39.9,707,"gbif"
"2465",4041049608,"Convolvulus lanuginosus",1,"2020-09-15",-0.42,39.89,707,"gbif"
"2466",4041026616,"Convolvulus lanuginosus",1,"2020-09-15",-0.42,39.9,707,"gbif"
"2467",4040739441,"Convolvulus lanuginosus",1,"2020-09-15",-0.39,39.9,707,"gbif"
"2468",4040729585,"Convolvulus lanuginosus",1,"2020-09-15",-0.39,39.91,707,"gbif"
"2469",4040728626,"Convolvulus lanuginosus",1,"2020-09-15",-0.39,39.89,707,"gbif"
"2470",4040726289,"Convolvulus lanuginosus",1,"2020-09-15",-0.41,39.89,707,"gbif"
"2471",4040723377,"Convolvulus lanuginosus",1,"2020-09-15",-0.41,39.9,707,"gbif"
"2472",4040715712,"Convolvulus lanuginosus",1,"2020-09-15",-0.4,39.89,707,"gbif"
"2473",4040802001,"Convolvulus lanuginosus",1,"2020-11-08",-1.02,39.54,707,"gbif"
"2474",4040512457,"Convolvulus lanuginosus",1,"2020-11-08",-1.03,39.54,707,"gbif"
"2475",4040487759,"Convolvulus lanuginosus",1,"2020-11-08",-1.02,39.56,707,"gbif"
"2476",4040485828,"Convolvulus lanuginosus",1,"2020-11-08",-1.04,39.54,707,"gbif"
"2477",4040784074,"Convolvulus lanuginosus",1,"2020-12-31",-0.81,38.31,707,"gbif"
"2478",4040832501,"Convolvulus lanuginosus",1,"2021-01-28",-0.24,39.79,707,"gbif"
"2479",4040509571,"Convolvulus lanuginosus",1,"2021-01-28",-0.25,39.78,707,"gbif"
"2480",4040855106,"Convolvulus lanuginosus",1,"2021-02-11",-0.33,38.88,707,"gbif"
"2481",4040512405,"Convolvulus lanuginosus",1,"2021-02-11",-0.33,38.89,707,"gbif"
"2482",4041060431,"Convolvulus lanuginosus",1,"2021-03-06",-0.41,38.84,707,"gbif"
"2483",3949077741,"Convolvulus lanuginosus",1,"2021-03-21",-0.005341,40.03721,19,"gbif"
"2484",5051908780,"Convolvulus lanuginosus",1,"2021-03-23",-4.63,36.58,100,"gbif"
"2485",4040862779,"Convolvulus lanuginosus",1,"2021-03-24",-0.18,38.84,707,"gbif"
"2486",4040548963,"Convolvulus lanuginosus",1,"2021-03-24",-0.17,38.84,707,"gbif"
"2487",4040547692,"Convolvulus lanuginosus",1,"2021-03-24",-0.17,38.83,707,"gbif"
"2488",4040532764,"Convolvulus lanuginosus",1,"2021-03-24",-0.18,38.83,707,"gbif"
"2489",4040818204,"Convolvulus lanuginosus",1,"2021-03-28",-0.59,38.94,707,"gbif"
"2490",4040782131,"Convolvulus lanuginosus",1,"2021-03-28",-0.59,38.95,707,"gbif"
"2491",3873278425,"Convolvulus lanuginosus",1,"2021-04-01",-2.918252,36.895997,13,"gbif"
"2492",3956791342,"Convolvulus lanuginosus",1,"2021-04-03",-0.908546,37.798347,25,"gbif"
"2493",3949218704,"Convolvulus lanuginosus",1,"2021-04-04",0.62029,40.814972,24,"gbif"
"2494",3079856623,"Convolvulus lanuginosus",1,"2021-04-04",-5.656874,36.540216,3,"gbif"
"2495",4041051722,"Convolvulus lanuginosus",1,"2021-04-11",-0.36,38.98,707,"gbif"
"2496",4040817698,"Convolvulus lanuginosus",1,"2021-04-11",-0.39,38.96,707,"gbif"
"2497",4040501037,"Convolvulus lanuginosus",1,"2021-04-11",-0.37,38.97,707,"gbif"
"2498",4040496785,"Convolvulus lanuginosus",1,"2021-04-11",-0.39,38.97,707,"gbif"
"2499",4040818223,"Convolvulus lanuginosus",1,"2021-04-13",-0.41,38.53,707,"gbif"
"2500",4040769147,"Convolvulus lanuginosus",1,"2021-04-13",-0.41,38.52,707,"gbif"
"2501",3957399062,"Convolvulus lanuginosus",1,"2021-04-13",-4.436802,36.731792,27,"gbif"
"2502",3355058476,"Convolvulus lanuginosus",1,"2021-04-14",0.488847,41.038932,16,"gbif"
"2503",3090673891,"Convolvulus lanuginosus",1,"2021-04-14",0.573138,40.958836,8,"gbif"
"2504",4088349723,"Convolvulus lanuginosus",1,"2021-04-15",5.79996,43.24539,250,"gbif"
"2505",5087141338,"Convolvulus lanuginosus",1,"2021-04-23",2.639451,43.037431,31,"gbif"
"2506",4041060509,"Convolvulus lanuginosus",1,"2021-04-23",-0.38,39.66,707,"gbif"
"2507",4040816127,"Convolvulus lanuginosus",1,"2021-04-23",-0.37,39.66,707,"gbif"
"2508",4040815404,"Convolvulus lanuginosus",1,"2021-04-23",-0.36,39.66,707,"gbif"
"2509",3949113755,"Convolvulus lanuginosus",1,"2021-04-23",-0.471085,39.66144,8,"gbif"
"2510",4040501775,"Convolvulus lanuginosus",1,"2021-04-25",-0.29,39.83,707,"gbif"
"2511",3954163644,"Convolvulus lanuginosus",1,"2021-04-26",0.182101,40.461585,35,"gbif"
"2512",4040899555,"Convolvulus lanuginosus",1,"2021-04-27",-0.37,39.81,707,"gbif"
"2513",4040864273,"Convolvulus lanuginosus",1,"2021-04-27",-0.59,39.75,707,"gbif"
"2514",4040862285,"Convolvulus lanuginosus",1,"2021-04-27",-0.59,39.76,707,"gbif"
"2515",4040564726,"Convolvulus lanuginosus",1,"2021-04-27",-0.58,39.76,707,"gbif"
"2516",4040562982,"Convolvulus lanuginosus",1,"2021-04-27",-0.58,39.77,707,"gbif"
"2517",4040562914,"Convolvulus lanuginosus",1,"2021-04-27",-0.59,39.77,707,"gbif"
"2518",3954145655,"Convolvulus lanuginosus",1,"2021-04-27",-0.454,39.667505,16,"gbif"
"2519",4040899461,"Convolvulus lanuginosus",1,"2021-04-30",-0.97,39.09,707,"gbif"
"2520",4040846848,"Convolvulus lanuginosus",1,"2021-04-30",-1.01,39.08,707,"gbif"
"2521",4040845882,"Convolvulus lanuginosus",1,"2021-04-30",-1.03,39.1,707,"gbif"
"2522",4040800015,"Convolvulus lanuginosus",1,"2021-04-30",-1.02,39.08,707,"gbif"
"2523",4040562827,"Convolvulus lanuginosus",1,"2021-04-30",-1.02,39.1,707,"gbif"
"2524",4040556612,"Convolvulus lanuginosus",1,"2021-04-30",-0.98,39.09,707,"gbif"
"2525",4040545894,"Convolvulus lanuginosus",1,"2021-04-30",-1.01,39.1,707,"gbif"
"2526",3959242382,"Convolvulus lanuginosus",1,"2021-04-30",1.907283,41.260732,11,"gbif"
"2527",4041076620,"Convolvulus lanuginosus",1,"2021-05-02",-0.93,38.53,707,"gbif"
"2528",4040899647,"Convolvulus lanuginosus",1,"2021-05-02",-0.94,38.52,707,"gbif"
"2529",3954574981,"Convolvulus lanuginosus",1,"2021-05-05",0.611867,41.125889,5,"gbif"
"2530",4040915382,"Convolvulus lanuginosus",1,"2021-05-06",-0.88,38.92,707,"gbif"
"2531",4040890340,"Convolvulus lanuginosus",1,"2021-05-06",-0.79,38.9,707,"gbif"
"2532",4040877977,"Convolvulus lanuginosus",1,"2021-05-06",-0.86,38.92,707,"gbif"
"2533",4040577793,"Convolvulus lanuginosus",1,"2021-05-06",-0.81,38.91,707,"gbif"
"2534",4040556668,"Convolvulus lanuginosus",1,"2021-05-06",-0.86,38.91,707,"gbif"
"2535",4040549118,"Convolvulus lanuginosus",1,"2021-05-06",-0.87,38.92,707,"gbif"
"2536",4040535278,"Convolvulus lanuginosus",1,"2021-05-06",-0.87,38.93,707,"gbif"
"2537",4040856737,"Convolvulus lanuginosus",1,"2021-05-08",-0.31,38.96,707,"gbif"
"2538",3956362528,"Convolvulus lanuginosus",1,"2021-05-08",0.582563,40.816657,15,"gbif"
"2539",3949269521,"Convolvulus lanuginosus",1,"2021-05-09",0.879095,41.278647,16,"gbif"
"2540",3949707182,"Convolvulus lanuginosus",1,"2021-05-11",-0.502542,39.703443,16,"gbif"
"2541",3949138996,"Convolvulus lanuginosus",1,"2021-05-11",3.03545,42.899059,32,"gbif"
"2542",3949712135,"Convolvulus lanuginosus",1,"2021-05-13",3.20801,42.056583,6,"gbif"
"2543",3949154476,"Convolvulus lanuginosus",1,"2021-05-14",0.009909,38.656279,64,"gbif"
"2544",4040840394,"Convolvulus lanuginosus",1,"2021-05-18",-1.17,39.94,707,"gbif"
"2545",4040549636,"Convolvulus lanuginosus",1,"2021-05-18",-1.16,39.95,707,"gbif"
"2546",4040549032,"Convolvulus lanuginosus",1,"2021-05-18",-1.14,39.95,707,"gbif"
"2547",4040546516,"Convolvulus lanuginosus",1,"2021-05-18",-1.17,39.95,707,"gbif"
"2548",3949165440,"Convolvulus lanuginosus",1,"2021-05-18",-0.326164,39.650623,16,"gbif"
"2549",3124830569,"Convolvulus lanuginosus",1,"2021-05-21",1.87649,41.412864,6,"gbif"
"2550",3124633584,"Convolvulus lanuginosus",1,"2021-05-21",1.708633,41.593728,9,"gbif"
"2551",3959375389,"Convolvulus lanuginosus",1,"2021-05-22",1.894868,41.576144,24,"gbif"
"2552",3954043651,"Convolvulus lanuginosus",1,"2021-05-22",-0.388311,39.488948,20,"gbif"
"2553",3949663762,"Convolvulus lanuginosus",1,"2021-05-24",1.897095,41.40676,2,"gbif"
"2554",4041077260,"Convolvulus lanuginosus",1,"2021-05-25",-1.22,39.1,707,"gbif"
"2555",4041070119,"Convolvulus lanuginosus",1,"2021-05-25",-1.21,39.11,707,"gbif"
"2556",4040864063,"Convolvulus lanuginosus",1,"2021-05-25",-1.2,39.11,707,"gbif"
"2557",4040847058,"Convolvulus lanuginosus",1,"2021-05-25",-1.2,39.1,707,"gbif"
"2558",4040571391,"Convolvulus lanuginosus",1,"2021-05-25",-1.21,39.1,707,"gbif"
"2559",4040557369,"Convolvulus lanuginosus",1,"2021-05-25",-1.22,39.11,707,"gbif"
"2560",3955157965,"Convolvulus lanuginosus",1,"2021-06-01",0.532534,41.056531,32,"gbif"
"2561",4846751422,"Convolvulus lanuginosus",1,"2021-06-04",1.471127,41.336656,6,"gbif"
"2562",4040877016,"Convolvulus lanuginosus",1,"2021-06-29",-1.01,39.51,707,"gbif"
"2563",4040841026,"Convolvulus lanuginosus",1,"2021-06-29",-1.03,39.51,707,"gbif"
"2564",4040547244,"Convolvulus lanuginosus",1,"2021-06-29",-1.02,39.51,707,"gbif"
"2565",4040577542,"Convolvulus lanuginosus",1,"2021-08-28",-0.47,40.05,707,"gbif"
"2566",4040579051,"Convolvulus lanuginosus",1,"2021-09-19",-0.64,39.1,707,"gbif"
"2567",4040577829,"Convolvulus lanuginosus",1,"2021-09-19",-0.65,39.1,707,"gbif"
"2568",4040894764,"Convolvulus lanuginosus",1,"2021-10-20",-0.46,39.7,707,"gbif"
"2569",4040891881,"Convolvulus lanuginosus",1,"2021-10-20",-0.48,39.69,707,"gbif"
"2570",4040578496,"Convolvulus lanuginosus",1,"2021-12-12",-0.62,39.27,707,"gbif"
"2571",4040572358,"Convolvulus lanuginosus",1,"2021-12-12",-0.61,39.27,707,"gbif"
"2572",4041062995,"Convolvulus lanuginosus",1,"2022-03-18",-0.9,38.37,707,"gbif"
"2573",4041100332,"Convolvulus lanuginosus",1,"2022-03-20",-0.95,38.29,707,"gbif"
"2574",3954068749,"Convolvulus lanuginosus",1,"2022-03-28",0.557388,41.289147,7,"gbif"
"2575",3958725145,"Convolvulus lanuginosus",1,"2022-04-08",1.831552,41.593083,7,"gbif"
"2576",4453895500,"Convolvulus lanuginosus",1,"2022-04-14",0.552922,40.640962,4,"gbif"
"2577",4988512382,"Convolvulus lanuginosus",1,"2022-04-15",-0.61,39.23,707,"gbif"
"2578",4988512380,"Convolvulus lanuginosus",1,"2022-04-15",-0.77,38.94,707,"gbif"
"2579",4988510957,"Convolvulus lanuginosus",1,"2022-04-15",-0.58,39.22,707,"gbif"
"2580",4988510955,"Convolvulus lanuginosus",1,"2022-04-15",-0.76,38.95,707,"gbif"
"2581",4988508976,"Convolvulus lanuginosus",1,"2022-04-15",-0.62,39.23,707,"gbif"
"2582",4988489965,"Convolvulus lanuginosus",1,"2022-04-15",-0.48,38.81,707,"gbif"
"2583",4988485932,"Convolvulus lanuginosus",1,"2022-04-15",-0.86,38.95,707,"gbif"
"2584",4988484467,"Convolvulus lanuginosus",1,"2022-04-15",-0.91,39.54,707,"gbif"
"2585",3872942562,"Convolvulus lanuginosus",1,"2022-04-15",1.978887,41.433373,5,"gbif"
"2586",3959772888,"Convolvulus lanuginosus",1,"2022-04-18",0.558897,41.233039,26,"gbif"
"2587",3760398474,"Convolvulus lanuginosus",1,"2022-04-18",0.591017,41.032346,19,"gbif"
"2588",3949821113,"Convolvulus lanuginosus",1,"2022-04-19",0.604051,41.295355,19,"gbif"
"2589",3873275584,"Convolvulus lanuginosus",1,"2022-04-19",-1.059237,37.979975,357,"gbif"
"2590",3949826808,"Convolvulus lanuginosus",1,"2022-04-24",2.782359,42.794375,8,"gbif"
"2591",3959154912,"Convolvulus lanuginosus",1,"2022-04-26",3.118641,43.13472,5,"gbif"
"2592",4853781337,"Convolvulus lanuginosus",1,"2022-04-29",-0.58,40.05,707,"gbif"
"2593",4853766010,"Convolvulus lanuginosus",1,"2022-04-29",-0.58,40.04,707,"gbif"
"2594",4853720997,"Convolvulus lanuginosus",1,"2022-04-30",-0.57,39.86,707,"gbif"
"2595",4413412907,"Convolvulus lanuginosus",1,"2022-05-02",1.243489,41.145671,66,"gbif"
"2596",3872976628,"Convolvulus lanuginosus",1,"2022-05-02",-2.723801,36.823511,15,"gbif"
"2597",3954467858,"Convolvulus lanuginosus",1,"2022-05-05",2.770047,42.780876,53,"gbif"
"2598",4853728377,"Convolvulus lanuginosus",1,"2022-05-06",-0.56,38.79,707,"gbif"
"2599",3954516342,"Convolvulus lanuginosus",1,"2022-05-06",0.75745,41.133762,11,"gbif"
"2600",3959216279,"Convolvulus lanuginosus",1,"2022-05-07",1.173425,41.474322,8,"gbif"
"2601",3773801783,"Convolvulus lanuginosus",1,"2022-05-09",1.568562,41.520412,458,"gbif"
"2602",4041021271,"Convolvulus lanuginosus",1,"2022-05-10",-0.8,39.15,707,"gbif"
"2603",4040709406,"Convolvulus lanuginosus",1,"2022-05-10",-0.81,39.15,707,"gbif"
"2604",4405034373,"Convolvulus lanuginosus",1,"2022-05-13",-2.619468,36.891951,4,"gbif"
"2605",3949466393,"Convolvulus lanuginosus",1,"2022-05-14",0.329533,40.957655,5,"gbif"
"2606",4853793092,"Convolvulus lanuginosus",1,"2022-05-17",-0.25,39.9,707,"gbif"
"2607",4853733817,"Convolvulus lanuginosus",1,"2022-05-17",-0.27,39.91,707,"gbif"
"2608",3959721394,"Convolvulus lanuginosus",1,"2022-05-18",3.210556,42.055278,21,"gbif"
"2609",3959840483,"Convolvulus lanuginosus",1,"2022-05-21",0.322439,40.274758,8,"gbif"
"2610",3802306051,"Convolvulus lanuginosus",1,"2022-05-22",-1.657148,37.719866,510,"gbif"
"2611",3998168039,"Convolvulus lanuginosus",1,"2022-05-25",0.184087,40.82653,5,"gbif"
"2612",4040997481,"Convolvulus lanuginosus",1,"2022-05-26",-0.66,39.19,707,"gbif"
"2613",4853720905,"Convolvulus lanuginosus",1,"2022-05-28",-0.15,40.21,707,"gbif"
"2614",4853718288,"Convolvulus lanuginosus",1,"2022-05-28",-0.1,40.21,707,"gbif"
"2615",3998130848,"Convolvulus lanuginosus",1,"2022-05-29",-2.113052,39.565992,8,"gbif"
"2616",3958894529,"Convolvulus lanuginosus",1,"2022-05-29",-1.137625,37.919626,18,"gbif"
"2617",3860125506,"Convolvulus lanuginosus",1,"2022-05-29",-0.43527,39.534993,380,"gbif"
"2618",4046503520,"Convolvulus lanuginosus",1,"2022-05-30",-2.014829,36.845385,284,"gbif"
"2619",3957141020,"Convolvulus lanuginosus",1,"2022-06-04",-1.108336,39.621044,5,"gbif"
"2620",3998337806,"Convolvulus lanuginosus",1,"2022-06-06",-3.58962,37.017184,24,"gbif"
"2621",4853780342,"Convolvulus lanuginosus",1,"2022-12-21",-0.69,39.07,707,"gbif"
"2622",4853775788,"Convolvulus lanuginosus",1,"2022-12-21",-0.78,39.04,707,"gbif"
"2623",4853753793,"Convolvulus lanuginosus",1,"2022-12-21",-0.68,39.06,707,"gbif"
"2624",4149206495,"Convolvulus lanuginosus",1,"2023-03-07",5.76743,43.2291,10,"gbif"
"2625",4149200232,"Convolvulus lanuginosus",1,"2023-03-07",5.78812,43.23136,10,"gbif"
"2626",4067432453,"Convolvulus lanuginosus",1,"2023-03-17",-3.640458,36.811152,31,"gbif"
"2627",4111817019,"Convolvulus lanuginosus",1,"2023-04-02",-1.065354,38.508982,977,"gbif"
"2628",4853722642,"Convolvulus lanuginosus",1,"2023-04-04",-0.7,38.87,707,"gbif"
"2629",4853721297,"Convolvulus lanuginosus",1,"2023-04-04",-0.68,39.28,707,"gbif"
"2630",5109533462,"Convolvulus lanuginosus",1,"2023-04-10",-0.401027,38.838873,9,"gbif"
"2631",4091455519,"Convolvulus lanuginosus",1,"2023-04-17",-2.227185,37.251511,7,"gbif"
"2632",5109529825,"Convolvulus lanuginosus",1,"2023-04-22",0.639222,41.061104,96,"gbif"
"2633",4458342821,"Convolvulus lanuginosus",1,"2023-04-25",0.4697,40.654672,437,"gbif"
"2634",4121040917,"Convolvulus lanuginosus",1,"2023-05-04",0.339337,40.837001,15,"gbif"
"2635",4407148588,"Convolvulus lanuginosus",1,"2023-05-12",-2.43332,38.370413,16,"gbif"
"2636",4853797108,"Convolvulus lanuginosus",1,"2023-05-16",-1.07,39.73,707,"gbif"
"2637",4853783027,"Convolvulus lanuginosus",1,"2023-05-16",-1.05,39.71,707,"gbif"
"2638",4853775786,"Convolvulus lanuginosus",1,"2023-05-16",-1.06,39.72,707,"gbif"
"2639",4853773428,"Convolvulus lanuginosus",1,"2023-05-16",-1.06,39.71,707,"gbif"
"2640",4853749580,"Convolvulus lanuginosus",1,"2023-05-16",-1.06,39.7,707,"gbif"
"2641",4853746600,"Convolvulus lanuginosus",1,"2023-05-16",-1.07,39.72,707,"gbif"
"2642",4853746598,"Convolvulus lanuginosus",1,"2023-05-16",-1.07,39.75,707,"gbif"
"2643",4853736801,"Convolvulus lanuginosus",1,"2023-05-16",-1.06,39.74,707,"gbif"
"2644",4853732749,"Convolvulus lanuginosus",1,"2023-05-16",-1.05,39.7,707,"gbif"
"2645",4853725376,"Convolvulus lanuginosus",1,"2023-05-16",-1.07,39.74,707,"gbif"
"2646",4853722640,"Convolvulus lanuginosus",1,"2023-05-16",-1.06,39.73,707,"gbif"
"2647",5109645859,"Convolvulus lanuginosus",1,"2023-05-25",3.049249,43.014121,89,"gbif"
"2648",4884564407,"Convolvulus lanuginosus",1,"2023-06-09",-2.698452,36.815563,25,"gbif"
"2649",4407149560,"Convolvulus lanuginosus",1,"2023-06-10",1.51424,41.567208,8,"gbif"
"2650",4458319985,"Convolvulus lanuginosus",1,"2023-06-23",-1.093789,37.946587,3,"gbif"
"2651",5007874457,"Convolvulus lanuginosus",1,"2024-04-05",-0.709834,38.510419,2,"gbif"
"2652",4863847018,"Convolvulus lanuginosus",1,"2024-04-22",-4.10273,36.914945,8,"gbif"
"2653",4910691173,"Convolvulus lanuginosus",1,"2024-05-10",0.293525,40.899349,2,"gbif"
"2654",5109990900,"Convolvulus lanuginosus",1,"2024-05-12",1.346755,41.47021,4,"gbif"
"2655",4952451952,"Convolvulus lanuginosus",1,"2024-05-26",-4.596899,36.640301,32,"gbif"
"2656",5110019685,"Convolvulus lanuginosus",1,"2024-06-09",-1.377699,38.729324,12,"gbif"
"2657",5188108416,"Convolvulus lanuginosus",1,"2024-06-12",1.9238,41.268406,243,"gbif"
"2658",5007988804,"Convolvulus lanuginosus",1,"2024-07-03",-0.589521,38.925373,761,"gbif"
"2659",5110297812,"Convolvulus lanuginosus",1,"2024-10-04",-1.748558,38.485954,11,"gbif"
"2660",5037220469,"Convolvulus lanuginosus",1,"2025-01-09",0.329403,42.015212,25,"gbif"
"2661",5063084778,"Convolvulus lanuginosus",1,"2025-01-17",0.854756,42.032548,86,"gbif"
"2662",5063410498,"Convolvulus lanuginosus",1,"2025-01-23",5.724988,43.222696,15,"gbif"
"2663",5134601704,"Convolvulus lanuginosus",1,"2025-04-08",0.295267,42.035063,129,"gbif"
"2664",5110516677,"Convolvulus lanuginosus",1,"2025-04-09",-0.803962,37.599167,2,"gbif"
"2665",5153530071,"Convolvulus lanuginosus",1,"2025-04-10",-4.357488,36.743778,14,"gbif"
"2666",5140913613,"Convolvulus lanuginosus",1,"2025-04-26",-3.959457,36.828532,94,"gbif"
"2667",5153374603,"Convolvulus lanuginosus",1,"2025-05-07",0.876712,41.867654,31,"gbif"
"2668",5168455074,"Convolvulus lanuginosus",1,"2025-05-18",1.58224,41.459577,687,"gbif"
"2669",5197443390,"Convolvulus lanuginosus",1,"2025-05-20",-2.382086,38.383179,5,"gbif"
"2670",5177314394,"Convolvulus lanuginosus",1,"2025-05-30",1.833928,41.588188,9,"gbif"
"2671",5198285925,"Convolvulus lanuginosus",1,"2025-06-09",3.029044,43.001377,5,"gbif"
"2672",263795288,"Convolvulus lanuginosus",1,"2006-04-12",-0.4136518577,38.5150175729,31,"inat"
"2673",144671219,"Convolvulus lanuginosus",1,"2016-05-15",1.7881914553,41.6067171304,611,"inat"
"2674",5854091,"Convolvulus lanuginosus",1,"2017-04-19",0.3532512436,40.7175225861,218,"inat"
"2675",101385593,"Convolvulus lanuginosus",1,"2018-05-06",0.6274447963,40.9006456007,10,"inat"
"2676",49001415,"Convolvulus lanuginosus",1,"2020-06-09",5.3019602732,43.2724409754,10,"inat"
"2677",74296202,"Convolvulus lanuginosus",1,"2021-04-17",-3.5551120189,36.841524213,4,"inat"
"2678",76726928,"Convolvulus lanuginosus",1,"2021-04-20",-2.2936524823,37.3706735707,36,"inat"
"2679",75161057,"Convolvulus lanuginosus",1,"2021-04-25",-0.5101981963,39.5268994593,4,"inat"
"2680",77241799,"Convolvulus lanuginosus",1,"2021-05-02",0.5796391144,41.2794114417,5,"inat"
"2681",81614588,"Convolvulus lanuginosus",1,"2021-06-03",1.651609072,41.60516161,2,"inat"
"2682",114676736,"Convolvulus lanuginosus",1,"2022-05-02",-0.501545,39.5473966667,6,"inat"
"2683",116716164,"Convolvulus lanuginosus",1,"2022-05-02",0.544738,40.63752,3,"inat"
"2684",153695412,"Convolvulus lanuginosus",1,"2023-04-06",0.3180866197,40.3461333333,61,"inat"
"2685",155477685,"Convolvulus lanuginosus",1,"2023-04-18",1.8419991533,41.5883825615,2,"inat"
"2686",224908339,"Convolvulus lanuginosus",1,"2023-04-20",1.9001502,41.4021125,187,"inat"
"2687",204948541,"Convolvulus lanuginosus",1,"2024-03-31",0.565296758,40.6342019213,61,"inat"
"2688",206641797,"Convolvulus lanuginosus",1,"2024-04-03",-0.5577968806,38.500748801,132,"inat"
"2689",206281917,"Convolvulus lanuginosus",1,"2024-04-09",1.8141371197,41.2552498787,4,"inat"
"2690",207134484,"Convolvulus lanuginosus",1,"2024-04-14",-4.52506033,36.61726049,6,"inat"
"2691",208442900,"Convolvulus lanuginosus",1,"2024-04-21",-0.6988770515,38.5157248244,888,"inat"
"2692",209238531,"Convolvulus lanuginosus",1,"2024-04-25",-4.4159389189,36.7514378668,9,"inat"
"2693",215742231,"Convolvulus lanuginosus",1,"2024-05-08",-2.9373750296,38.0851301951,2,"inat"
"2694",216068456,"Convolvulus lanuginosus",1,"2024-05-16",1.8080700561,41.690483723,6,"inat"
"2695",230266854,"Convolvulus lanuginosus",1,"2024-07-19",-1.6880676895,38.4751525912,330,"inat"
"2696",245595550,"Convolvulus lanuginosus",1,"2024-10-04",-1.7261175066,38.4727503312,322,"inat"
"2697",247103289,"Convolvulus lanuginosus",1,"2024-10-12",0.2599279,40.9099755,46,"inat"
"2698",258157961,"Convolvulus lanuginosus",1,"2025-01-08",5.7113266058,43.2279412864,31,"inat"
"2699",270138197,"Convolvulus lanuginosus",1,"2025-04-12",1.8195416667,41.2923466667,4,"inat"
"2700",270600738,"Convolvulus lanuginosus",1,"2025-04-12",-2.0054115728,36.8688390045,957,"inat"
"2701",270169454,"Convolvulus lanuginosus",1,"2025-04-13",-0.4734059824,38.7608802323,12,"inat"
"2702",292866895,"Convolvulus lanuginosus",1,"2025-04-13",-2.7544362103,36.8186219597,3,"inat"
"2703",271158795,"Convolvulus lanuginosus",1,"2025-04-18",1.2306238413,41.1413764954,822,"inat"
"2704",271231708,"Convolvulus lanuginosus",1,"2025-04-18",-0.8429083333,38.2844283333,10,"inat"
"2705",271598298,"Convolvulus lanuginosus",1,"2025-04-19",-4.704605,36.6176616667,14,"inat"
"2706",272633254,"Convolvulus lanuginosus",1,"2025-04-24",5.6285496112,43.1175201693,18,"inat"
"2707",272665662,"Convolvulus lanuginosus",1,"2025-04-24",1.8921961149,41.5736884827,790,"inat"
"2708",276668737,"Convolvulus lanuginosus",1,"2025-04-27",-4.3833213128,36.8056866194,14,"inat"
"2709",277987138,"Convolvulus lanuginosus",1,"2025-05-02",-0.5876532,38.4587961,515,"inat"
"2710",277976879,"Convolvulus lanuginosus",1,"2025-05-03",-0.28605,39.7118916667,6,"inat"
"2711",279010216,"Convolvulus lanuginosus",1,"2025-05-03",1.518201381,41.561506335,4,"inat"
"2712",279500269,"Convolvulus lanuginosus",1,"2025-05-08",-0.21005,38.583335,7,"inat"
"2713",279683352,"Convolvulus lanuginosus",1,"2025-05-09",-0.4691096395,39.7127740643,423,"inat"
"2714",279952069,"Convolvulus lanuginosus",1,"2025-05-10",1.5817726683,41.6574929841,12,"inat"
"2715",281437364,"Convolvulus lanuginosus",1,"2025-05-16",0.8222154975,41.8594665527,2,"inat"
"2716",283213303,"Convolvulus lanuginosus",1,"2025-05-17",1.84012,41.6025,13,"inat"
"2717",292100015,"Convolvulus lanuginosus",1,"2025-05-20",-2.2924716398,37.4869124885,13,"inat"
"2718",87,"Convolvulus lanuginosus",1,"2001-01-01",-0.74551,41.00446,100,"perso"
"2719",88,"Convolvulus lanuginosus",1,"2001-01-01",-0.60422,41.5213,100,"perso"
"2720",85,"Convolvulus lanuginosus",1,"2002-01-01",0.0577,40.75026,100,"perso"
"2721",86,"Convolvulus lanuginosus",1,"2002-01-01",0.11566,40.80667,100,"perso"
"2722",94,"Convolvulus lanuginosus",1,"2004-01-01",0.09351,42.19034,100,"perso"
"2723",61,"Convolvulus lanuginosus",1,"2006-06-21",-0.38789,39.68493,30,"perso"
"2724",65,"Convolvulus lanuginosus",1,"2006-07-06",-0.41016,39.70717,30,"perso"
"2725",62,"Convolvulus lanuginosus",1,"2006-07-20",-0.41168,39.69272,30,"perso"
"2726",69,"Convolvulus lanuginosus",1,"2006-09-07",-0.45438,39.71448,30,"perso"
"2727",14,"Convolvulus lanuginosus",1,"2008-06-19",-0.09122,38.54682,30,"perso"
"2728",21,"Convolvulus lanuginosus",1,"2008-06-28",-0.6175,38.71027,30,"perso"
"2729",93,"Convolvulus lanuginosus",1,"2009-01-01",0.58595,41.91449,100,"perso"
"2730",44,"Convolvulus lanuginosus",1,"2009-04-20",-0.60089,39.53363,30,"perso"
"2731",54,"Convolvulus lanuginosus",1,"2009-06-12",-0.60005,39.54971,30,"perso"
"2732",55,"Convolvulus lanuginosus",1,"2009-06-12",-0.60071,39.55033,30,"perso"
"2733",20,"Convolvulus lanuginosus",1,"2009-06-18",-0.57994,38.68409,30,"perso"
"2734",26,"Convolvulus lanuginosus",1,"2009-06-18",-0.54424,38.71938,30,"perso"
"2735",31,"Convolvulus lanuginosus",1,"2009-06-18",-0.54394,38.72839,30,"perso"
"2736",18,"Convolvulus lanuginosus",1,"2009-06-19",-0.53461,38.66512,30,"perso"
"2737",27,"Convolvulus lanuginosus",1,"2009-06-19",-0.55574,38.71962,30,"perso"
"2738",32,"Convolvulus lanuginosus",1,"2009-06-19",-0.55543,38.72863,30,"perso"
"2739",23,"Convolvulus lanuginosus",1,"2009-06-21",-0.50362,38.71363,30,"perso"
"2740",22,"Convolvulus lanuginosus",1,"2009-06-22",-0.55104,38.71095,30,"perso"
"2741",10,"Convolvulus lanuginosus",1,"2010-04-08",-0.81866,38.25592,30,"perso"
"2742",9,"Convolvulus lanuginosus",1,"2010-04-13",-0.99243,38.08805,30,"perso"
"2743",11,"Convolvulus lanuginosus",1,"2010-06-03",-0.91721,38.25813,30,"perso"
"2744",52,"Convolvulus lanuginosus",1,"2010-06-03",-0.51014,39.54746,30,"perso"
"2745",51,"Convolvulus lanuginosus",1,"2010-06-18",-1.45043,39.54414,30,"perso"
"2746",35,"Convolvulus lanuginosus",1,"2010-06-22",-0.25858,38.89678,30,"perso"
"2747",37,"Convolvulus lanuginosus",1,"2010-06-22",-0.2553,38.9033,30,"perso"
"2748",41,"Convolvulus lanuginosus",1,"2010-09-21",-0.53783,39.3605,30,"perso"
"2749",89,"Convolvulus lanuginosus",1,"2011-01-01",0.57543,41.87374,100,"perso"
"2750",90,"Convolvulus lanuginosus",1,"2011-01-01",0.57977,41.88644,100,"perso"
"2751",92,"Convolvulus lanuginosus",1,"2011-01-01",0.58449,41.88924,100,"perso"
"2752",70,"Convolvulus lanuginosus",1,"2011-04-12",0.20735,40.44716,30,"perso"
"2753",16,"Convolvulus lanuginosus",1,"2011-06-16",-0.68404,38.63763,30,"perso"
"2754",40,"Convolvulus lanuginosus",1,"2013-06-20",-0.81159,39.26339,30,"perso"
"2755",6,"Convolvulus lanuginosus",1,"2014-05-09",-4.35535,37.32868,1,"perso"
"2756",1,"Convolvulus lanuginosus",1,"2014-05-13",-2.59785,36.95591,1,"perso"
"2757",71,"Convolvulus lanuginosus",1,"2016-01-01",1.94458,41.36444,30,"perso"
"2758",73,"Convolvulus lanuginosus",1,"2016-04-14",0.914314,41.910433,30,"perso"
"2759",75,"Convolvulus lanuginosus",1,"2016-04-14",-3.617227,36.794605,100,"perso"
"2760",76,"Convolvulus lanuginosus",1,"2016-04-14",-3.611114,36.848061,100,"perso"
"2761",77,"Convolvulus lanuginosus",1,"2016-04-14",-2.921633,36.889033,100,"perso"
"2762",78,"Convolvulus lanuginosus",1,"2016-04-14",-2.904631,37.000956,100,"perso"
"2763",79,"Convolvulus lanuginosus",1,"2016-04-14",-2.823631,37.012544,100,"perso"
"2764",7,"Convolvulus lanuginosus",1,"2016-04-14",-4.877838,36.533983,30,"perso"
"2765",8,"Convolvulus lanuginosus",1,"2016-04-14",-3.409646,37.789092,30,"perso"
"2766",12,"Convolvulus lanuginosus",1,"2016-04-14",-1.17875,38.265854,30,"perso"
"2767",74,"Convolvulus lanuginosus",1,"2016-04-14",-3.834164,36.76305,100,"perso"
"2768",82,"Convolvulus lanuginosus",1,"2016-04-14",1.591022,41.435031,100,"perso"
"2769",83,"Convolvulus lanuginosus",1,"2016-04-14",1.620062,41.44394,100,"perso"
"2770",84,"Convolvulus lanuginosus",1,"2016-04-14",1.618488,41.453818,100,"perso"
